P1E Nummer;P89 Nummer;P89 Alternativ;Material Kurztext;Material Status;Disponent
1910512138;0000471034;;Sicherungsring 90x3 DIN471;GE;SP1
1910564059;0000625342;;Rillenkugellager 6211-2ZR;AE;SP6
1910367633;0000912134;P1E=EU Löschvermerk;Zylinderschraube M16x65 8.8 vz;EU;SP5
8000694924;0000912168;;Zylinderschraube M3x12 8.8 vz;GE;SP1
1910367635;0000912172;;Zylinderschraube M4x12 8.8 verzinkt;GE;SP2
1910367636;0000912188;P1E=EU Löschvermerk;Zylinderschraube M4x10 8.8 vz;EU;SP5
8000694948;0000912200;;Zylinderschraube M4x8 8.8 vz DIN912;GE;SP2
1910367637;0000914005;;Gewindestift M5x16 45H St vz;GE;SP1
8001363246;0000988008;;Passscheibe 20x28x1;EU;SP5
8000690848;0006885030;;Passfeder A8x7x50 DIN6885;GE;SP2
1910367638;0007985026;;Kombischraube M3x8 Z4-1 4.8 vz;GE;SP2
8001413541;0007985030;;Kombischraube M4x8 Z3 St vz;GE;SP1
1910512161;0098103610;;Achshalter 30x8x13;GE;SP1
1910512162;0098104610;;Achshalter 40x10x13;GE;SP1
1910512163;0098105610;;Achshalter 50x12x180x140x17;GE;SP1
1910367643;0098106610;;Achshalter 60x5x18;EU;SP5
1910364342;0098150710;;Schlitzbeilage 0,15;GE;SP2
1910209124;0098152710;;Schlitzbeilage 50x50 D1mm;AE;SP6
1910367652;0098158710;;Schlitzbeilage 1 100x50mm 1mm stark;GE;SP1
1910209125;0098165710;;Schlitzbeilage 11mm stark;AE;SP6
1910367654;0098166710;;Schlitzbeilage 2;AE;SP6
1910367655;0098201100;;Türfeststeller 10/22x13;EU;SP5
1910367656;0098202160;;Schwingmetallpuffer 50Dx30 M10;GE;SP1
1910367657;0098202200;;Puffer D50xd17x52;GE;SP1
1910207096;0098203160;;Schwingmetallpuffer M8 D30x20x70;GE;SP1
1910367661;0098203200;;Elastomerfeder 13,5/32x50;GE;SP1
1910363733;0098204170;;Puffer 30x20xM8 für Getriebemotor;GE;SP1
1910367663;0098205160;;Schwingmetallpuffer 15x7 M4;GE;SP1
1910207097;0098205170;;Puffer 30x20xM6;GE;SP1
1910207098;0098207170;;Metall Gummipuffer D15x15xM4;GE;SP1
1910365918;0098207600;;Sterngriff 58,8xD50;GE;SP2
1910367667;0098208100;;Stossdaempfer;GE;SP2
1910564060;0098209100;;Dictator Z 1009;GE;SP1
1910207099;0098209160;;Puffer 15x30xM4;AE;SP6
1910367669;0098209170;;Gummipuffer 25x20;GE;SP1
1910365952;0098210160;;Puffer 25x20xM6;GE;SP1
1910367672;0098210200;;Gummipuffer 60/100x50;EU;SP5
1910207101;0098210600;;Drehriegel mit Schliesszylinder;GE;SP1
1910367679;0098211100;;Daempfer;GE;SP1
1910363780;0098211160;;Puffer 30x20xM8 mitGewindstange;GE;SP1
1910367684;0098211200;;Elastomerfeder 17/50x50;GE;SP1
1910367685;0098211600;;Scharnier 165G Deckplatte;GE;SP2
1910367686;0098212160;0098212160_L;Puffer 15x20xM4;GE;SP1
1910367687;0098212200;;Gummipuffer 85x32;GE;SP1
1910207102;0098218200;;Elastomerfeder 17/40x50;GE;SP1
1910207103;0098219200;;Elastomerfeder 17/40x63;GE;SP1
1910207104;0098229200;;Elastomerfeder 21/50x50;GE;SP1
1910367691;0098230200;;Elastomerfeder 21/50x63;GE;SP1
1910564061;0098401480;;S Haken L23 St verzinkt;AE;SP6
1910207105;0098403020;;Buchse mit Bund D12xd10x6;GE;SP1
1910209126;0098403280;;Seilklemme 3-3,5;GE;SP1
1910367621;0098403490;;Knotenkette K16x2,5;GE;SP2
1910367694;0098404020;;Buchse D17xd15x6 mit Bund;GE;SP1
1910367697;0098409010;;Buchse D 20.2H/25R6x20;GE;SP1
1910367698;0098410010;;Buchse D 20.2H7/25R6x24;GE;SP1
8001332217;0098411020;;Bundbuchse 25x28x21,5-DU;EU;SP5
1910207106;0098411200;;ZB Seilschloss Gr.6,5;GE;SP1
1910367700;0098413020;;Buchse BB 2522 DU mit Bund D28xd25x21,5;GE;SP1
1910367622;0098419010;;Buchse MB 4530 DU;AE;SP6
8001363342;0098421010;;Buchse MB 2520 DU;GE;SP1
1910367712;0098422010;;Buchse MB 3020 DU;GE;SP1
1910564062;0098425010;;Buchse MB 1612 DU;AE;SP6
1910367714;0098501920;;Federsplint 12x2;GE;SP1
1910367716;0098502100;;Hakenkopfschraube HS M12x40 GV-S 4.6 MU;EU;SP5
1910367717;0098503080;;Friesleistenschraube AM5x15 St;AE;SP6
1910367718;0098503100;;Hakenkopfschraube M16x40 MU 4.6 vz;EU;SP5
1910367719;0098503920;;Federsplint 20x3;GE;SP1
1910367720;0098505080;;Friesleistenschraube M5x10 St;GE;SP2
1910367721;0098506080;;Friesleistenschraube M5x20 St;AE;SP6
1910367722;0098512100;;Hakenkopfschraube M16x50 MU 4.6 vz;EU;SP5
1910367723;0098512600;;Scheibe 5,3x20x2 vz;AE;SP6
8001332347;0098520600;;Scheibe A 8,5/40x3,5;GE;SP2
1910207107;0098535600;;Scheibe B 10,2/20x1;AE;SP6
1910367729;0098537600;;Scheibe 17,5/30x0,5;EU;SP5
1910367730;0098541600;;Scheibe B 10,5/50x5 St37-2 vz;GE;SP2
8001292876;0098543600;;Scheibe 11/23x6 Cr63 schwarz;GE;SP1
8000921100;0098544600;;Scheibe 15,8/25x5 Cr63 schwarz;GE;SP1
1910564063;0098575600;;Scheibe 17/50x8 vz;AE;SP6
8001414680;0098577600;;Scheibe d52/D68x4 PVC-U;GE;SP1
8001414681;0098578600;;Scheibe d62/D80x4 PVC-U;GE;SP2
8001414682;0098580600;;Scheibe d82/D100x4 PVC-U;GE;SP1
8001332218;0098581600;;Scheibe 19,5/32x6 Neopr. Cr65 schwarz;GE;SP1
1910367731;0098601410;;Absperrventil AR 1/2;EU;SP5
1910367734;0098601500;;Faltenbalg V6-272 fuer ZB Daempfer;GE;SP2
1910207108;0098602350;;Presse 500 A C1;GE;SP1
1910367738;0098602420;;Manometer R100-1;GE;SP2
1910207109;0098602500;;Faltenbalg Nr.604839;GE;SP1
1910367740;0098604480;;Kupplung MK2001 7/10;EU;SP5
1910367741;0098605480;;Kupplungselement W191 SA14;GE;SP1
8000920989;0098606400;;Oelstandsauge G 3/4Zoll;GE;SP1
1910367754;0098606450;;Spritzring 45;EU;SP5
8001292877;0098606480;;Kupplungselement W263B TW160 SA14;GE;SP1
8000920990;0098607400;;Flachdichtung R 3/4Zoll;GE;SP1
8000920988;0098608400;;Filter Be-und Entlueftung;GE;SP1
1910367759;0098610480;;Kupplungselement W149B;GE;SP2
1910367760;0098612480;;Kupplung MK2001 7/7;EU;SP5
1910564064;0098613480;;Kupplung MK2001 7/11;GE;SP1
1910207110;0098619110;;Scheibe 10,5/21x2,5 Gummi;GE;SP1
1910207111;0098620410;;Vorsteuerventil GZ3-1 (42V);EU;SP5
1910367765;0098622410;;Vorsteuerventil GZ3-1U 185V;EU;SP5
1910207112;0098801400;;Zugfeder 520x12,5x2,5/188;GE;SP1
1910367769;0098803120;;Druckfeder 90x21,5x1,5/11,5;EU;SP5
1910207113;0098803130;;Druckfeder 120x32x6,5/13,5;GE;SP1
1910207114;0098803400;;Zugfeder 39,8x6x0,85/37;GE;SP1
1910207115;0098804800;;Federteller verzinkt farbbehandelt;AE;SP6
1910367773;0098805140;;Druckfeder 160x51x12/11;GE;SP1
1910367775;0098806130;;Druckfeder 40x30,3x1,8/6,5;EU;SP5
1910207116;0098807120;;Druckfeder 70x21,5x2,8/11,5;GE;SP1
1910367777;0098808120;;Druckfeder 92x23,2x2,3/16;AE;SP6
1910207117;0098809130;;Druckfeder 125x38,3x6,3/11,5;EU;SP5
1910207118;0098809400;;Zugfeder 380x21,5x1,5/232;GE;SP1
1910367785;0098810130;;Druckfeder 105x35x7/11,5;EU;SP5
1910367786;0098810500;;Clipsfeder 16x9,6x6,7;GE;SP1
1910207119;0098812500;;Schenkelfeder;GE;SP1
1910367789;0098813500;;Drehfeder 4,8x10,3x0,8/4;GE;SP1
1910367794;0098814800;;Federteller 15x6x22;AE;SP6
1910356732;0098815400;;Zugfeder M2T S2 TB800;GE;SP1
1910367796;0098815800;;Federteller 18x10x32;GE;SP2
1910367798;0098816110;;Druckfeder 70x19,5x1,5/10,5;GE;SP1
1910362836;0098816800;;Federteller A 24mm;AE;SP6
1910367801;0098817140;;Druckfeder 100x69x5/5,5;EU;SP5
8001346165;0098817800;;Federteller A;GE;SP2
1910367802;0098818130;;Druckfeder 38x32,5x1,5/7,5;GE;SP1
1910207121;0098818400;;Zugfeder 105x15x1,4/63;GE;SP1
8000921102;0098819130;;Druckfeder 75x38,3x6,3/7,5;GE;SP2
8001292878;0098819800;;Federteller TW160 35x14x55;GE;SP2
8001292879;0098820800;;Federteller TW160 35x11x55;GE;SP2
1910207122;0098821140;;Druckfeder 139x5,85x2,5/7;EU;SP5
1910367805;0098821500;;Blattfeder fuer NC-Plattform;GE;SP2
1910207123;0098824400;;Zugfeder 350x24x3,2/100;GE;SP1
1910367807;0098825140;;Druckfeder 160x55x10/12,5;GE;SP1
1910367809;0098825400;;Zugfeder 88x21,2x3,2/19;GE;SP1
1910367814;0098827400;;Zugfeder 105x16x1,4/32;GE;SP1
1910207124;0098829120;;Druckfeder 52x26,5x4,5/8,5;GE;SP1
1910367820;0098831110;;Druckfeder 198x11,7x1,6/62;AE;SP6
1910207125;0098832110;;Druckfeder 100x11,9x0,9/22;AE;SP6
1910207126;0098832120;;Druckfeder 84x26x5/12,5;GE;SP1
1910367828;0098833110;;Druckfeder 30x12x1,25/8,8;GE;SP1
1910367829;0098833120;;Druckfeder 70x25x4/10;GE;SP2
8000921103;0098833800;;Federteller TW63B 24,5x11x40;GE;SP2
1910207127;0098834400;;Zugfeder 447x22x2/208;GE;SP1
8000921104;0098834800;;Federteller TW63B 17,5x24,5x40;GE;SP2
1910207128;0098835120;;Druckfeder 93x22,5x2,5/13,5;AE;SP6
1910207129;0098835400;;Zugfeder 647x22x2/308;GE;SP1
1910367837;0098836140;;Druckfeder 105x118x18/4;GE;SP1
1910207130;0098836400;;Zugfeder 510x16x1,8/270 schwarz;GE;SP1
1910367839;0098837140;;Druckfeder 105x120x20/4;GE;SP2
1910207131;0098837400;;Zugfeder 660x16x1,8/354 red;GE;SP1
1910207132;0098838400;;Zugfeder 790x16x1,8/426 grün;GE;SP1
1910367845;0098839110;;Druckfeder 52x12,1x1,1/13;GE;SP2
1910207133;0098839400;;Zugfeder 800x11,3x1,3/603 blau;GE;SP1
1910362837;0098840800;;Federteller A 54mm;AE;SP6
1910207134;0098841400;;Zugfeder 1250x11,3x1,3/949 gelb;GE;SP1
1910207135;0098842110;;Druckfeder 26x11,6x1,6/9;GE;SP1
1910367850;0098842400;;Zugfeder 32,6x10,8x0,8/-;GE;SP1
8001292880;0098844140;;Druckfeder 105x54x9/8,5;GE;SP1
1910207136;0098847100;;Druckfeder 80x7,75x0,75/37;GE;SP1
1910367855;0098850800;;Federteller 48x11x5;GE;SP1
1910367856;0098852140;;Druckfeder 50x56x8/2,5;GE;SP1
1910564065;0098852800;;Federteller 56x13x5;GE;SP1
1910367857;0098853140;;Druckfeder 64x56,3x6,3/3,5;GE;SP2
1910367858;0098853800;;Federteller 56x17x5;GE;SP1
1910207137;0098854100;;Zugfeder 22x6x0,55/25;GE;SP1
1910367863;0098859110;;Druckfeder 10x10,3x0,6/3,8;GE;SP1
1910367864;0098863110;;Druckfeder 74,3x11,5x0,5/-;GE;SP1
1910209222;0098904010;;Laufrolle A30x14,5x14;GE;SP1
8001363252;0098906990;;Wagenheber hydraulisch 20 to;GE;SP1
1910367866;0098917010;;Rolle D22/EBB;AE;SP6
1910207138;0098919010;;Rolle D50 ,Breite15;GE;SP1
1910367870;0099008030;;Drehgeber 1x500 IMP.;GE;SP1
1910367873;0099009030;;Steckverbinder rund Abgew. 7-polig M16;GE;SP1
1910367874;0099010030;;Drehgeber 2x1000 IMP.;GE;SP2
1910367876;0099016030;;Drehgeber 2x1024 Imp.HTL Aderendhuelsen;GE;SP1
8000920997;0099017030;;Drehmomentstuetze fuer Drehgeber 36x25;GE;SP2
1910207141;0099101050;;Zylinderschloss Schliessweg A-B;AE;SP6
1910367879;0099105070;;LED Anzeige SAZ/NSK35;EU;SP5
1910367880;0099106070;;LED Anzeige NSK35;AE;SP6
1910207142;0099109130;;Betaetigungsvorsatzschloss A;EU;SP5
1910207143;0099111010;;Hupe 24VOLT Typ HU;GE;SP2
1910367884;0099116130;;Betaetigungsvorsatzschlagschalter;EU;SP5
1910207144;0099127030;;Anschlussdose TAE 3x6 NFN Ap;GE;SP2
1910207145;0099131030;;Sprechstelle MT934-O S;GE;SP1
1910367888;0099132030;;Sprechstelle MT932-0 S;GE;SP2
1910207146;0099133030;;Halterung MH932-0S;GE;SP1
1910367890;0099134030;;Sprechstelle ZS932-OS;GE;SP1
1910207147;0099135030;;Sprechstelle ZS932-3S;GE;SP1
1910207148;0099136030;;Anbaumodul MFM932-5S;GE;SP1
1910207149;0099138030;;Lautsprecher d:8cm 4Ohm;GE;SP1
1910367896;0099199050;;Schlüssel NR.3534;GE;SP1
1910207150;0099201040;;Druckwellenkontakt DW3;GE;SP1
1910367623;0099201130;;Schaltansatz;GE;SP2
1910207151;0099202040;;Druckwellenkontakt DW3 m Bügel;GE;SP1
1910367900;0099202080;;Schalter C14 A 221 PN;EU;SP5
1910207152;0099202130;;Meldeleuchtenansatz;EU;SP5
1910367903;0099202210;;Endtaster Ex;GE;SP2
1910207153;0099202600;;Initiator;GE;SP1
1910367905;0099204070;;Mikroschalter BZ-2RS-A2;GE;SP1
1910207154;0099204250;;Magnetschalter GMS16-ZS;GE;SP1
1910207155;0099204600;;Naeherungsschalter 5-25V DC 1,5kHz;GE;SP1
1910367908;0099205080;;Schalter CA 10 A 211-601E;GE;SP2
1910207156;0099205170;;ZB Inspektionskasten;GE;SP1
1910207157;0099206070;;Mikroschalter 6A-250V;GE;SP1
1910367913;0099206250;;Dauermagnet D30/d4,5;AE;SP6
1910367917;0099206600;;Naeherungsschalter induktiv;GE;SP1
1910363297;0099207170;;Inspektionskasten TCI Steuerung;GE;SP1
1910207158;0099207600;;Naeherungsschalter;GE;SP1
1910209000;0099208120;0099208120_L;Drehgeber Hohlwelle 2x2048 EnDat ECN113;GE;SP1
1910367920;0099208170;;Rueckholsteuerungskasten;AE;SP6
1910367924;0099208250;;Magnet Oxid 380;GE;SP1
1910207160;0099209070;;Mikroschalter mit Schraubanschluss;AE;SP6
1910365951;0099209600;;Netzgeraet Power-Rail KFD2-EB2;GE;SP1
1910207161;0099210040;;Druckschalter 1W 4A/250V R1/4;GE;SP1
1910365950;0099210050;;Lasttrennschalter für Tragschiene 1P;GE;SP1
1910207162;0099210190;;Tastschalter 16A 250V AC 1S 1OE;GE;SP1
1910367942;0099211040;;Geraetesteckdose Typ6050/9 und 6050/10;GE;SP1
1910367944;0099212050;;Kippschalter Umschalter 2pol 4A 250V;GE;SP1
1910207163;0099213050;;Grenztaster Typ ZS-231-01yr;GE;SP1
1910207164;0099213080;;Kleinschalter 50/42 II ZA;EU;SP5
1910207165;0099214190;;Taster Elektronik ET28I;GE;SP1
1910367949;0099215070;;Mikroschalter M2,5x25;GE;SP1
8001292881;0099216070;;Taster Bremskontrolle 24VDC 200mA IP65;GE;SP1
1910207167;0099216220;;Sicherheitsschalter 1S 1OE m.Rh. var.;GE;SP1
1910367952;0099219220;;Tastschalter 2O;GE;SP1
1910207169;0099220220;;Tastschalter 1Oe 1S;GE;SP1
1910367958;0099221190;;Taster IP44;GE;SP2
1910207170;0099221220;;Tastschalter Ex mit Rollenhebel;GE;SP1
1910207171;0099222220;;Tastschalter Ex Kuppenst.;GE;SP1
1910367964;0099223190;;Schlüsselschalter 4S;GE;SP1
8001363343;0099223220;;Sicherheitsschalter m.Bügelbetät. IP54;GE;SP1
1910207173;0099224190;;Kurzhubtaster MT28MI;GE;SP1
1910207174;0099225190;;Kappe MT28MI V2A;GE;SP1
1910207175;0099226190;;Kurzhubtaster Alarm MT28;GE;SP1
1910367971;0099231190;;Kurzhubtaster Alarm MT42;GE;SP1
1910207176;0099232190;;Kurzhubtaster MT42 Th;GE;SP1
1910362694;0099233190;;Tastplatte neutral MT42;GE;SP1
1910367977;0099234080;;Nockenschalter;GE;SP2
1910367978;0099235190;;Taster 250V 0,7A mit Steckanschluss;GE;SP2
1910207177;0099239080;;Rueckholschalter;GE;SP1
1910367985;0099242080;;Rastschalter 500V AC 10A für Inspektion;GE;SP2
1910207178;0099245080;;Hauptschalter;GE;SP1
1910207179;0099251080;;Inspektionsschalter Nockenschalter NNFib;GE;SP1
1910207180;0099256080;;Stromstossschalter 2S Sp.230/240VAC;GE;SP1
1910207181;0099257080;;Sicherheitsschalter 1S 1OE Z4K 236-11r;GE;SP1
1910207182;0099263080;;Rastschalter 2S;GE;SP1
1910207183;0099264080;;Rastschalter 3S 1OE;GE;SP1
1910207184;0099265080;;Rastschalter 2S 3OE;GE;SP1
1910207185;0099267080;;Rastschalter 500V AC 10A;GE;SP1
1910367995;0099268080;;Rastschalter ohne Unterteil 500V AC 10A;GE;SP1
1910207186;0099271080;;Rastschalter 690V AC 10A;GE;SP1
1910367997;0099272080;;Rastschalter Schlüsselumschalter;GE;SP1
1910207187;0099274080;;Rastschalter 3S 3OE;GE;SP1
1910365949;0099276080;;Stromstoßschalter 24 Volt 2 Schliesser;GE;SP1
1910207188;0099291190;;Tastplatte fuer ET28;GE;SP1
1910207189;0099292190;;Haltefeder fuer ET28;GE;SP1
1910207190;0099298070;;Federhebel;AE;SP6
1910368004;0099299070;;Anschlussabdeckkappe;GE;SP1
1910209129;0099301010;;"Schlüssel Schließung:6337.381 XN1""A""";GE;SP1
1910367625;0099301222;;BK Heizung;AE;SP6
1910207191;0099301520;;Druckknopftaster 1001 S1 A;GE;SP1
1910207192;0099301590;;Starter fuer Leuchtstoffl. 4-22W ST151;GE;SP1
1910368010;0099301620;;Lampe 24V 2W F9;AE;SP6
1910207193;0099302590;;Starter fuer Leuchtstoffl. 4-66W ST111;GE;SP1
1910207194;0099303080;;Trafo 1Ph Eten 650;GE;SP2
1910207195;0099304010;;Schlüssel BKS;AE;SP6
1910207196;0099305010;;Schlüssel Stahl;GE;SP1
1910368016;0099305520;;Drucktaster 1101 S1 R A;EU;SP5
1910207197;0099306010;;Zeiss Ikon Schlüssel YN1 C;GE;SP1
1910207199;0099307840;;Gleichrichter VPRM 800V, 17A;GE;SP1
1910209001;0099308580;0099308580_L;Leuchtstofflampe 36W D26 1200mm -840;EU;SP5
1910207200;0099308840;;Drehstromgleichrichter;GE;SP1
1910207201;0099309010;;Schlüssel für STUV-Schloss;GE;SP1
1910207202;0099310020;;Profilhalbzylinder Schliessung C;GE;SP1
1910368023;0099310660;;Ueberstromautomat L10;EU;SP5
1910368024;0099311020;;Schliesszylinder BKS;AE;SP6
1910207203;0099312020;;Halbzylinder für Schlüsselschalter;GE;SP1
1910207204;0099312660;;Ueberstromautomat G 2;GE;SP1
1910368027;0099313020;;Halbzylinder SL42C;GE;SP1
1910367624;0099314660;;Ueberstromautomat G 5;EU;SP5
1910368030;0099315200;;Bremswiderstand 14R 4kW/8kW 100%/40% 498;GE;SP2
1910368031;0099315660;;Ueberstromautomat G 8;GE;SP2
1910207205;0099315690;;Wannenleuchte 1x40W U-Form IP50;AE;SP6
1910368033;0099316200;;Bremswiderstand 14R 6,5kW/9,5kW 100%/40%;GE;SP2
1910368034;0099317200;;Bremswiderstand 14R 10kW/13kW 100%/40%;GE;SP2
1910368035;0099318200;;Bremswiderstand 7R 6,5kW/9,5kW 100%/40%;GE;SP2
1910368036;0099318660;;Ueberstromautomat L16;EU;SP5
1910564066;0099319020;;Halbzylinder 5532 48959A;GE;SP1
1910207207;0099319660;;Leitungsschutzschalter 2A 1pol C;GE;SP1
1910368039;0099319690;;Wannenleuchte 1x40W IP50;EU;SP5
1910368040;0099320200;;Bremswiderstand 7R 16kW/20kW 100%/40%;GE;SP2
1910207208;0099321580;;Leuchtstoffroehre 22W/D21,6;AE;SP6
1910207209;0099321850;;Varistor 50V 0,6W;GE;SP1
1910365948;0099322600;;Signalleuchte gruen 24V;GE;SP2
1910207210;0099322620;;Soffittenlampe 6V 5W;EU;SP5
1910207212;0099323200;;Bremswiderstand 14R 4kW/8kW 100%/40%;GE;SP1
1910365947;0099323850;;Diode 1N4004 1A THT;GE;SP2
1910207214;0099324200;;Bremswiderstand 7R 6,5kW/13kW 100%/40%;GE;SP1
1910207215;0099324660;;Leitungsschutzschalter 10A 1pol B;GE;SP1
1910207216;0099325600;;Signalleuchte farblos 24V1,2W;GE;SP1
1910207217;0099325690;;Wannenleuchte 2x18W IP65;GE;SP1
1910564067;0099326200;;Bremswiderstand 22R 1,9kW/4,1kW 100/40%;AE;SP6
1910207219;0099326600;;Anzeige LED 12V Rastgehäuse Bohrd.10mm;GE;SP1
1910207220;0099327200;;Bremswiderstand 22R 1,2kW/2,6kW 100/40%;GE;SP1
1910368052;0099327600;;Anzeigeleuchte 220V;GE;SP1
1910207221;0099327660;;Leitungsschutzschalter 4A 1pol C;GE;SP1
1910368054;0099328200;;Bremswiderstand 22R 0,65/1,4kW 100/40%;GE;SP1
1910365946;0099328660;;Leitungsschutzschalter 16A 3pol B;GE;SP2
1910368061;0099329200;;Bremswiderstand 22R 4,0kW/8,5kW 100/40%;GE;SP1
1910207224;0099329620;;Gluehlampe 24V Soffitte;GE;SP1
1910207225;0099329660;;Leitungsschutzschalter 6A 3pol B;GE;SP1
1910365945;0099331660;;Leitungsschutzschalter 10A 3pol B;GE;SP2
1910368065;0099332660;;Leitungsschutzschalter 1A 1pol C;GE;SP2
1910207226;0099333660;;Leitungsschutzschalter 6A 1pol B;GE;SP1
1910207227;0099334100;;Drossel Kommutierung 50A 3x0,29mH;GE;SP1
1910207228;0099334660;;Leitungsschutzschalter 16A 1pol B;GE;SP1
1910207229;0099336690;;Notleuchte 12V 8W;GE;SP1
1910368071;0099339620;;Schraublampe rund 24V 20W;AE;SP6
1910365944;0099340660;;FI Schutzschalter 63A;GE;SP2
1910365943;0099341660;;Leitungsschutzschalter 6A 2pol B;GE;SP1
1910365942;0099342660;;Leitungsschutzschalter 10A 2pol B;GE;SP1
1910368075;0099343660;;Leitungsschutzschalter 2A 2pol C;GE;SP2
1910365961;0099344660;;Leitungsschutzschalter 3A 3pol C;GE;SP1
1910368084;0099346620;;Gluehlampe 6V E14;EU;SP5
1910368088;0099347370;;Klemmenleiste 3pol;GE;SP2
1910365941;0099347660;;Leitungsschutzschalter 6A 1pol C;GE;SP1
1910365940;0099348660;;Leitungsschutzschalter 1,6A 1pol Z;GE;SP1
1910368093;0099349660;;Leitungsschutzschalter 4A 1pol+N C;EU;SP5
1910368094;0099350660;;Leitungsschutzschalter  C60N   B10;GE;SP1
1910207230;0099354590;;Vorschaltgeraet LXOL 40W 120mm LG;GE;SP1
1910207231;0099354620;;Gluehlampe 6V E10;EU;SP5
1910207232;0099355620;;Gluehlampe 24V Bajonett;GE;SP1
1910368098;0099356370;;Klemmenleiste 300/12pol;GE;SP2
1910207233;0099356620;;Gluehlampe 24V 3W;GE;SP1
1910209130;0099357100;;Netzfilter 3x30A 480V AC;AE;SP6
1910207234;0099359100;;Netzfilter 3x36A 480VAC;EU;SP5
1910207235;0099360100;;Netzfilter 3x50A 480V AC;GE;SP1
1910365938;0099370440;;Feste Bruecke FBI 10-6;GE;SP2
1910564068;0099377620;;Glimmlampe 220V E14 ERG;GE;SP1
1910207236;0099380010;;Vorrechtschlüssel;GE;SP1
1910207237;0099397010;;Glasscheibe fuer Schl. Kasten;GE;SP1
1910368109;0099399010;;Schlüsselkasten;EU;SP5
1910207238;0099501750;;Ventilator Typ1550;GE;SP1
1910363464;0099501800;;Magnet 40V Vierkant-Hubmagnet;GE;SP1
1910368112;0099502210;;Relais BV2102 rund;EU;SP5
1910207239;0099503820;;Magnetschalter Gmom16-AS;GE;SP1
1910207240;0099504750;;Ventilator KA L160D;EU;SP5
1910368116;0099505330;;Schalter mit Rollenschwenkhebel Form 1H;GE;SP2
1910207241;0099505750;;Ventilator L160 D;GE;SP1
1910207242;0099505820;;Magnetschalter Gmum16;GE;SP1
1910367630;0099506700;;Betriebsstundenzaehler;EU;SP5
1910368118;0099506750;;Haube fuer Typ L 160D;GE;SP1
1910368119;0099506820;;Dauermagnet M2 blau;GE;SP1
1910368120;0099507820;;Dauermagnet M2 rot;GE;SP1
1910368121;0099508010;;Schneidankerrelais J56 Max. 220V;EU;SP5
1910207243;0099508820;;Magnetschalter KRS9;GE;SP1
1910365937;0099510700;;Betriebsstundenzaehler mit Rueckstellung;AE;SP6
1910207244;0099511700;;Impulszaehler ohne Rueckstellung;GE;SP1
1910365936;0099512700;;Impulszaehler mit Rueckstellung;GE;SP2
1910368126;0099515800;;Magnet 180V 49131-06 D 04;GE;SP1
1910207245;0099522300;;Motorschutzschalter GV2-MEO4 0,4-0,63A;GE;SP1
1910207246;0099523300;;Motorschutzschalter GV2-ME05 0,63-1A;GE;SP1
1910368135;0099524290;;Relais BV2924 rund;EU;SP5
1910207247;0099526300;;Motorschutzschalter GV2-ME07 1,6-2,5A;GE;SP1
1910363467;0099526800;;Magnet 40V für Kastenblech;GE;SP1
1910365935;0099527300;;Motorschutzschalter GV2-ME08 2,5-4A;GE;SP1
1910207248;0099527800;;Magnet 180V GE65E/16;GE;SP1
1910365934;0099529300;;Motorschutzschalter GV2-ME10 4-6,3A;GE;SP1
1910368143;0099529800;;Magnet 24V;GE;SP1
1910365933;0099530300;;Motorschutzschalter GV2-ME14 6-10A;GE;SP1
1910356629;0099530800;;Magnet 12V für Zusatzverriegleung;GE;SP1
1910368150;0099531090;;Relais BV931 rund;EU;SP5
1910365932;0099531300;;Motorschutzschalter GV2-ME16 9-14A;GE;SP2
1910368152;0099536800;;Magnetspule 24V;GE;SP2
1910368153;0099538800;;Magnetspule 185V;GE;SP2
1910368154;0099543300;;Motorschutzschalter GV2-L10 6,3A;GE;SP1
1910368155;0099544300;;Leistungsschalter f.Motorschutz 14-20A;GE;SP2
1910368157;0099547300;;Leistungsschalter f. Motorschutz 28-40A;GE;SP1
1910207249;0099548800;;Magnet 40V IP54;EU;SP5
1910368159;0099549800;;Magnet 180V IP54;GE;SP2
1910363459;0099550800;;Magnet 12V für Begrenzer;GE;SP2
1910368164;0099555800;;Hubmagnet 24V;GE;SP1
1910207250;0099603010;;"""Ventilator 160D220 V, 0,14 A";GE;SP1
1910207251;0099604010;;Ventilator mit Schutzleiter 160S;GE;SP1
1910207252;0099605010;;Ventilator L160S saugend mit Blechabdeck;GE;SP1
1910368179;0099605030;;Leuchte 765/25;GE;SP1
1910209002;0099605050;0099605050_L;Akku LL 2,2-12S 12V/2,2Ah;GE;SP1
1910367631;0099609010;;Ventilator SK 3153 1S;GE;SP1
1910207253;0099611030;;HA Einbaustrahler;AE;SP6
1910207254;0099612010;;Luefter W2E 143-AA09-01;GE;SP1
1910368182;0099612030;;HA Deko Glas;EU;SP5
1910207255;0099613030;;Plexiglasblende Rondo;GE;SP1
1910207256;0099614030;;Lochblendenschirm Rondo hellweiss 24W;EU;SP5
1910368185;0099617010;;Fremdbelueftung mit Flansch 1000mm Kabel;GE;SP1
1910207257;0099619010;;Ventilator f.Fahrkorb u.Schaltschrankent;GE;SP1
1910368187;0099621010;;Schutzgitter fuer Ventilator;GE;SP1
1910368188;0099701020;;Klemmenleiste BK 3KRG;GE;SP2
1910207258;0099705030;;Gehäuse CI 43E-200;EU;SP5
1910365931;0099708110;;Federleiste pol. Durchg. AWG18;GE;SP1
1910207259;0099709110;;Federleiste 2pol Durchgang AWG20;GE;SP1
1910207260;0099710110;;Federleiste 3pol Durchgang AWG20;GE;SP1
1910365930;0099711110;;Federleiste 4pol Durchgang AWG20;GE;SP1
1910207261;0099712110;;Federleiste 6pol Durchgang AWG20;AE;SP6
1910207262;0099713010;;Stecker 6pol 16A 400V SCH;EU;SP5
1910207263;0099713110;;Federleiste 8pol  AWG20 RM 3,96;GE;SP1
1910207264;0099714010;;Stecker 24pol 16A 400V SCH;EU;SP5
1910368201;0099714030;;Abzweigdose;GE;SP1
1910207265;0099714110;;Federleiste 12pol Durchgang AWG20;GE;SP1
1910368203;0099718030;;Verteilerkasten 200x90x50 Gr2/50-520-010;GE;SP2
1910207266;0099723110;;Federleiste 16pol Flachkabel;GE;SP1
1910207267;0099724110;;Kappe 2pol/R 3.96;GE;SP1
1910365929;0099725110;;Kappe 3pol/R 3.96;GE;SP1
1910365928;0099726110;;Kappe 4pol/R 3.96;GE;SP1
1910368208;0099727110;;Kappe 6pol/R 3.96;GE;SP1
1910207268;0099728110;;Kappe 8pol/R 3.96;GE;SP1
1910363298;0099729030;;Klemmenkasten IP54 Gehänge;EU;SP5
1910365927;0099729110;;Kappe 12pol/R 3.96;GE;SP2
1910363299;0099730030;;Klemmenkasten IP54 inkl. Kelmschine 16 K;GE;SP2
1910365926;0099732110;;Steckergehäuse 15pol;GE;SP1
1910207269;0099735030;;Kunstoffgehäuse;EU;SP5
1910207270;0099738010;;Federleiste 32p Wickelstift DIN41612;GE;SP2
1910368215;0099739010;;Federleiste 48pol fuer gerade W.WRAP;EU;SP5
1910368216;0099741030;;Klemmenkasten RK 4/18 K-L;GE;SP1
1910365925;0099742010;;Gehaeuse Molex 2pol.;GE;SP1
1910368218;0099742030;;Klemmenkasten RK4/34-L IP66;GE;SP2
1910207271;0099744010;;Gehaeuse Molex 4pol.;GE;SP1
1910365924;0099745010;;Gehaeuse Molex 8pol.;GE;SP2
1910368221;0099745030;;Klemmenkasten HP70;GE;SP1
1910365923;0099746010;;Gehaeuse Molex 12pol;GE;SP2
1910368223;0099748010;;Kontakt Crimp Molex AWG18-24;GE;SP1
1910365960;0099750110;;Federleiste 5pol Durchgang AWG20;GE;SP1
1910368225;0099753010;;Federleiste 32Pol Steckkartenblock;GE;SP2
1910209131;0099757010;;Federleiste 15pol H Steckhuelse;GE;SP1
1910366537;0099760110;;Federleiste 20pol Flachkabel Zugentlast.;EU;SP5
1910207272;0099763010;;Steckverbinder 0,5-1,5;AE;SP6
1910207273;0099767010;;Aufnahmegehäuse 15pol;GE;SP1
1910368228;0099778110;;Kappe 5pol;GE;SP1
1910365922;0099788110;;Federleiste 2pol Durchg. AWG24 RM2,54;GE;SP1
1910365921;0099789110;;Federleiste 4pol Durchgang AWG24;GE;SP1
1910365920;0099790110;;Kappe SCC 2pol RM 2.54 Federleiste;GE;SP1
1910365919;0099791110;;Kappe SSC 4pol RM 2.54 Federleiste;GE;SP1
1910368233;0099793110;;Federleiste 4pol AWG24 3,96;GE;SP1
1910368234;0099801050;;Diode SK1/16 1600V 1,1A;GE;SP2
1910368236;0099807090;;Thyristor T 51N 1600BOF;EU;SP5
1910563995;0099822090;;Thyristormodul SKKT 71/16 D;AE;SP6
1910368237;0099822160;;IC DIG Eprom M27C4002 DIP40;GE;SP1
1910207274;0099842150;;IC DIG 8Kx8 NV-RAM;GE;SP1
1910207275;0099843050;;Leuchtdiode GN 24V AC;GE;SP1
1910207276;0099844050;;Optokoppler Modul Ue 24VDC Ia 0,5A;GE;SP1
1910368243;0099845150;;IC DIG SMD Latch 74HCT563;EU;SP5
1910368244;0099849050;;Diode Modul SKKD 46/12;GE;SP2
1910369163;0099858140;0099858140_L;IC DIG Eprom 128Kx8 27C1001/27C010 DIP32;GE;SP1
1910368246;0099864050;;Leuchtdiode 28V AC/DC grün T10/28 BA9s;GE;SP2
1910368249;0099875140;;IC DIG 28C64 DIP28 Eprom o.akt.Schreibs;GE;SP1
1910576777;0099884150;;IC DIG SMD SRAM 1Kx8 DP 25ns;GE;SP1
1910368250;0099888150;;IC DIG Eprom 27C1024 <=55NS DIP40;GE;SP2
1910368251;0099895050;;IC Opto Ana Iso HCPL7800 DIP8;GE;SP1
1910368252;0220069;;Glashalteleiste 15x18;EU;SP5
1910368256;0500001077;;Kohlebuerste EG367J 12,5x20x32;AE;SP6
1910368257;0500001093;;Kohlebuerste EG367 12,5x25x32;EU;SP5
1910207277;0500115110;;Drehgeber BDG 6310;EU;SP5
1910207278;0500125031;;Luefter Axial 350 CBM/H;GE;SP1
1910207279;0500125039;;Luefter W2 S107 AA 01-16 220V 50/60Hz;GE;SP2
1910564069;0500125156;;Luefter Radial 810CBM/H;GE;SP1
1910207281;0500125158;;Luefter Radial 620CBM/H;GE;SP1
1910368262;0500125159;;Luefter Axial 59 CBM/H;GE;SP1
1910368263;0500125161;;Geblaese Radial G2E 146BF01;GE;SP1
1910368264;0500125163;;Luefter EF 224/2;GE;SP2
1910368265;0500125165;;Geblaese Radial G2D 146BF02;EU;SP5
1910368268;0500130004;;Schwingmetall 50x30 M10;GE;SP2
8000814504;0500370015;;V Ring V 180A NBR;GE;SP1
8001363260;0500370018;;V Ring V 250A NBR;GE;SP2
1910368272;0500370049;;V Ring V 110A NBR;EU;SP5
1910368273;0500370060;;V Ring V 160A NBR;GE;SP1
1910207282;0701364032;;Leistungsschütz  36A Dil 3H 2S 2O 230VDC;EU;SP5
1910368281;0702624013;;Hilfsschütz DIL-R-40/22 230VAC 4S;GE;SP2
1910368282;0704121004;;Relais Power 12VDC 10A 1We print;GE;SP1
1910207283;0706100215;;Zeitrelais 0,5-10Min 1W;GE;SP1
1910368284;0721504017;;Widerstand Draht 5K6 10% 5W;EU;SP5
1910368287;0726667003;;Transistormodul 100A 1200V;AE;SP6
1910207284;0726667004;;Transistormodul 75A 1200V;EU;SP5
1910564070;0726667005;;Transistormodul 50A 1200V;GE;SP1
1910207285;0726667006;;Transistormodul 50A 1200V;EU;SP5
1910207286;0726777002;;IGBT Modul 100A 1200V MG100Q2YS9;EU;SP5
1910207287;0726777009;;IGBT Modul 150A /1200V;GE;SP1
1910368292;0726777010;;IGBT Modul 1200V, 200A;GE;SP1
1910564071;0727351002;;SKKH 4/12E;GE;SP1
1910564072;0727352001;;Thyristormodul THY/THY SKKH 42/12E;GE;SP1
1910564073;0727373003;;Thyristormodul THY/THY SKKT 27/16E;AE;SP6
1910368293;0727471001;;Diode SKKD 46 16;GE;SP2
1910368294;0727471002;;Diode SKKD 81 16;GE;SP1
1910207288;0727473003;;Thyristormodul THY/THY SKKT 92/16E;GE;SP1
1910368296;0727551001;;Diode Modul DIO/DIO SKKD 160A 1600V;GE;SP2
1910368297;0727573002;;Thyristormodul THY/THY SKKT 106/16E;GE;SP1
1910368298;0734105002;;Kondensator Ker 100pF 100VG 2% RM2,5;EU;SP5
1910207289;0735276002;;Kondensator AL-Elko 2700uF 450V (77x105);GE;SP1
1910207290;0735336005;;Kondensator AL Elko 3300µF 400VG 10/30%;GE;SP1
1910368304;0735473013;;Kondensator MKP 3uF 400VAC mit Leitung;GE;SP1
1910207291;0735476008;;Kondensator AL Elko 4700µF 400VG 20%;GE;SP2
1910368306;0739000107;;Isoliernippel D6/3x2,2;EU;SP5
1910368307;0739000138;;Abstandshalter M3x12;GE;SP1
1910368308;0739000184;;Abstandsbolzen M4x60;GE;SP2
1910368312;0739000204;;Abstandsbolzen M4x50;GE;SP2
1910564074;0739000217;;Abstandsbolzen M6x40;AE;SP6
1910368313;0750111080;;Trafo 1Ph 230V 220/230/240V 125VA;EU;SP5
1910365916;0760161015;;Leitung H05V-K 1qmm BU;EU;SP5
1910207292;0760292001;;Leitung NSGAFOEU 1,5qmm 3KV BK;AE;SP6
1910368277;0765319001;;Sicherungssockel 3pol 10x38;GE;SP2
1910368279;0765319002;;Sicherungssockel 3pol;GE;SP2
1910368316;0765419001;;Sicherungssockel 3pol 22x58;GE;SP2
1910365915;0776000394;;Austrittsfilter für Luefter 320x320mm;GE;SP1
1910368318;0776000395;;Filterluefter 450cbm/h;GE;SP1
1910365914;0779000006;;Kombischraube M5x16 Z4-1 4.8 vz;EU;SP5
1910368321;0779000014;;Befestigungsschraube   M3x15;EU;SP5
1910365913;0779000101;;Kombischraube M6x12 Z4-1 8.8 vz;AE;SP6
1910368323;0779000102;;Kombischraube M6x16 Z4-1 4.8 vz;AE;SP6
1910368324;0779000103;;Kombischraube M5x12 Z4-1 4.8 vz;AE;SP6
1910368331;0801111003;;Sicherung R 4A TR;GE;SP1
1910368332;0801111023;;Sicherung R 0,63A M;GE;SP1
1910368333;0802128008;;Zylindersicherung 30A 660VAC;GE;SP1
1910207293;0802134001;;Zylindersicherung 50A 600V;GE;SP1
1910207294;0802138003;;Zylindersicherung 40A 660V 14x51;GE;SP1
1910207295;0802144001;;Zylindersicherung 80A 660V;GE;SP1
1910368338;0802333003;;Sicherung E 63A FF;GE;SP2
1910368339;0802624002;;Zylindersicherung 16A 660V;GE;SP2
1910207296;0802845001;;Sicherung M 100A FF;GE;SP1
1910207297;0802937001;;Sicherung D 50A FF;EU;SP5
1910368342;0802937002;;Sicherung D 35A FF;AE;SP6
1910207298;0802937003;;Sicherung D 63A FF;EU;SP5
1910207299;0806000019;;Thermoschalter 75°C Oeffner;AE;SP6
1910368347;0823211008;;Stromwandler 100/0,1A;GE;SP2
1910368349;0830145020;;Leiterplatte FP Netzteil;EU;SP5
1910365912;0840110044;;Buchse Combicon 4pol ger RM5,08 schraub;GE;SP1
1910365911;0840110045;;Buchse Combicon 2pol ger RM5,08 schraub;GE;SP1
1910365910;0840110050;;Buchse Combicon 3pol ger RM5,08 schraub;GE;SP1
1910365909;0840120042;;Buchse Combicon 10pol ger RM5,08 schraub;GE;SP1
1910368355;0840120098;;Buchse Combicon 6pol ger RM5,08 schraub;GE;SP2
1910368330;0840120099;;Buchse Combicon 7pol ger RM5,08 schraub;GE;SP2
1910365908;0840120103;;Buchse Minicom 6pol ger RM3,81 schraub.;GE;SP1
1910368359;0841000186;;Stift Dsub 9p abgew;EU;SP5
1910561514;unbekannt;batch4;Laufrolle oben BL-C144AATA01;GE;SP1
1910561312;unbekannt;batch4;Sicherheitsrelais 24V DC 2U 2x10A Dold;GE;SP1
1910561165;10071282 Nr. SBC Spain!;batch4;SCHÜTZ LC1-D18MD;GE;SP1
1910561158;10073311 Nr. SBC Spain!;batch4;VERRIEGELUNGSAUSLÖSER;GE;SP1
1910561166;10073446 Nr. SBC Spain!;batch4;SCHÜTZ LC1-DT25MD;GE;SP1
1910561160;10077547 Nr. SBC Spain!;batch4;GUMMIPUFFER FÜR TÜREN ECD;GE;SP1
1910561147;10077601 Nr. SBC Spain!;batch4;GLEITSCHWERT FÜR TÜR ECD;GE;SP1
1910561148;10077602 Nr. SBC Spain!;batch4;VERSTÄRKTER GLEITSCHWERT FÜR TÜR ECD;GE;SP1
1910561149;10077725 Nr. SBC Spain!;batch4;EINLAGE 16,5mm T-13 KABINE;GE;SP1
1910561150;10077726 Nr. SBC Spain!;batch4;OBERER GLEITSCHUH T-13;GE;SP1
1910561219;10077831 Nr. SBC Spain!;batch4;BATTERIE 12 V 5 Ah;GE;SP1
1910561137;10077865 Nr. SBC Spain!;batch4;SCHRANKSCHLOSS SYNERGY;GE;SP1
1910561218;10077937 Nr. SBC Spain!;batch4;BATTERIE 12 V 2,3 Ah;GE;SP1
1910561220;10077983 Nr. SBC Spain!;batch4;ETAGENPLATTE UCP-CMC4;GE;SP1
1910561156;10078087 Nr. SBC Spain!;batch4;ALTE GEGENROLLE ECD M8;GE;SP1
1910561171;10078287 Nr. SBC Spain!;batch4;KABELSATZ CAN BUS SCHACHT CMC-4;GE;SP1
1910561159;10078413 Nr. SBC Spain!;batch4;SCHIEBEKURBEL EINFAHRBAR VF08 1196.64.01;GE;SP1
1910561132;10078706 Nr. SBC Spain!;batch4;ERGÄNZUNGSRAHMEN FÜR DRUCKTASTER BST S1;GE;SP1
1910561172;10078813 Nr. SBC Spain!;batch4;KABELSATZ CAN TCAN-BPP;GE;SP1
1910561221;10078815 Nr. SBC Spain!;batch4;ETAGENPLATTE BPP CMC4;GE;SP1
1910561217;10078817 Nr. SBC Spain!;batch4;BAUGRUPPE DER ABDECKUNG BPDP25 2 DRUCKTA;GE;SP1
1910561216;10078818 Nr. SBC Spain!;batch4;BAUGRUPPE DER ABDECKUNG BPD-25 1 DRUCKTA;GE;SP1
1910561192;10078820 Nr. SBC Spain!;;DRUCKTASTER BPP MIT PFEIL S1/SM1+;GE;SP1
1910561167;10079094 Nr. SBC Spain!;batch4;AMP-STECKER, PITCH 2,54 MM, 6-POLIG.;GE;SP1
1910561222;10079151 Nr. SBC Spain!;batch4;MODUL FÜR DIE POSITIONIERUNG DES CMC-4 H;GE;SP1
1910561223;10079795 Nr. SBC Spain!;;ETAGENPLATTE UCP+ CMC4+;GE;SP1
1910561224;10079898 Nr. SBC Spain!;batch4;PLATTE FÜR T-GEBER CMC4+;GE;SP1
1910561193;10079940 Nr. SBC Spain!;batch4;DRUCKTASTER BST S1 CMC MIT PFEIL UPC;GE;SP1
1910561225;10080026 Nr. SBC Spain!;batch4;PLATTE FÜR GRUNDDRUCKTASTER PB3 WEISS;GE;SP1
1910561168;10080104 Nr. SBC Spain!;batch4;NELTRON GEHÄUSE FÜR 6-POLIG STECKERBUCHS;GE;SP1
1910561169;10080105 Nr. SBC Spain!;batch4;STECKVERBINDER WAGO 4-POLIG, PITCH 7.5;GE;SP1
1910561151;10080163 Nr. SBC Spain!;batch4;EINLAGE 15 MM FÜHRUNG T89 ELEMENT;GE;SP1
1910561129;10080329 Nr. SBC Spain!;batch4;MOBILES INSPEKTIONSTABLEAU CMC4+;GE;SP1
1910561173;10080334 Nr. SBC Spain!;batch4;KABELSATZ FÜR SCHLÜSSELSCHALTER BPP;GE;SP1
1910561174;10080627 Nr. SBC Spain!;batch4;KABELSATZ CAN BUS SCHACHT TCAN+ CMC4+ L:;GE;SP1
1910561226;10080808 Nr. SBC Spain!;;KABINENPLATTE UCC-CMC-4;GE;SP1
1910561215;10081166 Nr. SBC Spain!;batch4;BAUGRUPPE DER ABDECKUNG BPD-25 1 DRUCKTA;GE;SP1
1910561136;10081301 Nr. SBC Spain!;batch4;GEHÄNGESEIL ZUR KABINENSTEUERUNG STUDIO;GE;SP1
1910561152;10081317 Nr. SBC Spain!;batch4;BAUGRUPPE DES GLEITSCHUHS 16,5 MM MIT FÜ;GE;SP1
1910561163;10082102 Nr. SBC Spain!;batch4;MARCO UND DISPLAY FÜR BPD-PLATTE;GE;SP1
1910561175;10082317 Nr. SBC Spain!;batch4;KABELSATZ FÜR DEN T-GEBER/UCV L: 5000 m;GE;SP1
1910561176;10082496 Nr. SBC Spain!;batch4;KABELSATZ FÜR GEBER ANTRIEB TK-DOD 850 M;GE;SP1
1910561227;10082613 Nr. SBC Spain!;;ANSCHLUSSPLATTE FÜR DRUCKTASTER IMC CONE;GE;SP1
1910561228;10082614 Nr. SBC Spain!;batch4;ANSCHLUSSPLATTE FÜR DRUCKTASTER IMC EXP;GE;SP1
1910561229;P1E=EU Löschvermerk;;STEUERPLATTE PIA CMC4+ 81: 20/50;EU;SP5
1910561196;10082666 Nr. SBC Spain!;batch4;DRUCKTASTER DOT DB1 STANDARD DOPPELPFEIL;GE;SP1
1910561153;10082892 Nr. SBC Spain!;batch4;EINLAGE 5 MM ELEMENT;GE;SP1
1910561177;10082941 Nr. SBC Spain!;batch4;KABELSATZ FÜR DIE VERBINDUNG DES LED-STR;GE;SP1
1910561154;10083077 Nr. SBC Spain!;batch4;GLEITSCHUH MIT GEGENGEWICHT ELEMENT;GE;SP1
1910561178;10083132 Nr. SBC Spain!;batch4;KABELSATZ FÜR MOTORLEISTUNG VF GTW9;GE;SP1
1910561230;P1E=EU Löschvermerk;;PLATTE UBF CMC-4+ 81:20/50;EU;SP5
1910561179;10083184 Nr. SBC Spain!;batch4;KABELSATZ FÜR DEN ALARMDRUCKTASTER IMC-C;GE;SP1
1910561180;10083185 Nr. SBC Spain!;batch4;KABELSATZ FÜR DISPLAY IMC-CONEX CMC-4+;GE;SP1
1910561181;10083187 Nr. SBC Spain!;batch4;KABELSATZ FÜR ELEMENTE DES HALLS IMC-CON;GE;SP1
1910561141;P1E=EU Löschvermerk;;DRUCKTASTERSCHLÜSSEL DOT NR. J9056;EU;SP5
1910561142;10083201 Nr. SBC Spain!;batch4;SCHLÜSSEL NR. J9078 FÜR CHALTER DOT;GE;SP1
1910561198;10083214 Nr. SBC Spain!;batch4;DRUCKTASTER DOT DB1 STANDARD TÜREN SCHL;GE;SP1
1910561214;10083221 Nr. SBC Spain!;batch4;GLASABDECKUNG LOP-50 FÜR DAS TFT-DISPLAY;GE;SP1
1910561128;10083231 Nr. SBC Spain!;batch4;INSPEKTIONSTABLEAU FÜR SCHACHT CMC4+ 81:;GE;SP1
1910561182;10083309 Nr. SBC Spain!;batch4;KABELSATZ FÜR DIE SIGNALISIERUNG DES TFT;GE;SP1
1910561213;10083372 Nr. SBC Spain!;batch4;ABDECKUNG FÜR DEN PLATTENHALTER uUCP uPE;GE;SP1
1910561183;10083374 Nr. SBC Spain!;batch4;KABELSATZ FÜR DIE VERBINDUNG VON PEX-UCP;GE;SP1
1910561125;10083403 Nr. SBC Spain!;batch4;ELEKTRISCHER KONTAKT FÜR KABINE 40 MM;GE;SP1
1910561140;10083488 Nr. SBC Spain!;batch4;SCHLÜSSEL FÜR TABLEAU LOP-50;GE;SP1
1910561126;10083710 Nr. SBC Spain!;batch4;KIT MIT ELEKTRISCHER BRÜCKE CMC4+;GE;SP1
1910561194;10084495 Nr. SBC Spain!;batch4;DRUCKTASTER DOT DB1 AUS SCHWARZEN ROSTFR;GE;SP1
1910561130;10084648 Nr. SBC Spain!;batch4;USV IDG1200 CMC4+ 20-50;GE;SP1
1910561231;10084796 Nr. SBC Spain!;batch4;ETAGENPLATTE NuUCP-CMC4+ OHNE SUMMER;GE;SP1
1910561232;10084797 Nr. SBC Spain!;batch4;PLATTE CBB FÜR EXTERNEN SUMMER;GE;SP1
1910561184;10084799 Nr. SBC Spain!;batch4;KABELSATZ FÜR SICHERHEITSBRÜCKE CMC4+;GE;SP1
1910561185;10084822 Nr. SBC Spain!;batch4;KABEL MAX CMC4 / CMC4+ / CMC4+ 20.50;GE;SP1
1910561199;10084991 Nr. SBC Spain!;batch4;VANDALISMUSSICHER DRUCKTASTER BAS 231 0;GE;SP1
1910561200;10084997 Nr. SBC Spain!;batch4;VANDALISMUSSICHER DRUCKTASTER BAS 231 A;GE;SP1
1910561201;P1E=EU Löschvermerk;;VANDALISMUSSICHER DRUCKTASTER BAS 231 P;EU;SP5
1910561203;10085030 Nr. SBC Spain!;batch4;DRUCKTASTER DOT DB2 STANDARD 0;GE;SP1
1910561204;10085031 Nr. SBC Spain!;batch4;DRUCKTASTER DOT DB2 STANDARD 1;GE;SP1
1910561206;10085033 Nr. SBC Spain!;batch4;DRUCKTASTER DOT DB2 STANDARD 2;GE;SP1
1910561208;10085035 Nr. SBC Spain!;batch4;DRUCKTASTER DOT DB2 STANDARD 4;GE;SP1
1910561205;10085037 Nr. SBC Spain!;batch4;DRUCKTASTER DOT DB2 STANDARD -1;GE;SP1
1910561207;10085038 Nr. SBC Spain!;;DRUCKTASTER DOT DB2 STANDARD -2;GE;SP1
1910561210;10085040 Nr. SBC Spain!;batch4;DRUCKTASTER DOT DB2 STANDARD DOPPELPFEIL;GE;SP1
1910561190;10085041 Nr. SBC Spain!;batch4;Taster Dot DB2 Standard Pfeil 1910197772;GE;SP1
1910561212;10085042 Nr. SBC Spain!;batch4;DRUCKTASTER DOT DB2 STANDARD TÜREN ÖFFN;GE;SP1
1910561209;10085044 Nr. SBC Spain!;batch4;DRUCKTASTER DOT DB2 STANDARD ALARM;GE;SP1
1910561186;10085219 Nr. SBC Spain!;batch4;KABEL MAX CMC4+ / CMC4+ 20.50;GE;SP1
1910561138;10085221 Nr. SBC Spain!;batch4;Zylinderschloss 30/10 mit kurzer Nocke E;GE;SP1
1910561170;10085320 Nr. SBC Spain!;batch4;AUDIOMODUL FÜR KABINE 2N;GE;SP1
1910561211;10085336 Nr. SBC Spain!;batch4;DRUCKTASTER DOT DB2 STANDARD E;GE;SP1
1910561195;10085507 Nr. SBC Spain!;batch4;DRUCKTASTER DOT DB1 STANDARD -3;GE;SP1
1910561197;10085510 Nr. SBC Spain!;batch4;DRUCKTASTER DOT DB1 STANDARD E;GE;SP1
1910561187;10085528 Nr. SBC Spain!;batch4;KABELSATZ FÜR VERLÄNGERUNG DES VORHANGS;GE;SP1
1910561188;10085530 Nr. SBC Spain!;;KABELSATZ WECO TX 03.G5.UF11.AMP;AE;SP6
1910561143;10085538 Nr. SBC Spain!;batch4;SCHLÜSSEL DOT 9076;GE;SP1
1910561144;10085539 Nr. SBC Spain!;batch4;SCHLÜSSEL DOT 9650;GE;SP1
1910561135;10085545 Nr. SBC Spain!;batch4;ERGÄNZUNGSRAHMEN EUROKEY STANDARD LOP;GE;SP1
1910561133;10085546 Nr. SBC Spain!;batch4;VANDALISMUSSICHERER ERGÄNZUNGSRAHMEN EUR;GE;SP1
1910561134;10085547 Nr. SBC Spain!;batch4;ERGÄNZUNGSRAHMEN EUROKEY STANDARD COP;GE;SP1
1910561189;10085567 Nr. SBC Spain!;batch4;KABELSATZ FÜR EUROKEY KABINE 1000 MM;GE;SP1
1910561233;10085572 Nr. SBC Spain!;;PLATTE UBF FÜR KLEMMENLEISTE IM SCHACHT;GE;SP1
1910561202;10085592 Nr. SBC Spain!;batch4;DRUCKTASTER DOT DB2 STANDARD 6;GE;SP1
1910561191;10085598 Nr. SBC Spain!;batch4;MIKROFON DOT DB2 FÜR STANDARD GEGENSPREC;GE;SP1
1910561157;10085610 Nr. SBC Spain!;batch4;ZUSÄTZLICHE LAUFFLÄCHE 60 MM P: 900 PM;GE;SP1
1910561161;10085614 Nr. SBC Spain!;batch4;BAUGRUPPE DES SCHLOSSES C2 L900 COMPACT;GE;SP1
1910561145;10085652 Nr. SBC Spain!;batch4;ERWEITERUNG FÜR DEN GLEITSCHUH 1849.19;GE;SP1
1910561155;10085662 Nr. SBC Spain!;batch4;BAUGRUPPE DES OBEREN GLEITSCHUHS 16,5 MM;GE;SP1
1910561131;10085671 Nr. SBC Spain!;batch4;TRÄGERBAUGRUPPE FÜR DIE INDUKTOREN CMC-4;GE;SP1
1910561146;10085679 Nr. SBC Spain!;batch4;BAUGRUPPE DER SCHMIEREINHEIT 8,5 MM T-5;GE;SP1
1910561139;10085681 Nr. SBC Spain!;batch4;SCHLÜSSEL FÜR SCHRANKSCHLOSS REF. 03;GE;SP1
1910561162;10085686 Nr. SBC Spain!;batch4;BAUGRUPPE DES SCHLOSSRADS CENE;GE;SP1
1910561127;10085703 Nr. SBC Spain!;batch4;TABLEAU FÜR SCHACHT MIT STECKER/LICHT TY;GE;SP1
1910561164;10085730 Nr. SBC Spain!;batch4;MODUL LID50 SCHWARZE PFEILE MIT GONG;GE;SP1
1910561234;10086015 Nr. SBC Spain!;batch4;KABINENPLATTE NUBCC CMC4+ 20.50;GE;SP1
1910561332;unbekannt;batch4;Einlage EM 9 PU HSM+WSM Schiene 9mm;EU;SP5
1910561333;unbekannt;batch4;Magnetschalter Halter inkl. Magneten;GE;SP1
1910165154;1029013801;batch4;COP LAUTSPRECHER KDMG36008-10B;GE;SP1
1910561325;unbekannt;batch4;Hilfsschütz 230V 2S+2Ö Telemecanique;GE;SP1
1910561386;unbekannt;batch4;Sprachausgabe LISY-7/8/9 aufsteckbar;GE;SP1
1910561336;unbekannt;batch4;Schutzraumampel Halteblech 24V 5m;GE;SP1
1910561337;unbekannt;batch4;Einlage EL 16 PE HSML+WSML Schiene 16mm;GE;SP1
1910561338;unbekannt;batch4;Laufrolle schneller Hänger TTS/TTK45;GE;SP1
1910561326;unbekannt;batch4;Aufsteckerweiterung 16 Ein-Ausgänge LiSA;GE;SP1
1910561340;unbekannt;batch4;Beschriftungsfelder V2A klar 80x50;GE;SP1
1910561241;unbekannt;batch4;HILFSSCHALTER 1S;GE;SP1
1910561341;unbekannt;batch4;Halteschuh HSM 140 Einlage EM 5-20mm;EU;SP5
1910561342;unbekannt;batch4;COMBICON Buchsenleiste 11 pol. RM 7,62;GE;SP1
1910561331;unbekannt;batch4;Leitungsschutzschalter 2 polig 6A C;GE;SP1
1910561344;unbekannt;batch4;Beschriftungsfeld schnappbar 60x30 weiß;GE;SP1
1910561345;unbekannt;batch4;Blinklicht Warnsignal 24V 5m EN81-20;GE;SP1
1910561346;unbekannt;batch4;Flach-Rundkabel 10pol. 5m Pfostenverb.;GE;SP1
1910561387;unbekannt;batch4;Drücker Tastplatte R50 50mm LED rot;GE;SP1
1910561348;unbekannt;batch4;Einlage EEL 28 PE WSMEL Schiene 28,6mm;GE;SP1
1910561349;unbekannt;batch4;Infofeld 55x150mm Plexi Logo Brandfall;GE;SP1
1910561388;unbekannt;batch4;Drücker Tastplatte Q32 32x32mm LED rot;GE;SP1
1910561243;unbekannt;batch4;HILFSSCHALTER 1Ö;GE;SP1
1910561389;unbekannt;batch4;Drücker Tastplatte Q50 50x50mm LED rot;GE;SP1
1910561352;unbekannt;batch4;Beschriftungsfeld 60x32mm V2A weiß;GE;SP1
1910561353;unbekannt;batch4;26. Beschriftungsfeld 80x50mm V2A weiß;GE;SP1
1910561354;unbekannt;batch4;Schlüsseltaster QK50 LED rot V2A;GE;SP1
1910561355;unbekannt;batch4;Schlüsseltaster QK32 LED rot V2A ST;GE;SP1
1910561390;unbekannt;batch4;Drücker DR90 Tastplatte 33x33mm LED rot;GE;SP1
1910561357;unbekannt;batch4;Schlüsselschalter QK32 LED rot V2A;GE;SP1
1910561394;unbekannt;batch4;Etagenplatine LED rot Buselektronik;GE;SP1
1910561396;unbekannt;batch4;Etagenplatine LED rot Weiterfahrtanzeige;GE;SP1
1910561360;unbekannt;batch4;Rolle Hakenriegel 8mm Verriegelung TTS5;GE;SP1
1910561246;unbekannt;batch4;Hängekabel-Halter;GE;SP1
1910561361;unbekannt;batch4;Flach-Rundkabel 14pol. 5m Zugentlastung;GE;SP1
1910561423;unbekannt;batch4;Drücker DR30V Vandalensicher IP54;GE;SP1
1910362840;1320739;;C Profil 20x40x20x5 Al;GE;SP2
1910362841;1320959;;Profil S4 ALMGSI0 5 F25  29,5 mm;GE;SP2
1910362842;1320969;;Profil S4 ALMGSI0 5 F25  73 mm;GE;SP2
1910561363;unbekannt;batch4;TFT-Display 4,3 Zoll 480x272 pixel;GE;SP1
1910561364;unbekannt;batch4;Rolle VSL ø125/20x30mm Kugellager;GE;SP1
1910561365;unbekannt;batch4;Notrufsystem 2N® Lift1 Grundgerät COP;GE;SP1
1910561366;unbekannt;batch4;Notrufsystem 2N® Lift1 Grundgerät m.Alt.;GE;SP1
1910561367;unbekannt;batch4;Notrufsystem 2N® Lift1 Grundgerät;GE;SP1
1910561368;unbekannt;batch4;tke Aufzüge set Lift8;GE;SP1
1910561369;unbekannt;batch4;2N® Lift8 Central Unit;GE;SP1
1910561247;unbekannt;batch4;Türführung Selcom;GE;SP1
1910561370;unbekannt;batch4;2N® Lift8 RS232 board;GE;SP1
1910561371;unbekannt;batch4;2N® Lift8 Machine room unit;GE;SP1
1910561372;unbekannt;batch4;Winkleführungsschuh Licht Metall;GE;SP1
1910561373;unbekannt;batch4;Stoßdämpfer AUTAN HE TYPE A QR D.125;GE;SP1
1910561374;unbekannt;batch4;Stoßdämpfer AUTAN HE TYPE A D.165;GE;SP1
1910561334;unbekannt;batch4;AKKU 12VOLT SYNERGY S NOTBEFREIUNGSGER.P;GE;SP1
1910561335;unbekannt;batch4;AKKU 12V 9AH BLEIAKKU GEL;GE;SP1
1910561339;unbekannt;batch4;AKKU 12V/2,3 AH;GE;SP1
1910561378;unbekannt;batch4;AKKUPACK;GE;SP1
1910561379;unbekannt;batch4;Batterie/Akku Typ2;GE;SP1
1910561248;unbekannt;batch4;Batterie/Akku Typ4;GE;SP1
1910561380;unbekannt;batch4;Batterie/Akku Typ3;GE;SP1
1910561381;unbekannt;batch4;BEL.FAHRKORB NOTBEL.BOX230VAC/12VDC INKL;GE;SP1
1910561382;unbekannt;batch4;cegard/Lift Tx/Rx-1730-16,;GE;SP1
1910561383;unbekannt;batch4;Connection pkg for brake resistor 1.5mm²;GE;SP1
1910561384;unbekannt;batch4;Control unit plug-in cegard/Lift LX, LY;GE;SP1
1910561385;unbekannt;batch4;Sicherheitssystem Lichtschranke;GE;SP1
1910561343;unbekannt;batch4;PCB Türsteuerung VF5+ Relay Links;GE;SP1
1910209132;1560441445;;ZB Parametriertableau;GE;SP3
1910363184;1560445506;;Transistorverbinder komplett;EU;SP5
1910561347;unbekannt;batch4;PCB Türsteuerung VF5+ Relay Rechts;GE;SP1
1910561350;unbekannt;batch4;PCB Türsteuerung VF7+ CAN Links;GE;SP1
1910561351;unbekannt;batch4;PCB Türsteuerung VF7+ Relay Rechts;GE;SP1
1910561249;unbekannt;batch4;Batterie/Akku Typ6;GE;SP1
1910561356;unbekannt;batch4;PCB Türsteuerung VF7+ Relay Links;GE;SP1
1910561391;unbekannt;batch4;AB-VORST SITZ/KEGEL;GE;SP1
1910561392;unbekannt;batch4;Notendschalter - Kurve;GE;SP1
1910561393;unbekannt;batch4;Notlichtfeld Typ Schäfer LF 99x24mm;GE;SP1
1910561358;unbekannt;batch4;Bodenplatte LED rot BusLOPM-V8;GE;SP1
1910561395;unbekannt;batch4;Mountingkit Backsite stainless steel;GE;SP1
1910561359;unbekannt;batch4;GSM90XT/SIM;EU;SP5
1910561397;unbekannt;batch4;HSM Führungsschuh METAL 2xM6;GE;SP1
1910561398;unbekannt;batch4;Einlage FSFG-16 ACLASYN MWG 10 schw.;GE;SP1
1910561399;unbekannt;batch4;FSF-14 P-Einlage ACLAMID;GE;SP1
1910561250;unbekannt;batch4;NRT 1 XT – Notrufgerät für Aufzüge;GE;SP1
1910561400;unbekannt;batch4;FSF-14-Einlage ACLATHAN-KH 96A rot;GE;SP1
1910561401;batch4 + batch5;8850820151;FSF-16 P-Einlage ACLASYN grau;GE;SP1
1910561402;unbekannt;batch4;FSF-16-B-Einlage ACLATHAN-KH 96A rot;GE;SP1
1910362732;1721430002;;Bremswiderstand 12R 585W;EU;SP5
1910368365;1721445001;;Widerstand Draht 100R 10% 40W GS16x63A;AE;SP6
1910362733;1721445010;;Bremswiderstand 4R3 1650W;EU;SP5
1910362734;1721445014;;Bremswiderstand 3R5 1950W;GE;SP2
1910362735;1721445022;;Widerstand Draht 1K5 10% 35W Loet;EU;SP5
1910362736;1721445030;;Ladewiderstand 1,9R 7900W;GE;SP2
1910561403;unbekannt;batch4;FS-24-L-Einlage schwarz;GE;SP1
1910362737;1737445023;;Kuehlkoerper CPI40;EU;SP5
1910207306;1738425000;;Varistor 460V mit Anschluss;EU;SP5
1910561404;unbekannt;batch4;Einlage ACLATHAN-N blau;GE;SP1
1910561405;unbekannt;batch4;FSF-16 P-Einlage ACLAMID grün;GE;SP1
1910207307;1750445000;;Trafo 1Ph 230/400V 23V 2,2A 50VA;GE;SP1
1910207308;1750445001;;Trafo 1Ph 230V/400V 23V 2,8A 66VA;GE;SP2
1910207309;1753445009;;Drossel Kommutierung 23/37A 3x0,4mH;GE;SP1
1910207310;1753445011;;Drossel Kommutierung 3x0,43mH 34A;EU;SP5
1910564075;1753445022;;Drossel Entstoerung 3x40A 800UH;AE;SP6
1910207311;1753445032;;Drossel Filter 50A 600UH;GE;SP1
1910362738;1753445042;;Drossel Kommutierung 65A 3x0,5mH;EU;SP5
1910362739;1753445047;;Drossel Filter 50Aeff. 600µH;EU;SP5
1910365907;1753445050;;Drossel Filter 45A / 60µH;EU;SP5
1910368363;1753445055;;Drossel Glaettung 16A 3,2mH;GE;SP2
1910362740;1753445056;;Drossel Glaettung 29A 1,8mH;EU;SP5
1910362741;1753445057;;Drossel Glaettung 40/65A 1,4mH;EU;SP5
1910362742;1753445059;;Drossel Umrichter Ausgang 43A 3x0,15mH;EU;SP5
1910362743;1753445060;;Drossel Kommutierung 16A 3x1,2mH 3x440V;EU;SP5
1910368364;1753445061;;Drossel Zwischenkreis CPI60;GE;SP1
1910561406;unbekannt;;Führungsschuheinlage;GE;SP1
1910362744;1766445361;;Leitung VK1 CPI12-26;GE;SP2
1910207313;1766445362;;Leitung VK2/3 CPI26C;GE;SP1
1910561407;unbekannt;batch4;FSF-6K-Einlage ACLATHAN-KH 96A rot;GE;SP1
1910362746;1779425001;;Geraeteabdeckung I16M;EU;SP5
1910564076;1779445008;;Luftleitblech API50;AE;SP6
1910362747;1779445327;;Winkel CPI;EU;SP5
1910207315;1779445329;;Frontplatte 2 CPI12-26C;GE;SP1
1910363201;1779445339;;Abdeckgitter unten CPI40;EU;SP5
1910207316;1779445344;;Frontplatte 2 CPI40C;GE;SP1
1910362748;1779445369;;Kondensator Blech 2 CPI60;EU;SP5
1910207317;1779445375;;Frontplatte 2 CPI60C;GE;SP1
1910561408;unbekannt;batch4;Panel guide assembly PLUS AGH-38;GE;SP1
1910561409;unbekannt;batch4;LAT2 LTE-STABANTENNE M.WINKEL;GE;SP1
1910561251;unbekannt;batch4;NRT1NX M. BATTERIE;GE;SP1
1910561410;unbekannt;batch4;Lichtgitte cegard/Miini MOD SY-1900 - 36;GE;SP1
1910362749;1806445000;;Thermoschalter API60;EU;SP5
1910561411;unbekannt;batch4;Lichtfeld LF30V Vandalens. 33mm LED rot;GE;SP1
1910561412;unbekannt;batch4;LITHIUMBATTERIE NRT1/2/3NT+;EU;SP5
1910561413;unbekannt;batch4;Magnetschalter;GE;SP1
1910362856;1830422270;;ZB Leiterplatte DRG Impulskarte 10 Fach;EU;SP5
1910362857;1830425515;;ZB Leiterplatte Beschaltung 27-63A 400V;EU;SP5
1910362858;1830435020;;ZB Leiterplatte Ansteuerplatine Nr.00252;EU;SP5
1910362859;1830435025;;ZB Leiterplatte Regler Digital;EU;SP5
1910564077;1830445087;;ZB Leiterplatte FDU 1;AE;SP6
1910362865;1830445180;;ZB Leiterplatte GEI Relaiskarte;GE;SP2
1910209223;1830445186;;ZB Leiterplatte SMD Aufsteckkarte GDK HV;GE;SP1
1910362751;1830445210;;ZB Leiterplatte FAM1 Filter Netz;GE;SP1
1910362752;1830445211;;ZB Leiterplatte FAM1 Netz;GE;SP1
1910362753;1830445225;;ZB Leiterplatte GSK1 Snubber API40;AE;SP6
1910207318;1830445235;;ZB Leiterplatte GDA SMD Aufsteckkarte;EU;SP5
1910362867;1830445260;;ZB Leiterplatte FZK Zwischenkreis-Elko;GE;SP1
1910362868;1830445265;;ZB Leiterplatte FUT Filterplatine;EU;SP5
1910207319;1830445280;;ZB Leiterplatte GLR Relaiskarte;EU;SP5
1910207320;1830445288;;ZB Leiterplatte FDA3 Adapterplatine;GE;SP1
1910207321;1830445320;;ZB Leiterplatte FIS Schnittstelle CAN;EU;SP5
1910362870;1830445410;1830445410_L;ZB Leiterplatte TIC CPI 12C/26C;GE;SP1
1910209268;1830445420;1830445420_L;ZB Leiterplatte TPT Parametrierung;GE;SP1
1910580486;1830445425;;ZB Leiterplatte TPT Teil;GE;SP1
1910207322;1830445435;;ZB Leiterplatte HZK;GE;SP1
1910368367;1830445445;1830445445_L;ZB Leiterplatte KSR;AE;SP6
1910362754;1830445460;;ZB Leiterplatte ITS Wandlerkarte;GE;SP1
1910362875;1830445465;;ZB Leiterplatte Snubberkarte ISP;GE;SP2
1910207323;1830460008;;ZB Leiterplatte Ansteuerung SMD API72;EU;SP5
1910207324;1831422251;;ZB Leiterplatte Sollwertgeber;EU;SP5
1910362876;1831422260;;ZB Leiterplatte Rechner;EU;SP5
1910362877;1831422342;;ZB Leiterplatte Ueberwachung II;EU;SP5
1910209269;1831445037;;ZB Leiterplatte Stromregler SMD FCG2;GE;SP1
1910207326;1831445038;;ZB Leiterplatte Stromregler FCR2;GE;SP1
1910561414;unbekannt;batch4;MAGNETSCHALT.LS2 NEU INKL.BEF.MUTTER;GE;SP1
1910561415;unbekannt;batch4;MK1 MIKROFON 2.0M;GE;SP1
1910561416;unbekannt;batch4;Motor Zubhör VF encoder Async 230V 50Hz;GE;SP1
1910362880;1860445005;;ZB Leiterplatte Ansteuerung L1,2,3 API;GE;SP2
1910362882;1860445030;;ZB Leiterplatte Grossleiterpl. FCC 1 R;EU;SP5
1910362755;1860445040;;ZB Leiterplatte Grossleiterpl. GLP 1 F;GE;SP1
1910362883;1860445050;;ZB Leiterplatte Grossleiterpl.1 API108 F;EU;SP5
1910362884;1860445055;;ZB Leiterplatte Ansteuerung L1,2,3 API..;GE;SP2
1910207327;1860445070;;ZB Leiterplatte Netz Karte FAM1N API130;GE;SP1
1910207328;1860445075;1860445075_L;ZB Leiterplatte Netz Karte FAM1N API180;GE;SP1
1910563996;1860445080;;ZB Leiterplatte Netz Karte FAM1N API250R;AE;SP6
1910362756;1860445100;;ZB Leiterplatte Motor Karte FAM1M API250;GE;SP1
1910207331;1860445115;;ZB Leiterplatte Filter FAM1FN API180R;EU;SP5
1910561417;unbekannt;batch4;PM Encoder Sync 106V 50Hz 600Rpm;GE;SP1
1910561418;unbekannt;batch4;Motor zubehör PM encoder Sync 106V 50Hz;GE;SP1
1910561419;unbekannt;batch4;MONTAGEWINKEL FÜR NRT-XT;EU;SP5
1910561244;unbekannt;batch4;Busmodul LBM9 (Lisa);GE;SP1
1910561420;unbekannt;batch4;OIL CATCH CONTAINER UNIVERSAL D.150x48mm;GE;SP1
1910561421;unbekannt;batch4;OELZUSATZ / LECKOELBEHAELTER;GE;SP1
1910564078;1910162979;;Abdeckung Bremse Gummiband D200mm;GE;SP1
1910564079;1910162995;;Scheibenbremse Alzola FRTH100 2x100Nm;AE;SP6
1910368384;1910163016;;ZB Kit Riemenniederhalter PMB220M;GE;SP1
1910368385;1910163081;;Hohner-Ersatzteilkit;AE;SP6
1910564080;1910163615;batch4;Öler kompakt AK-40 (AKP.0025 PL);GE;SP1
1910561422;unbekannt;batch4;Vorsteuerfilter Satz;GE;SP1
1910561362;unbekannt;batch4;Schaltnetzteil;GE;SP1
1910561424;unbekannt;batch4;Gewindebolzen M10 x 140 (208);GE;SP1
1910561425;unbekannt;batch4;Gewindebolzen M16 x 225 (336);GE;SP1
1910561426;unbekannt;batch4;DRUCKSCHALTER MAX DRUCK LRV1;GE;SP1
1910561427;unbekannt;batch4;ROLLE ACLATHAN-VU 94A D.125/20x30mm;GE;SP1
1910561428;unbekannt;batch4;Seilaufhängungen vz. Größe 11 AM;GE;SP1
1910561429;unbekannt;batch4;Seilaufhängungen vz. Größe 11 FP3;GE;SP1
1910489989;unbekannt;;Ersatzteile für Aufzüge, SPBE ESS;GE;SP2
1910561235;unbekannt;batch4;Seilrolle;GE;SP1
1910561253;unbekannt;batch4;SM1 LAUTSPRECHERMODUL;GE;SP1
1910561430;unbekannt;batch4;Seilaufhängungen vz. Größe 8;GE;SP1
1910561431;unbekannt;batch4;Seilaufhängungen vz. Größe 8 FP2;GE;SP1
1910561432;unbekannt;batch4;Selcom;GE;SP1
1910561433;unbekannt;batch4;Panel guide assembly PLUS AGH-01;GE;SP1
1910561434;unbekannt;batch4;Tprverriegelung Model 40/10 PM Right;GE;SP1
1910561435;unbekannt;batch4;Panel guide assembly BASIC AGH-15;GE;SP1
1910561436;unbekannt;batch4;Panel guide assembly BASIC AGH-AP;GE;SP1
1910561437;unbekannt;batch4;ROLLE ACLATHAN-VU 94A D.60/17x18mm;GE;SP1
1910561438;unbekannt;batch4;Montagesatz, Oberflächenmontage gelb-sch;GE;SP1
1910561439;unbekannt;batch4;Seilschloss symmetrisch Typ D;GE;SP1
1910561254;unbekannt;batch4;SYSTEMKABEL 3.0M BLAU;EU;SP5
1910561440;unbekannt;batch4;Kippschalter für direkten Tableaueinbau;GE;SP1
1910561441;unbekannt;batch4;Offener Gurt HTD 5M 12mm Stahl 5m;GE;SP1
1910561442;unbekannt;batch4;Transponder-Karte (Programmier-Karte);GE;SP1
1910561443;unbekannt;batch4;Trip counter in control cabinet 7 digits;GE;SP1
1910561444;unbekannt;batch4;FÜHRUNGSROLLE ACLATHAN-N 85A;GE;SP1
1910561445;unbekannt;batch4;Wiring kit. From VF4+ to VF5;GE;SP1
1910561446;unbekannt;batch4;Verdrahtungsset für A-Aufträge;GE;SP1
1910362585;2160220;;Schaumstoff 100x60x10;EU;SP5
1910561255;unbekannt;batch4;Türblattführungsschuh;GE;SP1
1910365906;2200229;;Profil PVC schwarz;EU;SP5
1910362586;2200379;;Kantenschutz Polyaethylen;EU;SP5
1910206842;2200669;;Zahnriemen LL-HO 75-310;GE;SP1
1910365905;2200700;;Verdrahtungskanal 80x25x500;EU;SP5
1910362587;2200780;;Kabelkanal 40x150x2000 RAL7035 m.Deckel;GE;SP1
1910365904;2200800;;Verdrahtungskanal 80x25x1250;EU;SP5
1910362588;2200819;;Zahnriemen HTD 5M-9;GE;SP1
1910206843;2200869;;Zahnriemen 5MR 25;GE;SP1
1910365903;2200970;;Kabelkanal BA6 80060x2000;EU;SP5
1910206844;2210759;;Leckölschlauch 10 mm;GE;SP1
1910206845;2210870;;Schlauch 2x1 PVC weich;AE;SP6
1910561256;unbekannt;batch4;SYSTEMKABEL 5.0M GELB;EU;SP5
1910206846;2360049;;Profilleiste Gummi DVM70;AE;SP6
1910206847;2360059;;Profilleiste Gummi DVM70 mit Falz;AE;SP6
1910206848;2360069;;Profilleiste Gummi DUM70Türhöhe angeben;GE;SP1
1910362589;2360169;;Rundmaterial 10 Neopren;EU;SP5
1910365902;2360289;;Profil Gummi schwarz;EU;SP5
1910362648;2360359;;Verglasungsprofil P22-983B m.Klebebesch.;EU;SP5
1910368387;2370180;;Filz Wollfilz;GE;SP1
1910362590;2370240;;Filzstreifen 90x13x4 selbstklebend/PTFE;GE;SP1
1910561257;unbekannt;batch4;BR50-3 Bremswiderstand;EU;SP5
1910561258;unbekannt;batch4;"7"" TFT-Display LiSY-7";GE;SP1
8001346284;2500559;;Schraubsicherungslack rot;GE;SP1
1910561259;unbekannt;batch4;Laufrolle oben / Selcom;GE;SP1
1910561260;unbekannt;batch4;ZahnriemenAT25, 45 Meter;GE;SP1
1910209003;2700059;2700059_L;Hydraulikoel H1/RSL46 20kg-Gebinde;GE;SP1
1910362591;2700289;;Hydraulikoel P1;GE;SP2
1910362592;2700479;;Hydraulikoel H2;GE;SP2
1910362593;2790489;;Gewindedichtband PTFE;GE;SP1
1910362594;2790559;;Klebeband beidseitig kleben 150 mm breit;GE;SP2
1910362595;2790589;;Klebeband beidseitig 100 mm;GE;SP2
1910365901;2790679;;Klebeband doppelseitig 19 mm breit;EU;SP5
1910206852;2790689;;Klebstoff Sicomet 50;AE;SP6
1910362596;2790799;;Klebeband doppelseitig 50 breit;EU;SP5
1910209116;2790890;;Klebeband schwarz/gelb 100mm;AE;SP6
1910206853;2791139;;Klebeband Dual Lock;AE;SP6
1910561245;unbekannt;batch4;Zugschalter für AWG Band;GE;SP1
1910206854;2800650;;Edelstahlreiniger 0,5 Liter Inhitron;GE;SP1
1910206855;2800660;;Oelaufsaugmittel 6Kg;GE;SP1
1910206856;2800690;;ZB Reiniger R4 in Dose 1 Liter;GE;SP1
1910206857;2800700;;ZB Reiniger 5 Liter;GE;SP1
1910206858;2800710;;ZB Putztuecher;GE;SP1
1910561262;unbekannt;batch4;Führung für Schachttüre;GE;SP1
1910561236;unbekannt;batch4;NRT1XTUSV;GE;SP1
1910561252;unbekannt;batch4;Notendschalter mit Halter;GE;SP1
1910363188;3000011100;;Zylinderdruckfeder GH100;EU;SP5
8001292882;3000011176;;Handrad D360/d30x66;GE;SP1
1910362757;3000280162;;Deckel DAB450/530;EU;SP5
8001363311;3000295011;;Gerade Einschraubverschraubung LL10;EU;SP5
1910365900;3000849;;Leitung H07V-K 6qmm BK;EU;SP5
1910362597;3000889;;Leitung H07V-U 2,5qmm GNYE starr Fass;EU;SP5
1910362598;3001239;;Leitung H07VVH6-F 5G1,5;GE;SP1
1910362599;3001319;;Leitung NYM-J 4X1,5;EU;SP5
1910365899;3001669;;Leitung H07V-K 2,5mm² GNYE Fass;EU;SP5
1910362600;3001849;;Leitung YR 6x0,8;EU;SP5
1910362911;3001869;;Leitung H05VV-F 3G1qmm BN+BU+GNYE;EU;SP5
1910362601;3001889;;Leitung H05VV-F 4G1;EU;SP5
1910362602;3001929;;Leitung LiYCY 3X0,5;EU;SP5
1910365898;3001999;;Leitung AWG20 GY;EU;SP5
1910362603;3002019;;Leitung H05VV-F 2x1qmm BN+BU;GE;SP1
1910362604;3002039;;Leitung LIYCY 18x0,14;EU;SP5
1910365897;3002119;;Leitung AWG28 14Pol;GE;SP2
1910362605;3002159;;Leitung AWG26 8Pol;EU;SP5
1910362606;3002169;;Leitung AWG26 10pol;GE;SP1
1910512137;3002229;3002229_L;Leitung Oelflex 100SY 4G4;GE;SP1
1910362607;3002239;;Leitung Oelflex 100SY 4G10;EU;SP5
1910362608;3002269;;Leitung 4x2x0,14+4x0,5;GE;SP2
1910362609;3002319;;Leitung Oelflex 110 18G1;EU;SP5
1910368389;3002329;3002329_L;Leitung Oelflex 100SY 4G2,5;AE;SP6
1910362610;3002419;;Leitung J-2Y ST Y STIIIBD 2x2x0,6C;GE;SP1
1910365896;3002499;;Leitung AWG24 2pol BU+RD;AE;SP6
1910362611;3002519;;Leitung Oelflex 100 4G4;EU;SP5
1910362612;3002619;;Leitung H05VV-F 2x0,75qmm;GE;SP2
1910362758;3013275110;;Schutzgitter Gebl. DTL;AE;SP6
1910362613;3020379;;Leitung H05RR-F 2x0,75qmm BN+BU;AE;SP6
1910362614;3041099;;Leitung Wrap DR AWG24 WH;EU;SP5
1910362615;3060019;;Leitung h-fr NLHXMH-O 1x1,5qmm RE BK;EU;SP5
1910362616;3060539;;Leitung h-fr J-H St H2x2x0,8qmm;EU;SP5
1910561264;unbekannt;batch4;"5,0"" TFT-Display (LiSY-5)";GE;SP1
8001332251;3113011141;;Kupplungsnabe W191 DTE132/140 Centa A25;EU;SP5
8000921006;3113011147;;Handrad DTE132;GE;SP1
8001292887;3113011148;;Kupplungsnabe TW160 DTE132/140 Centa A50;EU;SP5
8001292888;3116011222;;Kupplungsnabe Centa A50 D55x126;EU;SP5
8001332254;3118011144;;Kupplungsnabe W263;EU;SP5
1910561265;unbekannt;batch4;Schließfeder bis TB=900mm;GE;SP1
8001363214;3253290005;;Aushebevorrichtung 10xD16 DAB530;EU;SP5
8001363251;3253290007;;Seilklemme D16 DAB530;GE;SP1
1910561266;unbekannt;batch4;Taster Reglerfernauslösung;GE;SP1
1910206859;3300019;;Drahtseil 3,2 St1960N;GE;SP1
1910207332;3310011107;;Daempferscheibe D50/d20,5;GE;SP1
1910206860;3310049;;Rollenkette 083-1 BWK;AE;SP6
8001363241;3335285116;;Bolzen D16x38;EU;SP5
1910362759;3345285001;;ZB Bremslüfthebel DAB450;GE;SP1
1910362939;3345285105;;Bolzen D55x229.5 DAB450;GE;SP1
1910363233;3345285112;;Druckfeder DAB450;GE;SP1
1910362760;3353050100;;Lagerdeckel AS DAB530;GE;SP2
1910362761;3353285001;;Bremsluefthebel DAB530;GE;SP1
1910363236;3353285104;;Druckfeder 204x146x26/6 DAB530;GE;SP1
1910362945;3353285106;;Stiftschraube M30x380 DAB530;EU;SP5
8001363240;3353285109;;Bolzen D20x74;EU;SP5
8001363217;3353291002;;ZB Handantrieb DAB530;AE;SP6
1910561267;unbekannt;batch4;LITHIUMBATTERIE FÜR NRT-XT;EU;SP5
8001346246;3450069;;Graphitschnur VKT15;EU;SP5
1910206861;3450089;;Dochtgarn 4faedig weiss;GE;SP1
1910362948;3450139;;Rundschnur 3 Perlon;GE;SP1
1910206862;3450150;;Dochtgarn D6x300 Baumwolle;GE;SP1
1910362617;3450169;;Dichtungsschnur 3x3;EU;SP5
1910561268;unbekannt;batch4;Kausche+Ösens. M24x600 mit;GE;SP1
1910561269;unbekannt;batch4;Meiller Türsteuergerät MDD6;GE;SP1
1910368391;3620279;;Laufschiene 50x10 DC01+ZE25/25APC;GE;SP2
1910561261;unbekannt;batch4;FLACHE GEHAEUSE 200x600x120;GE;SP1
1910561263;unbekannt;batch4;TESYS D RC-GLIED 110-240V AC;GE;SP1
1910561272;unbekannt;batch4;"2.8"" TFT-Display Lisy-3 LOPT";GE;SP1
1910561237;unbekannt;batch4;Türkontakt;GE;SP1
1910561273;unbekannt;batch4;EN 81-71. Schwellennut 16 mm.;GE;SP1
1910362618;4005836;;Fuehrungsschuh GG20;EU;SP5
8001414687;4007096;;Seilrolle D540 x 240 Rohteil;AE;SP6
1910564081;4007106;;Bremsbacke DAF380 GG25;AE;SP6
1910576648;unbekannt;;Rolle Ø50/10×15 mm, 6000-ZZ + SI-R;Z0;SP1
1910576649;batch5;8850004925;Zyl. Rolle Ø100/20×25 mm, 6304-2RS;GE;SP1
1910576650;unbekannt;;Rollenführung Ø60 mm;Z0;
1910576651;unbekannt;;Rolle Ø50/17×18 mm, 6003-2RS + Exz.-Bolz;Z0;SP1
1910576652;unbekannt;;Rolle Ø50/9,8×18 mm, 6003-2RS + Kr-Bu;Z0;SP1
1910576653;batch5;8850004717;Rolle Ø60/17×18 mm, 6003-2RS + Schraube;GE;SP1
1910576654;unbekannt;;Rolle Ø70/17×18 mm, 6003-2RS + SI-R;Z0;
1910362952;4070456;;Zahnriemenscheibe D70x26;GE;SP1
1910576655;batch5;8850005905;Rolle Ø70/17×18 mm, 6003-2RS + Exz.-B.;GE;SP1
1910576656;batch5;8850005906;Rolle Ø70/17×18 mm, 6003-2RS + Schraube;GE;SP1
1910561274;unbekannt;batch4;Zonen-Signalgeber mit Halter;GE;SP1
1910576657;batch5;8850005907;Rolle Ø100×25/31 mm, 2×6005 + Exz.-B.;GE;SP1
1910576658;batch5;8850005908;Rolle Ø100×25/31 mm, 2×6005 + Schraube;GE;SP1
1910576659;unbekannt;;Rolle Ø40/10×15 mm, 6000-2RS + SI-R;Z0;
1910576660;unbekannt;;Geschwindigkeitsbegrenzerseil 6x19S;Z0;SP1
1910576661;unbekannt;;FSF-5 Einlage 140×29,5×30 mm Nut 5,5;Z0;
1910576662;unbekannt;;IP-Router 2N EasyG 4G + SIM;Z0;
1910576663;unbekannt;;Einlage 180×36,5×50 mm Nut 16,5×40;Z0;
1910576664;unbekannt;;Rad Ø48 mm Achse 14,5 mm PA+MoS2;Z0;
1910576665;unbekannt;;Lichtgitter EN81/20;GE;SP1
1910576666;unbekannt;;Fixierkit E10 Klemplatte;Z0;
1910561270;unbekannt;batch4;SCHÜTZ 3P 65A AC3 220VDC 1S1Ö;GE;SP1
1910576667;unbekannt;;FSF-9 KP 100×20×30 mm Nut 9,5;Z0;
1910576668;unbekannt;;FU B&F 16A LCD + Filter + Bremse;Z0;
1910576669;unbekannt;;FU B&F 32A LCD + Filter + Bremse;Z0;
1910576670;unbekannt;;FSF-16 MWG 140×29,5×30 mm Nut 16,5;Z0;
1910576671;unbekannt;;Rad Ø56 mm Achse 14 mm PA;Z0;
1910576672;unbekannt;;Rad Ø54 mm Achse 17 mm PA;Z0;
1910576673;unbekannt;;Fixierkit 743 Ultraslim Klemplatte;Z0;
1910576674;unbekannt;;Notentriegelungsschlüssel;GE;SP1
1910576675;unbekannt;;FU B&F 22A LCD + Filter + Bremse;Z0;
1910576676;unbekannt;;FU B&F 22A LCD + Filter Sync;Z0;
1910561276;unbekannt;batch4;GAT1 GSM-STABANTENNE M.WINKEL;GE;SP1
1910576677;unbekannt;;Fixierkit E10 Slim Static;Z0;
1910576678;unbekannt;;Fixierkit Panachrome 10mm;Z0;
1910576679;unbekannt;;Puffer Ø125/36×80/86 mm Serie S;Z0;
1910576680;unbekannt;;Rad Ø64 mm Innen Ø8 mm PA;Z0;
1910576681;unbekannt;;Puffer Ø101/36×163/168 mm;Z0;
1910576682;unbekannt;;SHS + Einlage 170×120×43,5 mm;Z0;
1910576683;unbekannt;batch4;Führungsschuh-Einlage;GE;SP1
1910576684;unbekannt;;HSMLS FS-Schuh 180 LG Bohrungen;Z0;
1910576685;unbekannt;;HSM FS-Schuh + Öler AK10;Z0;
1910576686;unbekannt;;Öler AK10 129×120×40 mm SB 5–20 mm;Z0;
1910561277;unbekannt;batch4;Zubehör-Set Typ 17 D komplett;GE;SP1
1910576687;unbekannt;;Öler AK5 85×80×80 mm SB 5–20 mm;Z0;
1910576688;unbekannt;;Öler AK2 144×127×41,5 mm SB 5–16 mm;Z0;
1910576689;unbekannt;;Öler AK2 M6×10 144×127×41,5 mm;Z0;
1910576690;unbekannt;;Öler AK4 M5×6 140×100,5×44 mm;Z0;
1910576691;unbekannt;;FU B&F 13A LCD + Filter + Bremse;Z0;
1910576692;unbekannt;;FI-Schalter 40A 30mA 4-polig;Z0;
1910576693;unbekannt;;Energiekette 1,2 m ohne Kabel;Z0;
1910576694;unbekannt;;LIMAX2M NEO RS485 Leseeinheit;Z0;
1910576695;unbekannt;;Gruppenrechner Group-Adap Lisa20/21;Z0;
1910576696;unbekannt;;Energiekette 0,8 m ohne Kabel;Z0;
1910561271;unbekannt;batch4;FI-Schalter 2polig 30mA 12230;GE;SP1
1910576697;unbekannt;;Kabelsatz Panachrome Verlängerung 4m;Z0;SP1
1910576698;unbekannt;;Fixierkit E10 Zentralstift 6mm Set;Z0;
1910576699;unbekannt;;Rolle VSL Ø50/17×18 mm VU 93° Stahl;Z0;
1910576700;unbekannt;;Türlaufrolle PA6 Ø54/48/10×17,5/12,5;Z0;
1910576701;unbekannt;;Einlage EKL 16 PEC 100×26,5×30 mm;Z0;
1910576702;unbekannt;;Rolle VSL Ø50/10×15 mm VU 93° Stahl;Z0;
1910576703;unbekannt;;Einlage EEL 16 PE 300×36,5×38 mm;Z0;
1910576704;unbekannt;;Ventilator 230VAC 67m³/h IP54;Z0;
1910576705;batch5;8850008029;Schmiereinheit ETN 100 + ETN 120;GE;SP1
1910576706;unbekannt;;Einlage EEL 19 PE 300×36,5×38 mm;Z0;
1910561275;unbekannt;batch4;TESYS D/F ZEITBLOCK AV 0,1-30S;GE;SP1
1910576707;unbekannt;;Detektor-Set E10 36 NoDiag TOD 2,7m;Z0;
1910576708;unbekannt;;Controller Panachr+ 3D/2D CBus NoAudio;Z0;
1910576709;unbekannt;;AWG-Adapter AWG-ADAP komplett;Z0;
1910576710;unbekannt;;Zubehör für Ösenschrauben M20;Z0;
1910576711;unbekannt;;Zubehör-Set Typ 6,5 D komplett;Z0;
1910576712;unbekannt;;Zubehör-Set Typ 8 D komplett;Z0;
1910576713;unbekannt;;Zubehör-Set Typ 8 FP2 komplett;Z0;
1910576714;unbekannt;;Seilaufhängungen vz. Größe 6,5;Z0;
1910576715;unbekannt;;Zubehör-Set Typ 11 FP komplett;Z0;
1910576716;unbekannt;;Zubehör-Set Typ 14 FP komplett;Z0;
1910561280;unbekannt;batch4;Lautsprecher für Sprachausgabe;GE;SP1
1910576717;unbekannt;;Zubehör-Set Typ 17 FP komplett;Z0;
1910576718;unbekannt;;Zubehör-Set Typ 8 FP komplett;Z0;
1910576719;unbekannt;;Drücker DR2D 45×45 inkl. Einbau;Z0;
1910576720;unbekannt;;Seilaufhängungen Gr. 352 8;Z0;
1910576721;batch1+2 Tepper + Schweiz batch1;;USV 3000VA/2700W Sentinel SDH 3000-5;Z0;SP1
1910576722;unbekannt;;Gehäuse ABOX 85 leer grau IP55;Z0;
1910576723;unbekannt;;Seilaufhängungen vz. Größe 8;Z0;
1910576724;unbekannt;;Seilaufhängungen vz. Größe 6,5;Z0;
1910576725;unbekannt;;Seilaufhängungen vz. Größe 14;Z0;
1910576726;unbekannt;;Seilaufhängungen vz. Größe 14;Z0;
1910561281;batch4 + batch5;8850005487;Lichtgitter Set Panachrome,10mm;GE;SP1
1910576727;unbekannt;;Seilaufhängungen vz. Größe 14;Z0;
1910576728;unbekannt;;Zubehör-Set Typ 11FP3 komplett;Z0;
1910576729;unbekannt;;Seilaufhängungen Gr. 351 9-12;Z0;
1910576730;unbekannt;;Seilaufhängungen vz. Größe 11;Z0;
1910576731;unbekannt;;Seilaufhängungen vz. Größe 8;Z0;
1910576732;unbekannt;;Seilaufhängungen vz. Größe 8;Z0;
1910576733;unbekannt;;Zubehör-Set Typ 6,5 FP2 komplett;Z0;
1910576734;unbekannt;;Printrelais 12V DC 2xU 2x8A (Typ Finder);Z0;
1910576735;unbekannt;;Hakenriegelrolle Nadellager 10mm Bolzen;Z0;
1910576736;unbekannt;;Instruction  cegard/Lift Reset DE;Z0;
1910561278;unbekannt;batch4;SCHÜTZ 3P 38A AC3 220V DC 1S1Ö;GE;SP1
1910576737;unbekannt;;Sicherheitsrelais 12V DC 2U 2x10A Dold;Z0;
1910576738;unbekannt;;cegard/Lift plug-in system controller;Z0;
1910576739;unbekannt;;PCB door controller VF7+ CAN;EU;SP5
1910576740;unbekannt;;EMI suppressor capacitor complete;Z0;
1910576741;unbekannt;;Koppel-Baustein 12V DC DIN-Schienen;Z0;
1910576742;unbekannt;;SCHÜTZ 3P 32A AC3 230V 1S1Ö;Z0;
1910576743;unbekannt;;Leuchtfeldplatine Lisa-BS1 120x50 mm;Z0;
1910576744;unbekannt;;Beschriftungsfelder V2A Fenster 100x100;Z0;
1910576745;unbekannt;;cegard/Mini-MOD SY-2000-36;Z0;
1910576746;unbekannt;;Steuergerät cegard/Max Standard;Z0;
1910561238;unbekannt;batch4;WANDTELEFON;EU;SP5
1910561279;unbekannt;batch4;Aufzugsteuerrechner Typ LiSA-10;GE;SP1
1910576747;unbekannt;;Lock clutch assembly Models 40/10 PM;Z0;
1910362953;5001140;;SKT Schraube M16x150 8.8 vz GWL kurz;GE;SP1
1910362954;5001160;;SKT Schraube M16x190 8.8 vz;EU;SP5
8001346135;5001400;;Passschraube M16x70;EU;SP5
1910206863;5001430;;Zylinderschraube M6x18 8.8 verzinkt;AE;SP6
8000695001;5001440;;Zylinderschr. ISO 4762 - M8x16 - 8.8 vz;EU;SP5
8000695003;5001450;;Zylinderschraube M8x20 8.8 vz DIN912;GE;SP1
8001414688;5001470;;Zylinderschraube M10x20 8.8 verzinkt;AE;SP6
1910362955;5001480;;Zylinderschraube M10x25 8.8 verzinkt;EU;SP5
1910362956;5001510;;Zylinderschraube M12x30 8.8 verzinkt;EU;SP5
8000694911;5001520;;Zylinderschraube M16x35 8.8 vz DIN912;EU;SP5
8000694912;5001530;;Zylinderschraube M16x40 8.8 vz DIN912;EU;SP5
1910362957;5001590;;SKT Schraube M5x12 8.8 vz;EU;SP5
8000695235;5001650;;SKT Schraube M6x12 8.8 vz DIN933;AE;SP6
8000695005;5001820;;Zylinderschraube  M8x30 8.8 VZ DIN912;AE;SP6
8000694873;5001830;;Zylinderschraube M12x35 8.8 verz DIN912;AE;SP6
1910362959;5001840;;Zylinderschraube M12x40 8.8 vz;EU;SP5
8001360473;5001850;;Zylinderschraube M20x50 8.8 vz DIN912;EU;SP5
1910362960;5002050;;SKT Schraube M12x50 8.8 vz GWL kurz;EU;SP5
8000695061;5002140;;SKT Schraube M16x90 8.8 vz DIN931;EU;SP5
8000695052;5002160;;SKT Schraube M16x120 8.8 vz DIN931;EU;SP5
8000695053;5002170;;SKT Schraube M16x130 8.8 vz DIN931;EU;SP5
1910362961;5002180;;SKT Schraube M16x160 8.8 vz GWL kurz;EU;SP5
1910563972;5002190;;SKT Schraube M20x55 8.8 vz;EU;SP5
8001346136;5002200;;SKT Schraube M20x90 8.8 vz DIN931;EU;SP5
1910362962;5002280;;Zylinderschraube M5x20 8.8 vz;EU;SP5
8000694976;5002300;;Zylinderschraube M6x12 8.8 vz DIN912;EU;SP5
1910563965;5002320;;Zylinderschraube M6x25  8.8 verzinkt;EU;SP5
8000694978;5002330;;Zylinderschraube M6x16  8.8 verzinkt;EU;SP5
8000694826;5002350;;Zylinderschraube M8x35  8.8 verzinkt D**;AE;SP6
8000694847;5002360;;Zylinderschraube M10x30 8.8 verz DIN912;EU;SP5
1910362964;5002370;;Zylinderschraube M10x90 8.8 vz;EU;SP5
8000694910;5002390;;Zylinderschraube M16x30 8.8 vz DIN912;EU;SP5
8000695128;5002810;;SKT Schraube M12x25 8.8 vz DIN933;EU;SP5
1910206866;5002830;;SKT Schraube M6x16 8.8;AE;SP6
8000695254;5002840;;SKT Schraube M8x16 8.8 vz DIN933;AE;SP6
8000695257;5002860;;SKT Schraube M8x25 8.8 vz DIN933;EU;SP5
1910362965;5003010;;SKT Schraube M4x35SZ 8.8 vz;EU;SP5
8000695131;5003030;;SKT Schraube M12x40 8.8 vz DIN933;EU;SP5
1910362966;5003070;;Zylinderschraube M10x35 8.8 vz;EU;SP5
1910362967;5003140;;SKT Schraube M5x35 8.8 vz;EU;SP5
1910563971;5003150;;SKT Schraube M10x35 8.8 vz;EU;SP5
1910362968;5003170;;SKT Schraube M4x20 SZ 8.8 vz;EU;SP5
1910512140;5003280;;SKT Schraube M10x20 8.8 vz;AE;SP6
8000695106;5003290;;SKT Schraube M10x25 8.8 vz DIN933;AE;SP6
8000695107;5003300;;SKT Schraube M10x30 8.8 DIN933;AE;SP6
1910362969;5003310;;SKT Schraube M10x40 8.8 vz;EU;SP5
8000881628;5003320;;SKT Schraube M12x30 8.8 vz;EU;SP5
8000695130;5003330;;SKT Schraube M12x35 8.8 vz DIN933;AE;SP6
1910563973;5003340;;SKT Schraube M12x45 8.8 vz;EU;SP5
1910563967;5003350;;SKT Schraube M12x50 8.8 vz GWL lang;EU;SP5
8000695170;5003380;;SKT Schraube M16x35 8.8 vz DIN933;EU;SP5
8000695171;5003390;;SKT Schraube M16x40 8.8 vz DIN933;EU;SP5
1910563974;5003400;;SKT Schraube M16x50;EU;SP5
8000783114;5003610;;SKT Schraube M16x55 8.8 vz DIN931;EU;SP5
8000695178;5003620;;Schraube DIN933 M16x80 8.8 Zinc;EU;SP5
8000695237;5003760;;SKT Schraube M6x20 8.8 vz;AE;SP6
1910362971;5003880;;SKT Schraube M16x150 8.8 vz GWL lang;EU;SP5
8000694511;5003970;;Zylinderschraube M8x20  8.8 vz DIN7984;EU;SP5
1910362972;5003990;;SKT Schraube M10x80 8.8 vz;EU;SP5
8000694853;5004010;;Zylinderschraube M10x60 8.8 vz;EU;SP5
8000694951;5004050;;Zylinderschraube M5x10 8.8 vz;EU;SP5
1910362973;5004100;;SKT Schraube M8x70 8.8 vz;EU;SP5
1910362974;5004130;;SKT Schraube M4x16 SZ Ms vern.;EU;SP5
1910362975;5004180;;SKT Schraube M4x12 SZ 8.8 vz;EU;SP5
1910563975;5004430;;SKT Schraube M20x50 8,8 vz;EU;SP5
1910365890;5004540;;SKT Schraube M6x60 8.8 vz;EU;SP5
1910362976;5004570;;SKT Schraube M16x110 8.8 vz;EU;SP5
8000694996;5004610;;Zylinderschraube M8x12 8.8 vz DIN912;EU;SP5
8000921188;5004620;;Zyl.Schraube DIN7984 M8x16-8.8 vz mv;AE;SP6
1910362978;5004630;;Zylinderschraube M8x25  8.8 verzinkt;EU;SP5
1910163076;5004680;;SKT Schraube M8x12 8.8 vz ISO 4017;EU;SP5
8000695195;5004700;;SKT Schraube M24x100 8.8 vz DIN933;EU;SP5
1910362979;5004750;;SKT Schraube M10x110 8.8 vz;EU;SP5
1910362619;5004810;;Zylinderschraube M10x20 DIN 7984 0;EU;SP5
1910362980;5004830;;SKT Schraube M16x300 8.8 vz;EU;SP5
1910564082;5004900;;SKT Schraube M8x15 8.8 vz;AE;SP6
1910362981;5004930;;SKT Schraube M6x12 SZ 8.8 vz;EU;SP5
1910362982;5004940;;Sicherungsschraube M10x16;EU;SP5
1910362983;5004950;;Sicherungsschraube M6x10;EU;SP5
8000694494;5005020;;Zylinderschraube M5x25 8.8 vz DIN7984;EU;SP5
1910206869;5005030;;Zylinderschraube M4x8 8.8 vz;AE;SP6
8000814548;5005050;;Zylinderschraube M5x12  8.8 vz. DIN912;GE;SP1
8000695239;5005060;;SKT Schraube M6x30 8.8 vz;EU;SP5
1910368396;5005080;;SKT Schraube M8x55 8.8 vz;GE;SP2
1910362987;5005100;;SKT Schraube M10x50 8.8 vz;EU;SP5
1910563968;5005110;;SKT Schraube M12x60 8.8 vz;EU;SP5
1910362988;5005120;;SKT Schraube M12x80 8.8 vz;EU;SP5
8001346139;5005190;;SKT Schraube M24x100 8.8 vz DIN931;EU;SP5
8001363187;5005240;;SKT Schraube M6x14 8.8 vz;EU;SP5
8000694902;5005300;;Zylinderschraube M16x100 8.8 vz DIN912;EU;SP5
1910362989;5005330;;SKT Schraube M10x120 8.8 vz;EU;SP5
8001413543;5005460;;Sicherungsschraube M8x25;EU;SP5
8001332354;5005530;;Sicherungsschraube M16x55;EU;SP5
8001332356;5005550;;Sicherungsschraube M8x30;EU;SP5
8000695040;5005560;;SKT Schraube M12x220 8.8 vz DIN931;EU;SP5
8000694504;5005580;;Zylinderschraube M6x30 8.8 vz DIN7984;EU;SP5
1910362991;5005590;;SKT Schraube M8x90 8.8 vz;EU;SP5
1910362992;5005600;;SKT Schraube M6x16 MVK 8.8 selbstsich.;EU;SP5
1910362993;5005670;;Zylinderschraube M5x40 8.8 vz;EU;SP5
8000694850;5005770;;Zylinderschraube M10x45 8.8 vz DIN912;EU;SP5
1910512141;5005850;;Zylinderschraube M12x60 8.8 vz;EU;SP5
1910362994;5005990;;SKT Schraube M12x65 8.8 vz;AE;SP6
8001292817;5006000;;SKT Schraube M12x140 8.8 vz;EU;SP5
1910563966;5006100;;Zylinderschraube M4x40 8.8 vz;AE;SP6
1910362996;5006190;;SKT Schraube M16x160 8.8 vz GWL lang;EU;SP5
1910362997;5006200;;SKT Schraube M20x300 8.8 vz;EU;SP5
1910362998;5006260;;Zylinderschraube M12x30 12.9 schwarz;EU;SP5
8000921043;5006310;;Zylinderschraube M12x35-8.8 verz mv DI**;EU;SP5
8000920982;5006320;;Zylinderschraube M10x30-8.8 verz mv DI**;EU;SP5
8000921084;5006330;;SKT Schraube M8x150 8.8 vz DIN931;EU;SP5
8001332201;5006340;;Zylinderschraube M16x50 8.8 mv. DIN912;GE;SP1
1910362999;5006370;;Imbus Ripp-Schraube M8x16;EU;SP5
8001332357;5006380;;Zylinderschraube M16x60 10.9 mv. DIN912;EU;SP5
8000920993;5006400;;Zylinderschraube M16x40 8.8 mikroverk.**;GE;SP1
1910363000;5006410;;Zylinderschraube M16x45 8.8 Mikroverk.;EU;SP5
1910363001;5008740;;SKT Schraube M5x25 8.8 vz;EU;SP5
1910563970;5009030;;Zylinderschraube M16x50  8.8 verzinkt;EU;SP5
1910363002;5009060;;SKT Schraube M5x16 8.8 vz;EU;SP5
1910363003;5009070;;SKT Schraube M5x10 8.8 vz;EU;SP5
1910365889;5009110;;SKT Schraube M6x10 8.8 vz;EU;SP5
1910206870;5009120;;SKT Schraube M6x25 8.8 vz;AE;SP6
1910363004;5009160;;SKT Schraube M8x10 8.8 vz;EU;SP5
1910363005;5009180;;SKT Schraube M8x45 8.8 vz;EU;SP5
1910563969;5009200;;SKT Schraube M8x50 8.8 vz;EU;SP5
1910365888;5009220;;SKT Schraube M8x80 8.8 vz;EU;SP5
1910564083;5009260;;SKT Schraube M10x55 8.8 vz;AE;SP6
1910563976;5009360;;SKT Schraube M16x60 8.8 vz;EU;SP5
8001360476;5009440;;SKT Schraube M10x16 8.8 vz DIN933;EU;SP5
1910363006;5009970;;SKT Schraube M16x200 8.8 vz;AE;SP6
1910576748;unbekannt;;NRT1XSV3-HB;Z0;
1910576749;unbekannt;;Rubber seal for optoedges cegard/Lift;Z0;
1910206871;5020040;;Senkschraube AM4x8 4.8 vz;AE;SP6
1910363007;5020090;;Senkschraube AM4x18 4.8 vz;EU;SP5
1910363008;5020110;;Senkschraube AM4x25 4.8 vz;EU;SP5
1910206872;5020330;;Senkschraube AM10x20 4.8 vz;AE;SP6
1910365887;5020390;;Flachkopfschraube M3x6 4.8 vz;EU;SP5
1910564084;5020410;;Flachkopfschraube M3x10 4.8 vz;AE;SP6
1910363009;5020480;;Flachkopfschraube AM3x35 4.8 vz;EU;SP5
1910363010;5020490;;Flachkopfschraube M4x5 4.8 vz;EU;SP5
1910363011;5020500;;Flachkopfschraube M4x6 4.8;GE;SP1
1910363012;5020530;;Flachkopfschraube M4x10 4.8 vz;GE;SP1
1910206873;5020550;;Flachkopfschraube M4x12 4.8 vz;EU;SP5
1910365886;5020570;;Flachkopfschraube M4x16 4.8 vz;GE;SP1
1910206874;5020600;;Flachkopfschraube M4x25 4.8 vz;AE;SP6
8001292818;5020620;;Flachkopfschraube AM4x30 4.8 vz;EU;SP5
1910363014;5020630;;Flachkopfschraube AM4x35 4.8 vz;GE;SP1
1910363015;5020670;;Flachkopfschraube M5x10 4.8 vz;EU;SP5
1910206875;5020690;;Flachkopfschraube M5x12 4.8 vz;AE;SP6
1910363016;5020700;;Flachkopfschraube M5x16 4.8 vz;EU;SP5
1910206876;5020720;;Flachkopfschraube M5x20 4.8 vz;EU;SP5
1910363017;5020730;;Flachkopfschraube M5x25 4.8 vz;EU;SP5
8000694567;5020790;;Flachkopfschraube M6x16 4.8 vz DIN7985;EU;SP5
1910564085;5021290;;Flachkopfschraube AM5x30 4.8 vz;AE;SP6
1910363018;5021420;;Zylinderschraube M6x8 4.8 vz;EU;SP5
1910363019;5021880;;Flachkopfschraube M6x10 5.8 vz;EU;SP5
1910363020;5022620;;Flachkopfschraube AM3x30 4.8 vz;EU;SP5
1910363021;5023280;;Senkschraube M4x6 4.8 vz;AE;SP6
1910363023;5023420;;Senkschraube M4x12 4.8 vz;EU;SP5
1910363024;5023430;;Senkschraube M8x25 4.8 vz;EU;SP5
1910363025;5023470;;Flachkopfschraube M2,5x6 4.8 vz;EU;SP5
1910363026;5023490;;Senkschraube M5x16 4.8 vz;EU;SP5
1910365885;5023520;;Flachkopfschraube M2,5x8 4.8 vz;EU;SP5
1910206877;5023530;;Linseninnensechskantschraube M4x10 vz;AE;SP6
1910363027;5023560;;Senkschraube M4x20 Ms;EU;SP5
1910363028;5023630;;Senkschraube M6x16 4.8 vz;EU;SP5
1910206878;5023660;;Linseninnensechskantschraube M4x15 BK ch;AE;SP6
1910363029;5023750;;Halbrundschraube M5x12 H;EU;SP5
1910206879;5023780;;Linsenkopfschraube M3x6 H 4.8 vz;AE;SP6
1910363030;5023820;;Senkschraube M8x20 V2A;EU;SP5
1910206880;5023880;;Senkschraube M6x12 8.8 vz;AE;SP6
1910363031;5023920;;Senkschraube M4x35 sw chromat.;EU;SP5
1910363032;5024020;;Senkschraube M6x20 8.8 vz;EU;SP5
1910576750;unbekannt;;Lüftungsgitter Filter EN81-20 124x124;Z0;
1910363033;5030150;;Steinschraube FM12x100 MU 3.6;AE;SP6
1910363034;5030420;;Flachrundschraube M6x30 MU 4.6 vz;EU;SP5
1910363035;5030630;;Senkschraube M8x20 MU 4.6 vz;EU;SP5
1910206881;5030660;;Senkschraube M10x30 MU 4.6 vz;EU;SP5
1910363036;5030750;;Senkschraube M12x35 MU 4.6 vz;EU;SP5
1910363037;5031620;;Gewindestift M6x25 14H St vz;EU;SP5
1910363039;5031930;;Augenschraube M6x50 4.6 vz;EU;SP5
1910363040;5031990;;Augenschraube BM 16x400 5.6 GWL180;EU;SP5
1910363041;5032030;;Augenschraube BM12x60 4.6 vz;EU;SP5
1910363042;5032040;;Augenschraube BM8x40 4.6 vz;EU;SP5
1910363043;5032730;;Hammerkopfschraube M12x30 MU;EU;SP5
1910363044;5032900;;Schaftschraube m. Schlitz M5x25 9S20K vz;EU;SP5
1910363045;5032960;;Gewindestift M5x6 45H St vz;EU;SP5
1910363046;5032970;;Gewindestift M6x16 45H St vz;EU;SP5
1910363047;5032980;;Schaftschraube M8x110 9S20K;EU;SP5
1910363048;5033020;;Friesleistenschraube M4x20 St vz;GE;SP2
1910363049;5033160;;Blindschraube M5x22 45H vz;EU;SP5
1910363050;5033300;;Augenschraube LBM8x100 5.6 vz;EU;SP5
1910365884;5033330;;Gewindebolzen M3x10 V2A;EU;SP5
1910363052;5033340;;Gewindebolzen M3x25 V2A;EU;SP5
1910363053;5033350;;Distanzbolzen M6x20;GE;SP1
8001332202;5033650;;Stiftschraube M16FOx40 8.8 mikroverk. **;EU;SP5
1910363054;5033840;;Ringschraube M24 C15E vz;GE;SP1
1910363055;5033880;;Augenschraube BM 20x400 5.6;AE;SP6
1910363056;5033890;;Augenschraube BM 16x400 5.6 GWL40;GE;SP2
1910363057;5033970;;Hammerkopfschraube M12x60 MU Halfen;GE;SP1
1910576751;unbekannt;;Koppel-Baustein 24V DC DIN-Schienen;Z0;
1910362620;5040100;;Kegelstift 8x60;EU;SP5
1910206882;5040400;;Splint 1,6x16;AE;SP6
1910363058;5040420;;Splint 2x16;EU;SP5
1910362819;5040430;;Splint 2x20;EU;SP5
1910362822;5040480;;Splint 3,2x32;EU;SP5
1910362823;5040500;;Splint 4x25;EU;SP5
1910363067;5040510;;Splint 4x32;AE;SP6
1910363060;5040520;;Splint 4x36;EU;SP5
1910362832;5040560;;Splint 5x36;EU;SP5
1910362834;5040600;;Splint 6,3x40;EU;SP5
1910206883;5040690;;Kerbstift 4x16;AE;SP6
1910363070;5040730;;Kerbstift 5x20;AE;SP6
1910362844;5040750;;Kerbstift 5x40 L40mm;EU;SP5
1910363075;5040790;;Kerbstift 6x35;AE;SP6
1910362846;5041030;;Spannstift 3x16;EU;SP5
1910363065;5041060;;Spannstift 5x30;AE;SP6
1910362621;5041070;;Spannstift 5x36;EU;SP5
8000693202;5041080;;Spannstift 6x18 DIN1481;EU;SP5
1910363096;5041180;;Spannstift 8x50;EU;SP5
1910362879;5042320;;Spannstift 3x24;EU;SP5
1910363098;5042440;;Kerbstift 5x40;EU;SP5
1910363071;5042560;;Bolzen 12H11x30x24;EU;SP5
1910363072;5042600;;Bolzen 20H11x190x165;EU;SP5
1910363073;5042710;;Bolzen 16H11x50x34;EU;SP5
1910363074;5042730;;Bolzen 22H11x70x52;EU;SP5
8001346142;5042840;;Zylinderstift 16M6x16 DIN7;EU;SP5
1910363076;5043080;;Bolzen B10 H11x25x18;EU;SP5
8001332203;5043300;;Kerbstift ISO 8742 12x40;AE;SP6
1910363077;5043580;;Bolzen B20 H11x240x222;EU;SP5
1910363078;5043590;;Bolzen B10 H11x 33x 28;EU;SP5
1910363079;5043630;;Bolzen B20 H11x200x184;EU;SP5
1910576752;unbekannt;;Befestigungsset AWG + Magnetband;Z0;
1910363080;5050290;;SKT Holzschraube 8x50 St vz;GE;SP1
1910365883;5050370;;Linsenkopfblechschraube ST4,2x16 CH vz;AE;SP6
1910363081;5050480;;Linsenkopfblechschraube ST4,8x9,5 CH vz;AE;SP6
1910363082;5050700;;Linsenkopfblechschraube ST3,9x13 CH vz;EU;SP5
1910363083;5050760;;Linsenkopfblechschraube ST3,5x9,5 CH vz;EU;SP5
1910365882;5050790;;Linsenkopfblechschraube ST4,8x16 CH vz;EU;SP5
1910363084;5050820;;Bohrschraube ST4,8x16 K St vz;EU;SP5
1910363085;5050840;;Schneidschraube AM5x10 vz;EU;SP5
1910363086;5050850;;Schneidschraube AM6x12 C15 vz;EU;SP5
1910363087;5050890;;Linsenkopfblechschraube ST2,9x9,5 CH;AE;SP6
1910365881;5050900;;Linsenkopfblechschraube ST4,2x9,5 CH vz;EU;SP5
1910363088;5050960;;Linsenkopfblechschraube ST  2,9x13 CH vz;EU;SP5
1910363089;5050990;;Linsenkopfblechschraube ST2,9x16 CH vz;EU;SP5
1910368397;5051010;;Linsensenkblechschraube ST4,2x13 CH vz;GE;SP2
1910576753;unbekannt;;Printrelais 12V DC 2xU 2x8A Finder;Z0;
1910362622;5060040;;Kronenmutter M20x1,5 5 vz;EU;SP5
8000921085;5060060;;SKT Mutter B M16x1,5 05 St vz DIN439;EU;SP5
1910209220;5060100;;Nutmutter M30x1,5 5;AE;SP6
1910206885;5060110;;Nutmutter M35x1,5 5;EU;SP5
1910362623;5060130;;Nutmutter M52x1,5 5;AE;SP6
1910165476;5060150;5060150_L;SCHEIBE DIN125 M4 ZINC;AE;SP6
8000690222;5060170;;Unterlegscheibe DIN125 M5 Zink;EU;SP5
1910365879;5060180;;Scheibe A 5,3 Ms;EU;SP5
1910166124;5060190;;Unterlegscheibe DIN125 M6 Zink;AE;SP6
1910365878;5060200;;Scheibe B 6,4 Ms;EU;SP5
1910166128;5060210;;Unterlegscheibe DIN125 M8 Zink;EU;SP5
1910206887;5060230;;Scheibe B 10,5 St vz;AE;SP6
8000690210;5060250;;Scheibe A13 St vz DIN 125;AE;SP6
8000690212;5060290;;Scheibe A17 St vz DIN125;AE;SP6
8000690215;5060300;;Scheibe A 21 St vz DIN125;AE;SP6
8000690216;5060320;;Scheibe A 25 St vz DIN125;EU;SP5
1910363094;5060330;;Scheibe B 31 St vz;EU;SP5
1910363100;5060400;;Federring A3 Federstahl vz;EU;SP5
1910363102;5060420;;Federring A5 Federstahl vz;EU;SP5
1910363104;5060430;;Federring A6 Federstahl vz;EU;SP5
1910363105;5060440;;Federring A8 Federstahl vz;EU;SP5
8000263339;5060450;;Federring A12 Federstahl vz;AE;SP6
8001332359;5060460;;Federring A16 Federstahl vz DIN128;EU;SP5
1910363106;5060480;;Federring A20 Federstahl vz;EU;SP5
1910363099;5060650;;Scheibe 15x2 St vz;AE;SP6
1910362845;5060670;;U-Scheibe 13 DIN 6918 vz;EU;SP5
8000690289;5060680;;U-Scheibe 17 DIN6918 vz;AE;SP6
1910362624;5060780;;SKT Mutter B M6 04 Au vz;AE;SP6
1910206891;5060800;;SKT Mutter B M8;AE;SP6
1910206892;5060820;;SKT Mutter M10;AE;SP6
1910206893;5060830;;Sicherungsblech 30 St1303;EU;SP5
1910206894;5060840;;Sicherungsblech 35 St1303;EU;SP5
1910363107;5060870;;Sicherungsblech 52 St1303;AE;SP6
1910206895;5060880;;Sicherungsblech 60 St1303;AE;SP6
1910362889;5060910;;Sicherungsring 8x0,8 Federstahl;EU;SP5
1910363108;5060920;;Sicherungsring 12x1 Federstahl;EU;SP5
1910206896;5060930;;Sicherungsring 15x1 Federstahl;AE;SP6
8000690572;5060940;;Sicherungsring 16x1 Federstahl;AE;SP6
8000690576;5060950;;Sicherungsring 20x1,2 Federstahl;AE;SP6
8001363242;5060970;;Sicherungsring 25x1,2 Federstahl;AE;SP6
1910363117;5060990;;Sicherungsring 35x1,5 Federstahl;EU;SP5
8001363357;5061010;;Sicherungsring 45x1,75 Federstahl;EU;SP5
8000690582;5061020;;Sicherungsring 60x2 Federstahl DIN471;EU;SP5
8001363247;5061050;;Sicherungsring 42x1,75 Federstahl;AE;SP6
1910363131;5061060;;Sicherungsring 47x1,75 Federstahl;EU;SP5
8001272730;5061110;;Sicherungsring 140x4 Federstahl DIN472;EU;SP5
1910362625;5061630;;SKT Mutter M4 Ms;EU;SP5
8000690153;5061720;;SKT Mutter M16 8 vz DIN934;AE;SP6
1910362626;5061790;;SKT Mutter B M16 05 St vz;EU;SP5
1910166122;5061800;;Mutter DIN985 M8 CINC;EU;SP5
8000690191;5061810;;SKT Mutter M12 8 vz;EU;SP5
8000690193;5061820;;SKT Mutter M16 8 vz DIN 985;AE;SP6
8000690194;5061830;;SKT Mutter M20 8 vz DIN 985;EU;SP5
1910363111;5061850;;Scheibe 16 St vz;AE;SP6
1910363112;5061940;;Zahnscheibe V10,5 Federstahl vz;EU;SP5
1910362847;5062020;;Sicherungsscheibe 3,2 Federstahl vz;EU;SP5
1910363113;5062040;;Sicherungsscheibe 7 Federstahl vz;EU;SP5
1910362627;5062060;;Sicherungsmutter M6 Federstahl vz;EU;SP5
1910362628;5062070;;Sicherungsmutter M8 Federstahl vz;EU;SP5
1910563960;5062080;;Sicherungsmutter M10 Federstahl vz;EU;SP5
1910362629;5062090;;Sicherungsmutter M12 Federstahl vz;EU;SP5
8000690131;5062100;;Sicherungsmutter M16 Federstahl vz DIN**;EU;SP5
8000690132;5062110;;Sicherungsmutter M20 Federst. vz DIN7967;EU;SP5
8001332360;5062130;;Sicherungsmutter M24 Federstahl vz DIN**;EU;SP5
1910365875;5062150;;Scheibe A 4,3 St vz;EU;SP5
1910163139;5062170;;Scheibe A3,2 St vz;EU;SP5
1910563979;5062180;;Federring A10 Federstahl vz;EU;SP5
1910362630;5062200;;Sicherungsmutter M30 Federstahl vz;EU;SP5
8000690592;5062670;;Sicherungsring 110x4 Federstahl DIN472;GE;SP1
8000690166;5062820;;SKT Mutter M8 8 vz DIN934;AE;SP6
1910206901;5063240;;Schnappmutter 4,2 Federstahl;AE;SP6
1910206902;5063300;;Sicherungsring 10x1 Federstahl;GE;SP1
1910362848;5063550;;Sicherungsscheibe 12 Federstahl vz;EU;SP5
1910166140;5063580;;Mutter DIN934 M12 Zinc;AE;SP6
8000690156;5063610;;SKT Mutter M20 8 vz DIN934;AE;SP6
1910362849;5063620;;Scheibe 12 St vz;EU;SP5
1910206904;5063630;;Zahnscheibe A10,5 Federstahl vz;AE;SP6
1910362631;5063950;;SKT Mutter M10 DIN 985;EU;SP5
1910363121;5064000;;Sicherungsscheibe 6 Federstahl vz;EU;SP5
8000690209;5064010;;Scheibe 10 St vz;EU;SP5
1910362632;5064020;;Scheibe A 10,5 St vz;EU;SP5
1910206905;5064120;;Faecherscheibe A 5,3 Federstahl vz;AE;SP6
8000690325;5064130;;Scheibe A 6,4 St vz DIN9021;GE;SP1
1910206906;5064140;;Faecherscheibe A 6,4 Federstahl vz;AE;SP6
8000690157;5064150;;SKT Mutter M24 8 vz DIN934;EU;SP5
1910362850;5064380;;Scheibe R 6,6 St vz;AE;SP6
1910362633;5064580;;SKT Sicherungsmutter M5 8 vz;EU;SP5
1910363124;5064600;;Scheibe 10,5 St vz;EU;SP5
1910363125;5064740;;Scheibe R 13,5 St vz;EU;SP5
1910363126;5064770;;Kugelscheibe C17;EU;SP5
1910363127;5064790;;Kegelpfanne D19 St;EU;SP5
1910363128;5065130;;Scheibe 4,3 Pressspan;EU;SP5
1910363129;5065260;;Passscheibe 26x37x1 Federstahl;EU;SP5
8001292821;5065300;;Scheibe A13 St vz DIN EN ISO 7093;EU;SP5
1910206907;5065360;;Faecherscheibe A 4,3 Federstahl vz;GE;SP1
8001332204;5065400;;SKT Mutter M20x1,5 8 vz DIN 934;EU;SP5
1910368402;5065550;;Zackenring ZJ10;EU;SP5
8001332205;5065590;;Kugelscheibe C13 DIN6319;EU;SP5
1910206908;5065630;;Scheibe 35,5/80x2,5 Bremsbelag;AE;SP6
8001292866;5065770;;Scheibe 17/33x0,5 St2K50 GK vz;AE;SP6
8001292867;5065780;;Scheibe 46/70x1 DC01 C490 vz;AE;SP6
8000690318;5065900;;Scheibe M16 vz DIN9021;AE;SP6
1910365873;5065910;;Faecherscheibe A 3,2 Federstahl vz;AE;SP6
8001292869;5065930;;Scheibe 21/33x1 St37-2 vz;AE;SP6
1910363141;5066030;;Spreizniet 6;EU;SP5
8000690263;5066060;;Faecherscheibe A8,4  Federstahl vz;AE;SP6
8000921040;5066080;;Sicherungsscheibe S10 Federstahl vz;AE;SP6
8000690299;5066240;;Scheibe 17St vz DIN7349;EU;SP5
8000920987;5066320;;Sicherungsscheibe S8;AE;SP6
1910206911;5066340;;Scheibe 5,5/20x2 Vulkollan;AE;SP6
8000921086;5066390;;Kugelscheibe C8,4 DIN6319;EU;SP5
1910362892;5066440;;Niet 6x12;EU;SP5
1910206912;5066450;;Faecherscheibe;AE;SP6
8000690251;5066460;;Faecherscheibe A13 Federstahl vz DIN6798;EU;SP5
1910363134;5066470;;Faecherscheibe A16,5 Federstahl;EU;SP5
1910564086;5066480;;Faecherscheibe A25 Federstahl vz;AE;SP6
1910362894;5066570;;L Ring A 25x1,2;EU;SP5
8000690160;5066600;;SKT Mutter M30 8 vz DIN934;EU;SP5
1910206913;5066640;;Sicherungsscheibe S6 Federstahl vz;AE;SP6
1910362854;5066690;;Scheibe 13 St vz;EU;SP5
1910362634;5066750;;SKT Mutter B M12 06 vz;EU;SP5
8001332363;5066790;;Scheibe 12/22x5 St50K vz;EU;SP5
1910363151;5067070;;Sicherungsring 110x4;EU;SP5
1910206914;5067080;;Sicherungsring 120x4;EU;SP5
1910206915;5067090;;Sicherungsring 130x4;AE;SP6
1910206916;5067100;;Sicherungsring 140x4;AE;SP6
1910362635;5067120;;Nietmutter M4 St vz;EU;SP5
8000920998;5067210;;Clipsmutter M4 1,8-2,6 St vz;EU;SP5
1910302228;5067240;;SKT Mutter M3 8 vz;EU;SP5
1910206917;5067250;;SKT Mutter M4 DIN 934;AE;SP6
1910206918;5067260;;SKT Mutter M5 8 vz DIN  934;GE;SP1
8000690164;5067270;;SKT Mutter M6 vz DIN934;AE;SP6
8001292832;5067280;;SKT Mutter M10 DIN 934;AE;SP6
1910362637;5067290;;SKT Mutter M20x1,5 10 schwarz;GE;SP1
8000690197;5067320;;SKT Mutter M4 DIN 985;EU;SP5
1910362638;5067450;;SKT Mutter V M16 8 vz;EU;SP5
8000921002;5067500;;Sicherungsscheibe S4 Federstahl vz;EU;SP5
8001363379;5067510;;Sicherungsscheibe S5 Federstahl vz;GE;SP1
1910564087;5067580;;Scheibe 3,5/10x1,5 Gummi m. Gewebe;AE;SP6
1910365871;5067640;;Blindniet 4x8;EU;SP5
1910362866;5067690;;Scheibe DIN 7349 6,4 St vz;EU;SP5
1910362639;5067840;;Kaefigmutter M6 St;GE;SP1
1910206921;5067960;;Mutter L Pg16 Fs;AE;SP6
1910362640;5068070;;Clipsmutter M8;EU;SP5
1910209119;5068100;;Sicherungsring 150x4 Federstahl;AE;SP6
1910362641;5068150;;Clipsmutter M4 0,7-1,6 St-vz;EU;SP5
1910368398;5068160;;SKT Mutter B M20 04 St vz;EU;SP5
8000920986;5068310;;Sicherungsscheibe S12 Federstahl vz;EU;SP5
8000921087;5068350;;SKT Mutter M16 8 vz DIN 980;EU;SP5
8001332206;5068360;;SKT Mutter B M20x1,5 04 St vz DIN439;EU;SP5
1910363147;5068370;;Passscheibe 18x25x1;EU;SP5
8000837028;5068380;;Sicherungsring 240x5 Federstahl DIN472;EU;SP5
8001332364;5068390;;Wellenmutter M55x2 H:24;GE;SP2
8000690199;5068550;;SKT Mutter M6 8 vz;EU;SP5
1910563978;5068620;;Scheibe 8,4 St vz;EU;SP5
8001363280;5068760;;Sicherungsring 75x2,5 Federstahl;EU;SP5
8001360474;5069000;;Scheibe 21 St vz;EU;SP5
8000921088;5069010;;SKT Mutter M16x1,5 8 vz DIN934;EU;SP5
8000921042;5069100;;Sperrkantscheibe NSK L12 Federstahl;AE;SP6
1910363152;5069150;;Anschlussscheibe B6;EU;SP5
8000749922;5069190;;Sperrkantscheibe SK M8 Federstahl;AE;SP6
8000920977;5069210;;Wellenmutter M55x2 H:13,5;EU;SP5
8000921041;5069220;;Sperrkantscheibe SK M6 Federstahl;GE;SP1
8000920994;5069230;;Sperrkantscheibe NSK L 16 Federstahl;GE;SP1
1910362642;5069240;;Clipsniet D6 Klemmbereich 2-6;EU;SP5
8000920980;5069250;;Sperrkantscheibe NSK L 10 Federstahl;GE;SP1
1910362643;5069280;;Blindnietmutter M8;EU;SP5
1910362644;5069310;;Kaefigmutter M4 St vz;AE;SP6
1910362645;5069330;;Stellring A10;EU;SP5
1910362646;5069360;;Blindniet 3,2x10 A2;EU;SP5
1910362647;5069390;;Schnappmutter 4,8;AE;SP6
8000690595;5069400;;Sicherungsring 130x4 Federstahl DIN472;EU;SP5
1910368400;5069560;;Scheibe 20 St vz;GE;SP2
1910576754;unbekannt;;Zugfeder AWG Limax33CP 20mm;Z0;
1910363158;5070130;;Passscheibe 50x62x1;GE;SP1
1910576755;unbekannt;;EQ50 Drücker quadratisch 50x50 mm;Z0;
1910576756;unbekannt;;Gummiprofil;Z0;
1910561282;unbekannt;batch4;SCHÜTZ 3P 38A AC3 220V DC 1S1Ö PK;AE;SP6
1910576757;unbekannt;;Beschriftungsfelder V2A Fenster 44x32;Z0;
1910365869;5100020;;Aufputzsteckdose 16A 250V Schraubkl. ws;GE;SP1
1910362649;5100030;;Widerstand Draht 1K 5% 8W;EU;SP5
1910362650;5100070;;Widerstand Draht 50R 5% 2W;EU;SP5
1910206924;5100080;;Widerstand Metall 100R 5% 2W RM15;EU;SP5
1910362651;5100110;;Widerstand Draht 2K 5% 2W;EU;SP5
1910365868;5100130;;Schraubkappe Kit E27 25A;EU;SP5
1910362652;5100160;;Sicherungseinsatz D E27 2 500;GE;SP2
1910362653;5100170;;Sicherungseinsatz D E27 4 50;EU;SP5
1910362654;5100180;;Sicherungseinsatz D E27-6-500;GE;SP2
1910365867;5100190;;Sicherungseinsatz D E27-10-500;EU;SP5
1910362655;5100200;;Sicherungseinsatz D E27-16-500;EU;SP5
1910365866;5100260;;Passeinsatz E27-10;EU;SP5
1910362656;5100370;;Sicherungseinsatz D E27-25-500;EU;SP5
1910365865;5100410;;Widerstand Kohle 120R 5% 030;GE;SP1
1910362657;5100560;;Schukosteckdose 2pol Gekaps. IP44;EU;SP5
1910206925;5100970;;Sicherung träge 2A 5x20;AE;SP6
1910362658;5101050;;Widerstand Draht 3K3 5% 11W;EU;SP5
1910362659;5101060;;Widerstand Draht 390R 5% 15W;AE;SP6
1910206926;5101070;;Kondensator Elko 47µF 100V 10/50%;AE;SP6
1910206927;5101090;;Kondensator Elko 220MF 100V 10/50%;AE;SP6
1910365864;5101140;;NH Einsatz 00 80 GL500 WS;GE;SP1
1910365964;5101300;;Widerstand Kohle 470K 5% 0207;EU;SP5
1910206928;5101380;;Widerstand Draht 2R7 5% 5W;EU;SP5
1910206929;5101390;;NH Einsatz 00 100 GL500 WS;EU;SP5
1910365863;5101540;;Widerstand Metall 1K 1% 1W;EU;SP5
1910362660;5101830;;Schmelzeinsatz G M0,2 C;EU;SP5
1910362661;5101840;;Sicherung 5x20 M 500mA;AE;SP6
1910362662;5101950;;Schmelzeinsatz G M 1 C;AE;SP6
1910206930;5102150;;Varistor 30V 0,1W;GE;SP1
1910206931;5102170;;Varistor 275V 0,6W;AE;SP6
1910206932;5102230;;Sicherung flink 5 x 20 3,15A;AE;SP6
1910362663;5102240;;Schmelzeinsatz G M6,3 E;EU;SP5
1910365862;5102260;;Sicherungseinsatz D DO2x35x380;GE;SP1
1910365861;5102310;;Passeinsatz D D02x25;EU;SP5
1910365860;5102320;;Passeinsatz D D02x35;EU;SP5
1910365859;5102350;;Widerstand Kohle 2K2 5% 0309;EU;SP5
1910362664;5102440;;Widerstand 1k 5% 2W;EU;SP5
1910362665;5102490;;Al-Elko 10µF 63V RM5;EU;SP5
1910362666;5102500;;Varistor 550V 0,6W;EU;SP5
1910362667;5102650;;Widerstand Draht 270R 5% 5W;EU;SP5
1910206933;5102660;;Kondensator AL Elko 10000µF 40VG;AE;SP6
1910206934;5102670;;NH Einsatz 00 25 GL500 WS;GE;SP1
1910206935;5102680;;NH Einsatz 00 35 GL500 WS;EU;SP5
1910206936;5102690;;NH Einsatz 00 50 GL500 WS;AE;SP6
1910206937;5102700;;NH Einsatz 00 63 GL500 WS;AE;SP6
1910365858;5102710;;NH Einsatz 00 125 GL500 WS;GE;SP1
1910365857;5102730;;Sicherungssockel mit Abdeckung;EU;SP5
1910362932;5102920;;Widerstand Netzwerk 100K 8X;EU;SP5
1910206938;5102960;;Varistor 250V 1W;AE;SP6
1910206939;5102970;;Varistor 420V 1W;GE;SP1
1910206940;5102980;;Varistor 550V 1W;GE;SP1
1910206941;5103180;;Sicherung 660 C4URF 160;AE;SP6
1910365856;5103200;;Schraubkappe DO2 E18 63A;GE;SP1
1910365855;5103210;;Sicherungseinsatz D DO1x4x380;EU;SP5
1910365854;5103220;;Sicherungseinsatz D DO1x16x380;GE;SP1
1910206942;5103600;;Schraubkappe D D03-380;EU;SP5
1910365853;5103660;;Sicherungseinsatz D DO1x10x380;GE;SP1
1910365852;5103670;;Spezial Passeinsatz D DO1x10;GE;SP1
1910206943;5103810;;Neozed Sicherungssockel DO2;GE;SP1
1910362668;5103840;;Sicherungseinsatz D DO2x20x380;EU;SP5
1910362669;5103850;;Passeinsatz D D02x20;EU;SP5
1910362670;5103890;;NH Einsatz 00 20 GL500;GE;SP1
1910365851;5103900;;Haltefeder;EU;SP5
1910362671;5104210;;Kondensator MKT 0,22µF 63V 10% RM5;EU;SP5
1910362672;5104470;;Varistor 125V 0,6W;EU;SP5
1910365850;5105710;;Varistor 230V Hutschienenmontage;EU;SP5
1910362673;5105920;;Varistor 275V 1W;EU;SP5
1910206945;5106610;;Zylindersicherung 63A 660V;AE;SP6
1910362674;5106920;;Kondensator Y 2x4700pF 250V 20%;EU;SP5
1910362675;5107100;;Kondensator Y 0,1µF 250VAC;EU;SP5
8001363231;5107110;;Entstoerbeschaltung EMV;AE;SP6
8001360642;5107410;;Kondensator 2µF 4000VAC;GE;SP1
1910362677;5108080;;Halbleiter Sicherung 250A 690V NH Gr.1;GE;SP2
1910206946;5108090;;Halbleiter Sicherung 200A 690V NH Gr.1;GE;SP1
1910362678;5108100;;Halbleiter Sicherung 315A 690V NH Gr.1;GE;SP1
1910362679;5108450;;Schmelzeinsatz G T0,5A  x20;EU;SP5
1910576758;unbekannt;;Anzeigenfenster Macrolon 55x200x5 mm;Z0;
1910576759;unbekannt;;EQ50 Leuchtfeld 50x50 mm quadratisch;Z0;
1910206948;5120050;;Lampe E 6V 15W;GE;SP1
1910206949;5120060;;Lampe 24/30V 2W E14;GE;SP1
1910362680;5120070;;Lampe C11 12V 5W;EU;SP5
1910206950;5120100;;Lampe H 24V 2W;GE;SP1
1910206951;5120110;;Leuchtstofflampe 32W D32 Ring D311;GE;SP1
1910362682;5120160;;Soffittenhalter 32x12;EU;SP5
1910206952;5120180;;Leuchtstofflampe Ex 40W D36 1183,5mm U-w;EU;SP5
1910206953;5120210;;Lampe H 12V 2W;GE;SP1
1910362683;5120220;;Lampenfassung BA9S;AE;SP6
1910564088;5120350;;Lampe Z 24V 5W E14;AE;SP6
1910206955;5120360;;Lampe C11 24V 3W;GE;SP1
1910206956;5120370;;Lampe J 12V 1,2W;GE;SP1
1910206957;batch5;8850003593;Lampe J 24V 1,2W;GE;SP1
1910362684;5120390;;Leuchtstofflampe 10W D26 470mm Interna;GE;SP1
1910365848;5120450;;Glimmlampe 220V BA 9S;EU;SP5
1910362685;5120470;;Leuchtstofflampe 23W D26 740mm Warmton;EU;SP5
1910206961;5120520;;Lampe TC-L 24W Hellweiss;EU;SP5
1910362686;5120550;;Anzeigenleuchte LED rot ohne Vorwiderst.;GE;SP1
1910362687;5120560;;Feuchtraumleuchte 58W IP65 EVG h-fr;GE;SP2
1910362688;5120580;;Leuchtstofflampe 58W D26 1500mm -640;EU;SP5
1910362689;5120590;;Feuchtraumleuchte 58W IP65 EVG;EU;SP5
1910362690;5120610;;Schutzrohr Nachruestsatz halogenfrei;EU;SP5
1910576760;unbekannt;;Reset button tableau illumination;Z0;
1910206963;5130080;5130080_L;Jumper 2,54mm;GE;SP1
1910363219;5130130;;Stiftstecker 16pol AWG26;EU;SP5
1910362691;5130230;;Gehaeuse Dsub 15pol 2Ausgaenge;EU;SP5
1910363202;5130350;;Stift Leiste MTA 100 4 polig AWG28/AWG26;EU;SP5
1910365847;5130360;;Federleiste 4pol R2,54 FLachbandleitung;AE;SP6
1910362944;5130380;;Stift Leiste 4pol ger print;EU;SP5
1910363203;5130490;;Federleiste 8pol AWG26;EU;SP5
1910363204;5130500;;Federleiste 10pol AWG26;EU;SP5
1910363205;5130520;;Buchse Combicon 2pol ger RM5 schraub;GE;SP2
1910363206;5130540;;Buchse Combicon 3pol ger RM5 schraub;EU;SP5
1910365963;5130580;;Buchse Combicon 2pol ger RM7,5 schraub;EU;SP5
1910365846;5130790;;Buchse Combicon 5pol ger RM5,08 schraub;EU;SP5
1910206964;5130810;;Buchse Minicom 6pol gew RM3,81 schraub;AE;SP6
1910363207;5130840;;Buchse Combicon 4pol ger RM7,5 schraub;EU;SP5
1910206965;5130850;;Buchse Combicon 6pol gew RM7,5 schraub;GE;SP1
1910363208;5130860;;Buchse Combicon 10pol gew RM7,5 schraub;EU;SP5
1910363209;5130870;;Buchse Combicon 12pol gew RM7,5 schraub;EU;SP5
1910206966;5130930;;Buchse Minicom 4pol gew RM3,81 schraub;GE;SP1
1910365845;5130980;;Buchse Combicon 13pol ger RM5,08 Crimp;EU;SP5
1910206967;5131000;;Buchse Combicon 1pol Crimpkontakt;AE;SP6
1910206968;5131020;;Buchse Minicom 16pol ger RM3,81 schraub;GE;SP1
1910362946;5131140;;Stift Minicom 16pol 45gew RM3,81 print;EU;SP5
1910206969;5131150;;Buchse Minicom 2pol ger RM3,81 schraub;GE;SP1
1910362947;5131260;;Stift Combicon 14pol 2R ger RM5,08 mSW;EU;SP5
1910206970;5131350;;Buchse Minicom 3pol ger RM3,81 schraub;GE;SP1
1910206971;5131360;;Buchse Minicom 4pol ger RM3,81 schraub;GE;SP1
1910365844;5131370;;Buchse Minicom 5pol ger RM3,81 schraub;GE;SP1
1910362950;5131380;;Stiftleiste Wanne 6polig gew RM2.54;EU;SP5
1910363213;5131390;;Codierprofil Combicon;EU;SP5
1910206972;5131400;;Buchse Combicon 14pol ger RM5,08 schraub;GE;SP1
1910363214;5131410;;Buchse Combicon 4pol ger RM5,08 mZE;AE;SP6
1910512144;5131420;;Stift Combicon 4pol ger RM5,08 schraub;GE;SP1
1910365843;5131430;;Stift Combicon 4pol ger RM5,08 adapter;AE;SP6
1910365842;5131530;;Buchse Combicon 3pol ger RM7,62 schraub;EU;SP5
1910363215;5131570;;Buchse Minicom 8pol ger RM3,81 schraub;GE;SP1
1910365841;5131610;;Buchse Minicom 10pol ger RM3,81 schraub;GE;SP1
1910365840;5131680;;Buchse Combicon 5pol ger RM7,62 schraub;GE;SP1
1910365962;5131690;;Stift Combicon 3pol ger RM7,62 schraub;EU;SP5
1910363059;5131720;;Stift Minicom 2pol gew RM3,81 mSW print;EU;SP5
1910576761;unbekannt;;Lock clutch assembly Compact PM;Z0;
1910576762;unbekannt;;Drückerplatine LED rot LOP_2B.2;Z0;
1910206975;5150060;;O Ring 114x4 72NBR/872;GE;SP1
8001346143;5150070;;O Ring 52x5 72NBR/872;AE;SP6
1910363217;5150090;;O Ring 74x3 72NBR872;AE;SP6
1910206976;5150140;;O Ring 96x4 72NBR/872;AE;SP6
1910362692;5150190;;Ring 13x3,5 72NBR/872;AE;SP6
1910206977;5150220;;O Ring 105x4 72NBR/872;GE;SP1
8001414689;5150300;;O Ring 90x3 72NBR/872;EU;SP5
1910362693;5150360;;O Ring 12,3x2,4;GE;SP1
8001346144;5150370;;O Ring 25,2x3 72NBR/872;GE;SP1
1910362695;5150460;;O Ring 16,3x2,4;GE;SP1
1910363221;5150480;;O Ring 132x3 fuer S2D-Riegel EX;EU;SP5
1910206978;5150510;;V Ring V 45S Gummi510;AE;SP6
8001332365;5150630;;Usit Ring U 6,7x11x1 Stusimrit;GE;SP1
1910363222;5150660;;O Ring 18x5 NBR70;GE;SP2
8000920978;5150910;;O Ring 200x5 72NBR/872;AE;SP6
8001346145;5150940;;V Ring V 90S Gummi510;GE;SP1
8001414690;5150950;;Kegelstopfen GPN600 B890;EU;SP5
1910206981;5150970;;V Ring V 60S Gummi510;AE;SP6
8001332208;5150980;;O Ring 144x4 72NBR/87;GE;SP3
8001292873;5151030;;Abdeckring D155 Neopren;AE;SP6
8000920979;5151040;;O Ring 94x3 72NBR/872;AE;SP6
1910206984;5151050;;V Ring V 50S Gummi510;GE;SP1
1910206985;5151080;;Abdeckring;AE;SP6
8001360489;5151110;;Kegelstopfen GPN600 B1190;GE;SP1
1910206986;5151120;;O Ring 100x3 37PAB769;AE;SP6
8001360488;5151130;;O Ring 120x3 37PAB769;GE;SP3
1910206988;5151140;;O Ring 140x3 37PAB769;GE;SP1
1910206989;5151150;;O Ring 160x3 37PAB769;AE;SP6
1910206990;5151160;;O Ring 174x3 37PAB769;GE;SP1
1910206991;5151170;;O Ring 195x3,5 37PAB769;AE;SP6
8000921089;5151210;;Abdeckring D125 Neopren;GE;SP1
1910206992;5151240;;Kegelstopfen GPN600 B1290;GE;SP1
1910209122;5151250;;O Ring 165x5 72NBR/872;GE;SP1
1910206993;5151260;;V Ring V 70S Gummi510;AE;SP6
8001332209;5151330;;O Ring 330x6 72NBR/872;GE;SP1
8000921090;5151390;;O Ring 118x4 72NBR/872;GE;SP1
1910206995;5151400;;O Ring 16x4,5 72NBR/872;AE;SP6
1910363223;5151410;;O Ring 12x4,5 72NBR/872;GE;SP1
1910206996;5151420;;Abdeckring D105 Neopren;AE;SP6
1910206997;5151430;;O Ring 70x4 72NBR/872;EU;SP5
1910206998;5151440;;O Ring 248x5 72NBR/872;GE;SP1
8001346146;5151450;;Kegelstopfen GPN600 B990;GE;SP3
8001346147;5151540;;Kegelstopfen GPN600 B1490;EU;SP5
8001346148;5151550;;O Ring 238x5 72NBR/872;AE;SP6
8001346114;5151560;;V Ring V 110S Gummi510;GE;SP1
8001346150;5151570;;O Ring 159x6 72NBR/872;AE;SP6
8001346151;5151580;;Abdeckring D175 Neopren;GE;SP2
1910363226;5151860;;O Ring 99x3 72NBR/872;AE;SP6
1910207000;5152080;;V Ring V 8S Gummi510;GE;SP1
1910363227;5152090;;O Ring 34x8 Cr75;GE;SP1
1910207001;5152100;;Dichtring A 14x18 Cu;GE;SP1
8001414693;5152140;;O Ring 80x4 72NBR/872;EU;SP5
1910363228;5152240;;O Ring 204,2x5,7 NBR72;GE;SP1
1910365839;5152270;;Abdeckstopfen 22,2;EU;SP5
1910365838;5152280;;Abdeckstopfen 9,5;EU;SP5
1910207002;5152420;;Fuehrungsring 68/63x9,7 PTFE/Bronze;GE;SP1
1910207003;5152430;;Fuehrungsring 75/70x9,7 PTFE/Bronze;GE;SP1
1910207004;5152440;;Fuehrungsring 85/80x9,7 PTFE/Bronze;GE;SP1
1910207005;5152450;;Fuehrungsring 95/90x9,7 PTFE/Bronze;GE;SP1
1910207006;5152460;;Fuehrungsring 105/100x9,7 PTFE/Bronze;GE;SP1
1910207007;5152470;;Fuehrungsring 115/110x9,7 PTFE/Bronze;GE;SP1
1910363230;5152500;;O Ring 30x3 NBR70;AE;SP6
8000921003;5152550;;O Ring 50x3-N NBR70;GE;SP1
8001414694;5152560;;O Ring 60x3-N NBR70;EU;SP5
1910207008;5152680;;T Dichtung 110/125,1x6,3 PTFE;EU;SP5
8001332328;5152690;;Verschlussschraube G3/4 verzinkt DIN908;EU;SP5
8001332366;5152750;;O Ring 151,77x5,33-N NBR70;GE;SP3
8001332367;5152760;;O Ring 142,24x5,33-N NBR70;GE;SP1
8001332368;5152770;;O Ring 380,37x5,33-N NBR70;GE;SP1
8001332369;5152780;;V Ring V 120A NBR;GE;SP1
1910363234;5152860;;Dichtring O G1/2 A St;EU;SP5
1910363235;5152870;;O Ring 2,57x1,78 NBR;EU;SP5
8000921091;5152980;;O Ring 260x5 72NBR/872;GE;SP1
8000921092;5159070;;O Ring 54x3 72NBR/872;EU;SP5
1910363231;5159100;;O Ring 170x3 72NBR/872;GE;SP1
1910576763;unbekannt;;Drückerplatine DR2D LED rot;Z0;
1910576764;unbekannt;;Blindfeld 32mm rund;Z0;
1910207009;5170520;;Drahtseilklemme 3 DIN 741;GE;SP1
1910365837;5171870;;Kabelschuh 2,5qmm D4;EU;SP5
1910564089;5172000;;Aderendhuelse A 1qmm 6mm;EU;SP5
1910363232;5172070;;Aderendhuelse A 6qmm 12mm;EU;SP5
1910365836;5172130;;Kabelschuh 2,5qmm D5;EU;SP5
1910207010;5172250;;Drahtseilklemme 3;GE;SP1
1910362696;5172280;;Klemmplatte D17;EU;SP5
1910365835;5172300;;Steckhuelse 6,3-1;EU;SP5
1910365834;5172310;;Steckhuelse 4,8-1;EU;SP5
1910363237;5172320;;Drahtseilklemme NG6,5;GE;SP1
1910363238;5172330;;Drahtseilklemme NG8;AE;SP6
1910363239;5172340;;Drahtseilklemme NG10;AE;SP6
1910363240;5172350;;Drahtseilklemme S13;EU;SP5
1910363069;5172360;;Drahtseilklemme NG16;EU;SP5
1910209004;5172510;5172510_L;Stift 0,5-2;GE;SP1
1910365832;5172570;;Buchse 0,5-2,0 Einzelkon.;GE;SP1
1910365831;5172590;;Kodierstift fuer Mate N Lok;GE;SP1
1910362697;5172680;;Rohrklammer 25;EU;SP5
1910363248;5172690;;Klemmenplatte A11;EU;SP5
1910363249;5172700;;Klemmenplatte A13;GE;SP1
1910363250;5172710;;Klemmenplatte A17;EU;SP5
1910362698;5172940;;Befestigungsschelle 1x11;EU;SP5
1910362699;5172950;;Befestigungsschelle 1x14;EU;SP5
1910362700;5173040;;Loetstift 1,3x7,5;EU;SP5
1910365830;5173050;;Befestigungsschelle 1x6;EU;SP5
1910512145;5173100;;Aderendhuelse 1,5qmm 8mm BK;EU;SP5
8001465359;5173120;P1E=EU Löschvermerk;Schirmklammer fuer Kabel <12mm;EU;SP5
1910576765;unbekannt;;Adapterplatine QAD32L lang QAd32L-V2;Z0;
8000921004;5180630;;Tuelle A 6-2;AE;SP6
8000921005;5180650;;Durchführungstülle A10-4;AE;SP6
1910207013;5181850;;Klemme UK 5N;AE;SP6
1910362701;5181860;;Klemme UK 6N;AE;SP6
1910365828;5181870;;Klemme UK 16N;AE;SP6
1910365827;5181880;;Klemme UK 35;AE;SP6
1910365826;5181890;;Deckel D-UK4/10;EU;SP5
1910362702;5181910;;Trennscheibe TS-K;EU;SP5
1910365825;5181920;;Endhalter f. Schiene 35mm aufschnappbar;GE;SP1
1910365824;5182220;;Stopfen 13,2;EU;SP5
1910363258;5182460;;Tuelle A12-4;AE;SP6
1910365823;5182660;;Klemme UK 5N BU;AE;SP6
1910207014;5182680;;Klemme USLKG 5;AE;SP6
1910363119;5182690;;Klemme USLKG 6N;AE;SP6
1910365822;5182700;;Klemme USLKG 16N;AE;SP6
1910365821;5182710;;Klemme USLKG 35;AE;SP6
1910363251;5182980;;Verschraubung Pg13,5 6-12 Kunststoff;EU;SP5
1910362703;5183110;;Bodenplatte Typ B323 Klemmenzahl 8;GE;SP1
1910207015;5183120;;Abdeckkappe;GE;SP1
1910564090;5183130;;Verschraubung C4 Pg9x6-9 Ms vernickelt;AE;SP6
1910363253;5183190;;Klemme 4pol;EU;SP5
1910365820;5183270;;Hochstromklemme UKH50;EU;SP5
1910365819;5183520;;Klemme 2pol;GE;SP1
1910207016;5183540;;Klemme 10pol;GE;SP1
1910365818;5183560;;Zackband ZB 6 WS;EU;SP5
1910363256;5183580;;Klemme 5pol;EU;SP5
1910207017;5183660;;Sicherungsklemme UK-SI;GE;SP1
1910207018;5183750;;Verschraubung PG16x5-12;GE;SP1
1910365817;5183780;;Hochstromklemme UKH 95;EU;SP5
1910365816;5183790;;Schutzleiterklemme USLKG 95;EU;SP5
1910365815;5183960;;Hochstromklemme USLKG 50;EU;SP5
1910365814;5184030;;Klemmenblock 3pol;AE;SP6
1910365813;5184200;;Klemmenblock 14pol 1PE X13;AE;SP6
8001332211;5184250;;Kabelverschraubung EMV M32x1.5;GE;SP1
1910362704;5184310;;Klemmenblock X11 6pol 7-12;EU;SP5
1910365812;5184340;;Stecker X12 7pol;EU;SP5
1910365811;5184350;;Stecker X11 6pol 1-6;EU;SP5
1910363262;5184360;;Stecker X11 6pol 7-12;EU;SP5
1910576766;unbekannt;;PCB door controller VF7+ CAN;EU;SP5
8001413640;5190020;;KE Schmiernippel AR1/4;EU;SP5
8001363302;5190150;;Kegelschmiernippel A M10x1;EU;SP5
1910362705;5190200;;Kugel Schmiernippel D6;GE;SP1
1910561285;unbekannt;batch4;Ankunftsgong inkl. Lautsprecher;GE;SP1
1910576767;unbekannt;;EQ40 Drücker quadratisch 40x40 mm;Z0;
1910207019;5200570;;Schild fuer 220V;GE;SP1
1910363264;5200660;;Schild Von der Schachtwand zuruecktreten;AE;SP6
1910207020;5200670;;Schild Personenbefoerderung verboten;EU;SP5
1910369371;5200852;;Schild 297x52x1,5 Beschriftung n.Auftr.;EU;SP5
1910163370;5200860;;Schild 2S10SGR Erdung;EU;SP5
1910207021;5201180;;Schild Vorsicht Absturzgefahr;AE;SP6
1910363265;5201640;;Schild Erdung;GE;SP1
8000921093;5201810;;Schild Bezeichnung auf-ab;GE;SP1
1910207022;5202000;;Schild 450 kg/6 Personen;AE;SP6
1910363266;5202010;;Schild 600 kg/8 Personen;EU;SP5
1910207023;5202020;;Schild 900 kg/12 Personen;AE;SP6
1910207024;5202170;;Schild Fahrkorblicht-Notruf;EU;SP5
1910207025;5202180;;Schild Hpt.schal.74x105Alu/EV1;GE;SP1
1910207026;5202220;;Schild Schachttür schliessen;EU;SP5
1910363267;5202242;;Schild Tragfaehigkeit von Lastenaufzug;EU;SP5
1910363268;5202252;;Schild Tragfaehigkeitshinweis f.Aufzuege;EU;SP5
1910363269;5202380;;Schild Hinweis Feuerwehraufzug;GE;SP1
1910363270;5202430;;Schild Hauptschalter145x210;EU;SP5
1910207027;5202500;;BA Personenbef. Hydraulik. m. TWR;EU;SP5
1910207028;5202510;;BA Personenbefreiung Seilaufzug mTWR;EU;SP5
1910363272;5202630;;Schild Warnhinweis Aufenthalt im Schacht;GE;SP1
1910363133;5202690;;Warnschild gefährliche Spannung 25mm;GE;SP1
1910207030;5202810;;Schild Aufzugswaerter;GE;SP1
1910207031;5202820;;Schild Aufzug Triebwerkraum;GE;SP1
1910207032;5203100;;PA Schild Schlaffseil;AE;SP6
1910363273;5203350;;Schild Nicht Hinauslehnen;GE;SP1
1910576768;unbekannt;;Optokoppler HCPL3700 DIP8;Z0;
1910363279;5210050;;Federlasche SRV 1637 Federstahl;EU;SP5
1910207036;5210070;;Griff schwarz GRH33-4510;GE;SP1
1910362706;5210110;;Knopf fuer Glashalteleiste;GE;SP1
1910576769;unbekannt;;Tasterplatine 32x44 LED rot 24V;Z0;
1910576770;unbekannt;;Drückerplatine Q45/Q50 LED rot;Z0;
1910576771;unbekannt;;Ersatzschlüssel CH 751 PK-10-01;Z0;
1910576772;unbekannt;;Notrufgerät 2N Lift1 Paket;Z0;
1910576773;unbekannt;;2N Maschinenraumsprechenstellen;Z0;
1910576774;P1E=EU Löschvermerk;;Externer Lautsprecher;EU;SP5
1910576775;unbekannt;;cegard/Lift SY-1730-16 LI 0.7-4.0m;Z0;
1910576776;unbekannt;;FK Bremsfangvorrichtungspaar 6071/1;;
1910561286;unbekannt;batch4;Magnetband für Absolutwertgeber;GE;SP1
8001363264;5370010;;Kabelbinder 102mm x 2,4mm;AE;SP6
1910512146;5370020;;Kabelbinder BT 2S-M;AE;SP6
1910362707;5370120;;Passfeder A10x8x32;EU;SP5
8000690766;5370130;;Passfeder A10x8x50 DIN6885;EU;SP5
8000690778;5370150;;Passfeder A12x8x40 DIN6885;EU;SP5
1910363283;5370200;;Passfeder A14x9x50;EU;SP5
8000690795;5370210;;Passfeder A14x9x63;GE;SP1
8001346153;5370280;;Passfeder A16x10x100 DIN6885;EU;SP5
8000921186;5370310;;Passfeder A20x12x90;EU;SP5
1910362708;5370610;;Puffer D25xM12x57;GE;SP1
1910362709;5370650;;Glied E-083-1;EU;SP5
1910207037;5370780;;Puffer D20xd6x15;GE;SP1
1910207038;5371010;;Puffer D25xM6x28;AE;SP6
1910209123;5371040;;Gummipuffer D13xd6,5x11;AE;SP6
1910207039;5371050;;Puffer SW 13x9;AE;SP6
1910207040;5371100;;Puffer D14xd10x12 sw;GE;SP1
1910207041;5371330;;Puffer D25xM6x33,5;GE;SP1
8001332213;5371410;;Passfeder A28x16x100 DIN6885;EU;SP5
8000980327;5371540;;Klebeplatte TC-344A;GE;SP1
8001413489;5371600;;Kabelband Typ SST2I;EU;SP5
1910207042;5371610;;Puffer D14xd6x9;GE;SP1
1910365808;5371620;;Halter TM3S8;EU;SP5
1910362710;5371670;;Duebel HUD-1 10x50;EU;SP5
1910207043;5371680;;Beilage 3,20;GE;SP1
1910362711;5371710;;Gabelkopf DIN 71752 - G 10x20 (M10) A2K;EU;SP5
1910363291;5371750;;Abstandshalter 12,7;EU;SP5
1910362712;5371850;;Gabelkopf G 5x20 St vz;AE;SP6
1910207044;5371880;;Duebel TC-358;EU;SP5
8000921185;5371990;;Passfeder A20x12x75 DIN6885;EU;SP5
1910363140;5372000;;Verbinder RSK401;EU;SP5
1910209221;5372040;;Beilage 1mm;GE;SP1
1910363287;5372050;;Abstandshalter 12,7mm LP DM 4,0 Bohr.7,9;GE;SP1
1910207045;5372060;;Schlitzbeilage S8/K8;AE;SP6
1910363294;5372150;;Schlitzbeilage 11 Stück;GE;SP2
8000921062;5372300;;Schlitzbeilage 0.15 DC01 C590;EU;SP5
8000921063;5372310;;Schlitzbeilage 0.20 DC01 C590;GE;SP1
8000921064;5372320;;Schlitzbeilage 0.30 DC01 C590;EU;SP5
8000920981;5372330;;Schlitzbeilage 0,4;EU;SP5
1910362713;5372490;;Duebel M12/20 Durchsteckanker;EU;SP5
1910363293;5372500;;Abstandsbolzen M3x11;EU;SP5
1910362714;5372660;;Befestigungsstreifen M4;AE;SP6
1910564091;5372700;;Abstandsbolzen M6x15;AE;SP6
1910363159;5372730;;Abstandshalter 6,4;EU;SP5
1910365807;5372760;;Abstandshalter M3 12LG;EU;SP5
1910365806;5372940;;ESD Clip;GE;SP1
1910363296;5372950;;Abstandsbolzen M4x12;EU;SP5
8001332371;5372960;;Duebel M16/25 Durchsteckanker;EU;SP5
1910207046;5373020;;Schlitzbeilage 1mm für Tür S8;GE;SP1
1910561283;batch4 + batch5;8850820312;SCHÜTZ 3P 9A AC3 230V 50/60HZ 1S;GE;SP6
1910561284;unbekannt;batch4;TESYS D/F HILFSSCHALTERBLOCK 3S1Ö;GE;SP1
8000920991;5500170;;Kappe 3/4 Zoll-T2;EU;SP5
8001346156;5500690;;Winkelverschraubung 3/4 Zoll U;EU;SP5
1910207047;5500770;;Anschlussstück 8/R1/4;GE;SP1
1910207048;5501580;;Stutzen Ges 8/M10x1;AE;SP6
1910207049;5501690;;L Stück WES 8/M10x1;GE;SP1
8000920992;5501700;;R DNippel 3/4x60;EU;SP5
1910362715;5502250;;Stutzen L400 G1/2;EU;SP5
1910207050;5502350;;L Stueck WES 8/R 3/8;EU;SP5
1910207051;5502760;;Muffe 1/4;EU;SP5
1910561289;unbekannt;batch4;Aufzugswärtermodul für 2N - Lift8;GE;SP1
1910207052;5600130;;Schraegkugellager 3309 C3;EU;SP5
1910363301;5600320;;Rillenkugellager 6204-2Z;AE;SP6
1910207053;5600560;;Rillenkugellager 6204-RS;EU;SP5
1910207054;5600580;;Rillenkugellager 6004-2Z;AE;SP6
1910363302;5600590;;Rillenkugellager 6200-2Z;EU;SP5
1910363303;5600730;;Rillenkugellager 6205-2RS;EU;SP5
1910207055;5600740;;Schraegkugellager 3308 D;GE;SP1
1910363304;5600760;;Rillenkugellager 6202-2Z;GE;SP1
1910363305;5600950;;Rillenkugellager 6000-2Z;AE;SP6
8001346158;5600970;;Pendelrollenlager 22222 K;GE;SP3
8001332299;5600980;;Pendelrollenlager 22220 K;AE;SP6
1910363306;5601000;;Schraegkugellager 3313D;AE;SP6
1910207057;5601050;;Schraegkugellager 3311D;GE;SP1
8001346159;5601060;;Schraegkugellager 3319D;AE;SP6
8001414697;5601140;;Zylinderrollenlager NJ216E;GE;SP2
8001414698;5601180;;Zylinderrollenlager NJ2218 E;GE;SP2
1910363307;5601250;;Schraegkugellager 309 QJ;GE;SP2
8001332214;5601270;;Pendelrollenlager 22224 K;EU;SP5
8001332372;5601280;;Pendelrollenlager 22228 K;EU;SP5
1910363308;5601340;;Rillenkugellager 6012-2Z;EU;SP5
8001414699;5601370;;Rillenkugellager 6310.C3 2RS;EU;SP5
8001414700;5601380;;Rillenkugellager 6312.C3 2RS;GE;SP1
8001414702;5601400;;Zylinderrollenlager NJ312 E;GE;SP1
8001332373;5601420;;Zylinderrollenlager NJ309E;GE;SP1
8001332374;5601430;;Zylinderrollenlager NU322 E;GE;SP1
8001332375;5601440;;Schraegkugellager 7313 B;GE;SP1
8001332376;5601450;;Schrägkugellager 7218 B;EU;SP5
8001414703;5601470;;Rillenkugellager 6216.C3 2RS;GE;SP2
1910363309;5601610;;Rillenkugellager 6208-2RSR C3;AE;SP6
1910362716;5601810;;PR Lager 22212 E;GE;SP2
8000814508;5601820;;Pendelrollenlager 22224-E1-XL/22224E;EU;SP5
8001414704;5601850;;Zylinderrollenlager NJ 2316 E;GE;SP2
1910362719;5601870;;PR Lager 23232;GE;SP1
8000877919;5601880;;Pendelrollenlager 23048;GE;SP2
1910362720;5601890;;PR Lager 23948;GE;SP1
8000921094;5601950;;Rillenkugellager 4206;GE;SP1
8000921095;5601970;;Schrägkugellager 3212 C2;GE;SP3
8000921096;5601980;;Zylinderrollenlager NJ315 E;GE;SP3
8001413641;5602010;;Zylinderrollenlager NJ324 E C3;GE;SP2
8001413642;5602080;;Zylinderrollenlager NJ2324 E C3;EU;SP5
1910362721;5602090;;PR Lager 22312;GE;SP2
8001413643;5602100;;Zylinderrollenlager NJ322 E;GE;SP2
1910362722;5602120;;Pendelrollenlager 22222E;EU;SP5
1910207059;5610360;;Wellendichtring B1FG 70x100x10 72NBR-902;GE;SP1
1910207060;5610390;;Dichtring 75x100x10;GE;SP1
8001346111;5610460;;Spannhuelse H322;GE;SP3
8001332326;5610490;;Spannhuelse H320;AE;SP6
8001332327;5610500;;Stehlagergehaeuse SN 520;EU;SP5
8001346161;5610510;;Stehlagergehaeuse SNI 522;GE;SP3
1910363321;5610620;;Wellendichtring A 6x90x10 72NBR-902;GE;SP2
1910207061;5610720;;Wellendichtring 60x75x8/10 B1SL NB;GE;SP1
1910207062;5610750;;Wellendichtring 80x100x13 B2SL 72NBR-902;GE;SP1
1910207063;5610760;;Wellendichtring 100x120x12BASL72NBR-902;GE;SP1
1910207064;5610780;;Wellendichtring 105x130x12BASL72NBR-902;GE;SP1
1910207065;5610790;;Wellendichtring 120x140x13B1SL72NBR-902;GE;SP1
8001414705;5610820;;Wellendichtring 130x160x15BASL72NBR-902;GE;SP1
1910207066;5610830;;Wellendichtring 140x170x15 B2FGSL;GE;SP1
1910207067;5610850;;Wellendichtring 150x180x15 B1FGSL;GE;SP2
8000814539;5610860;;Wellendichtring AS 170x200x15 NBR;GE;SP1
1910207069;5610890;;Nutring 60x85x15 Simrit;GE;SP1
1910207070;5610900;;Nutring 80x110x18 Simrit;GE;SP1
1910207071;5610930;;Nutring 120x150x18 Simrit;GE;SP1
1910207072;5610940;;Nutring 130x160x18 Simrit;GE;SP1
1910207074;5611270;;Nutring NI300 105x135x18 Simrit;AE;SP6
1910207075;5611300;;Nutring NI400 100x125x15 Simrit;GE;SP1
1910564092;5611570;;Ausgleichscheibe 634 K2;AE;SP6
8001292875;5611590;;Stehlagergehaeuse SN 524 F 22;EU;SP5
8001332377;5611600;;Stehlagergehaeuse SN 528 F 22;EU;SP5
8001332215;5611620;;Spannhuelse H3124 DIN4515;EU;SP5
8001332378;5611630;;Spannhuelse H3128;EU;SP5
8001332216;5611760;;Wellendichtring AS 42x62x7 NB;GE;SP1
8001346163;5611790;;Spannhuelse H3036;GE;SP1
1910368409;5611810;;Wellendichtring AS 45x62x7 NBR;GE;SP1
1910363323;5611820;;Wellendichtring A 7x22x7 NB;GE;SP1
8001332379;5611830;;Wellendichtring A 105x140x12 NB;GE;SP1
8000921097;5611880;;Wellendichtring CR 75x110x10 CRW1R NBR;GE;SP1
8001332323;5611890;;Wellendichtring CR 90x110x12 CRW1R NBR;GE;SP3
1910363329;5620060;;Tellerfeder 40 16,3x2;GE;SP1
1910363178;5620190;;Tellerfeder 34,6/20,4x0,4;EU;SP5
8000921098;5620310;;Tellerfeder K6206;EU;SP5
1910047226;5640010;;Keilriemen 13x1120;GE;SP1
1910207079;5640020;;Keilriemen 10x1120;AE;SP6
1910207080;5640030;;Keilriemen 10x1600;GE;SP1
1910207081;5640040;;Keilriemen 13x1250;GE;SP1
1910207082;5640060;;Keilriemen 10x1500;GE;SP1
1910207083;5640070;;Keilriemen 13x850;AE;SP6
1910207084;5640110;;Keilriemen 13x950;EU;SP5
1910362724;5640130;;Zahnriemen 450LO75;GE;SP1
1910207085;5640140;;Keilriemen 10x900;EU;SP5
1910207086;5640160;;Keilrippenriemen 6 PJ813;GE;SP1
1910362725;5640170;;Keilrippenriemen 8 PJ 1054;GE;SP2
1910362726;5640180;;Keilrippenriemen 8 PJ1150;GE;SP2
1910207087;5640190;;Keilrippenriemen 8 PJ1092;GE;SP1
1910207088;5640220;;Bowdenzug DAF210M;GE;SP1
1910207089;5640230;;Bowdenzug DAF210L;GE;SP1
1910047521;5640240;;Keilrippenriemen 8 PJ559;GE;SP1
1910561290;unbekannt;batch4;LICHTGITTER MEMCOE10 36/TKD 2005MM;GE;SP1
1910561291;unbekannt;batch4;Notbeleuchtung 2m Zuleitung Akku;GE;SP1
1910561292;unbekannt;batch4;Lichtgitter Set Panachrome+,10mm,2D;GE;SP1
1910362728;5900040;;Fingerhandschuh kurz;GE;SP1
1910207090;5980020;;Dreikantsteckschlüssel M6;GE;SP1
1910207091;5980030;;Dreikantsteckschlüssel M8;GE;SP1
1910053408;5980070;;Dreikantsteckschlüssel M4/M5;GE;SP1
1910362729;5980080;;Mutterndreher A 50;GE;SP2
1910563950;5991160;;Flachbeutel 220x320x0,2;AE;SP6
8001290518;5991410;;Flachbeutel 500x300x0,3;EU;SP5
8001346062;5991520;;Flachbeutel 800x400x0,25;GE;SP1
1910365805;5992150;;Tasche fuer Schaltplan;EU;SP5
1910362730;5992300;;Eprom Box 98x60x14;EU;SP5
1910207094;5992520;;Tasche fuer Diagnosegeraet 1;GE;SP1
1910362731;5992600;;Tasche fuer TCI/TCM Tester;EU;SP5
1910561239;unbekannt;batch4;Gateway for lift emergency call IPG141-4G;GE;SP1
1910561293;unbekannt;batch4;Lichtgitter Set Panachrome+,10mm,3D;GE;SP1
1910363337;60000007875;;Seil DRAKO 250T bk D6,5;GE;SP2
1910364537;60000009203;;Seil PAWO F3 bk D8;EU;SP5
1910364538;60000009204;;Seil PAWO F7S bk D8;EU;SP5
1910364540;60000009205;;Seil PAWO F7S bk D10;EU;SP5
1910364541;60000009207;;Seil 6x19W+FC bk D6,5;AE;SP6
1910364542;60000009227;;Seil PAWO F7S bk D13;EU;SP5
1910364544;60000009228;;Seil PAWO F7S bk D16;EU;SP5
1910364546;60000009230;;Seil PAWO F10 bk D10;EU;SP5
1910364547;60000009231;;Seil PAWO F10 bk D13;EU;SP5
1910364548;60000009253;;ZB Tragseil D 6,0 mit Fitting;EU;SP5
1910364021;60000009255;;Verriegelungskontrollkit;GE;SP2
1910364022;60000009276;;Kette CB 150;GE;SP2
1910364553;60000009287;;Seil PAWO F3 bk D10;EU;SP5
1910364554;60000009297;;Seil DRAKO 250T 8x19W+IWRC D6,0;EU;SP5
1910363350;60000009308;;Begrenzerseil DRAKO 300T SES bk D8;EU;SP5
1910363351;60000009309;;Begrenzerseil DRAKO 300T SES bk D10;EU;SP5
1910363352;60000009316;;Tragseil HRS 9x19S-PWRC 1570 D10;EU;SP5
1910363353;60000009318;;Tragseil HRS 9x25F-PWRC 1570 D16;EU;SP5
1910368430;60000009371;;Seil DRAKO 250T 8x19W-IWRC U D6;GE;SP2
1910363252;6000201380;;Seil DRAKO 300T SES bk D8;GE;SP2
1910363254;6000202380;;Seil DRAKO 300T SES bk D10;EU;SP5
1910363255;6000203380;;Seil DRAKO 300T SES bk D13;EU;SP5
1910363257;6000204380;;Seil DRAKO 300T SES bk D16;EU;SP5
1910363259;6000205380;;Seil DRAKO 250T SES bk D8;GE;SP2
1910363263;6000206380;;Seil DRAKO 250T SES bk D10;EU;SP5
1910363274;6000207380;;Seil DRAKO 250T SES bk D13;GE;SP2
1910363276;6000212380;;Seil Warrington 8x19 FEN bk D10;EU;SP5
1910363278;6000213380;;Seil Warrington 8x19 FEN bk D13;GE;SP2
1910368411;6000215380;;Seil Warrington 6x19 FEN bk D6;GE;SP2
1910363288;6000216380;;Seil 6x19W-FC bk D6,5;GE;SP2
1910363289;6000220380;;Seil 8x19S-FC bk D8;EU;SP5
1910363290;6000221380;;Seil 6x19S-IWRC bk D8;EU;SP5
1910363285;6000225380;;Seil DRAKO 180 B 6x25 Filler–FC D16;GE;SP2
1910363292;6000226380;;Seil DRAKO 180 B 6x25 FEC bk D18;GE;SP2
1910364555;60010004455;;ZB Seilsicherung;GE;SP1
1910208138;60010009229;;Schienenöl VG150;GE;SP1
1910368431;60100001122;;Einfuehrhilfe fuer Schiene T70;AE;SP6
1910208141;60100006073;;Kehrschaufel Metallweiß;GE;SP1
1910208142;60100006075;;Kokosbesen kurzer Griff;GE;SP1
1910368570;60100007605;60100007605_L;Beilage fuer Schiene T90;AE;SP6
1910364024;60100007982;;Fuehrungsschiene T89/B l=2,5m S275JR;EU;SP5
1910208143;60100008248;;ZB Duebel M16 Durchsteckanker;AE;SP6
1910364025;60100009046;;ZB Schachtgrubenleiter einteilig;GE;SP2
1910364031;60100009317;;ZB Grubenleiter 1490;GE;SP2
1910364036;60100009500;;ZB Klemmfuss Pufferst. Grubenel. Flex;GE;SP1
1910364037;60100009660;;ZB Halter Fahrbahnverkl. GG 135 u.200;GE;SP1
1910364038;60100009741;;ZB Grubenleiter 1200 Evo;GE;SP2
1910364039;60100009742;;ZB Grubenleiter 1480 Evo;GE;SP2
1910364042;60100009743;;ZB Grubenleiter 1760 Evo;GE;SP1
1910364045;60100009744;;ZB Grubenleiter 2040 Evo;GE;SP1
1910364048;60100009746;;ZB Grubenleiter 2600;GE;SP2
1910364049;60100009823;;ZB Begrenzerseilsicherung;EU;SP5
1910364050;60100009955;;ZB Pufferstuetze FK Synergy BL3 D125;EU;SP5
1910364051;60100009960;;ZB Pufferstütze FK D2 oS NC91;GE;SP2
1910364052;60100009971;;ZB Grubenleiter 1200 Syn;GE;SP1
1910364058;60100009972;;ZB Grubenleiter 1480 Syn;GE;SP2
1910564093;60100009973;;ZB Grubenleiter 1760 Syn;AE;SP6
1910364061;60100010057;;ZB Ersatzpuffer P1;GE;SP1
1910364062;60100010060;;ZB Ersatzpuffer P2/P3;GE;SP1
1910209224;6010053980;;ZB Leiterbefestigung Grubenleiter;GE;SP1
1910368571;6010058980;6010058980_L;ZB Grubenleiter 2436;GE;SP1
1910368574;6010059980;6010059980_L;ZB Grubenleiter 3026;GE;SP2
1910368575;6010060980;6010060980_L;ZB Grubenleiter 3586;GE;SP1
1910362762;6010061980;;ZB Grubenleiter 4146;GE;SP2
1910362763;6010105180;;Auflager 200x220x8;GE;SP2
1910362764;6010907510;;Beilage 50x4x38;EU;SP5
1910368576;60110009210;;ZB Verschiebebuegelsatz FK/GG;GE;SP2
1910364066;60110009316;;ZB Gleitklemme II ohne BT;GE;SP1
1910364067;60110009317;;ZB Gleitklemme III ohne  BT;AE;SP6
1910364567;60110009377;;Sicherungsblech Gleitklemmen T125/T127;EU;SP5
1910362765;6011030902;;ZB Zusatzteile T125/B Klemmfeder;GE;SP2
1910362766;6011032902;6011032902_L;ZB Zusatzteile T 90/B Klemmfeder;GE;SP1
1910368578;6011034902;6011034902_L;ZB Zusatzteile T50+T70 Klemmfeder;GE;SP2
1910362768;6011043900;;ZB Zusatzteile T90/B;GE;SP2
1910404842;6011045902;6011045902_L;ZB Zusatzteile T50+T70 Klemmplatte;EU;SP5
1910564016;6011050900_L;;ZB Gleitklemme III;AE;SP6
1910362769;6011142980;;Winkel 70x50x4x210;EU;SP5
1910368581;6011147980;6011147980_L;Winkel 90x50x8x210;GE;SP2
1910368582;6011148980;6011148980_L;Winkel 90x50x6x350;GE;SP2
1910362770;6011901940;;Federklemme K65;EU;SP5
1910362771;6011902940;;Federklemme K75;EU;SP5
1910362772;6011903940;;Federklemme K82;GE;SP1
1910208144;60160006205;;Oelauffangbehaelter rund f.5-16 Schiene;GE;SP1
1910208145;60180009206;;Schilder reduzierter Schachtkopf;GE;SP1
1910364073;60210000572;;Puffer 100x80 A;GE;SP1
1910364089;60210000594;;Puffer 165x80 C;EU;SP5
1910364099;60210000595;;Puffer 165x80-SA1 C;GE;SP2
1910364107;60210005592;;Puffer 125x80 A;GE;SP1
1910364113;60210009221;;Puffer 80x80 A;GE;SP2
1910368415;60210009222;60210009222_L;Puffer P+S D0 (80x80) Type A;EU;SP5
1910368417;60210009223;60210009223_L;Puffer P+S D1 (100x80) Type A;GE;SP1
1910368419;60210009224;60210009224_L;Puffer P+S D2 (100x80) Type A;GE;SP1
1910368420;60210009225;60210009225_L;Puffer P+S D3 (125x80) Type A;GE;SP1
1910368422;60210009226;60210009226_L;Puffer P+S D5 (165x80) Type A;GE;SP1
1910368583;60210009233;;Puffer ACLA (80x80) Typ D;GE;SP1
1910368584;60210009234;;Puffer ACLA (100x80) Typ DM;GE;SP1
1910368585;60210009235;;Puffer ACLA (100x80) Typ DL;GE;SP1
1910368586;60210009236;;Puffer ACLA (125x80) Typ D;GE;SP1
1910368587;60210009237;;Puffer ACLA (165x80) Typ D;GE;SP1
1910564056;60230002593_L;;ZB GB Rad sperrbar mit Bremse B11S-1.40;AE;SP6
1910561457;60230002595;;ZB GB Wippe sperrbar ohne Spannung;Z0;SP1
1910364120;60230002691;;ZB Seilhaltebuegel 265x55 GB;GE;SP2
1910368588;60230002832;60230002832_L;ZB Rutschkupplung fuer Sicherheitsseil;AE;SP6
1910364130;60230002889;60230002889_L;ZB Nachruestsatz f.Positionsschalter GB;AE;SP6
1910364132;60230005459;;ZB Begrenzer;EU;SP5
1910363447;60230008127;;Achse D 25 x 76;GE;SP1
1910364134;60230008128;;ZB Spannrolle 200/6,5;GE;SP1
1910364137;60230009213;;Bremse G01 Wittur 900949;GE;SP2
1910364138;60230009337;;ZB Geschw.begrenzer Wittur OL100;EU;SP5
1910364140;60230009341;;ZB Spanngewicht fuer OL100;EU;SP5
1910364141;60230009344;;ZB Sperreinrichtung sp ohne Spannung 12V;EU;SP5
1910364143;60230009345;;ZB Sperreinrichtung sp mit Spannung 24 V;GE;SP1
1910364144;60230009367;;ZB Halterung Impulsgeberanbau GB 200;GE;SP2
1910364573;60230009412;60230009412_L;ZB Schalteranbau rastend GB 300 flach;EU;SP5
1910364575;60230009584;;Gewichtseinlage Stahl 390x150x20 9kg;GE;SP1
1910364145;60230009630;;Magnetbuegel Sensoranbau vertikal;EU;SP5
1910364146;60230009631;;Schalterstoessel Sensoranbau vertikal;EU;SP5
1910364148;60230009739;;Seilhaltebuegel NOR D300 Blech;EU;SP5
1910364150;60230009833;;ZB Haube GBTK 6023 D300;GE;SP2
1910561458;60230009925;;ZB Begrenzer GBTK 6023-S-300 2,0m/s;Z0;SP1
1910561459;60230009926;;ZB Begrenzer GBTK 6023-S-300 2,5m/s;Z0;SP1
1910362773;6023001180;;ZB Buegel fuer ZB Begrenzer SA7;EU;SP5
1910368590;6023001410;;ZB Impulsgeberanbau Norm;GE;SP2
1910362774;6023002180;;ZB Buegel fuer Impulsgeberanbau;EU;SP5
1910362775;6023002400;;ZB Hebel 141x58x44x5;GE;SP1
1910207333;6023002430;;ZB Pendelrolle;GE;SP1
1910207334;6023003430;;ZB Spannrolle 6,5/PA;GE;SP1
1910362776;6023004140;;ZB Begrenzerabdeckung 656x556x260x1/1;EU;SP5
1910362777;6023004180;;ZB Seilhaltebuegel 315x55;GE;SP1
1910209225;6023004410;6023004410_L;ZB Impulsgeberanbau;AE;SP6
1910207335;6023004430;;ZB Spannrolle 8,0/PA;AE;SP6
1910362778;6023005160;;ZB Spirale;GE;SP2
1910362779;6023005180;;ZB Seilhaltebuegel NOR;GE;SP1
1910207336;6023005410;;ZB Notendschalteranbau;GE;SP3
1910207337;6023006430;;ZB Spannrolle D30x59mm;AE;SP6
1910363471;6023009420;;ZB Laufrolle D36;GE;SP1
1910368594;6023013120;6023013120_L;ZB Spanngewicht 535x320xD330;GE;SP2
1910362780;6023014120;;ZB Spanngewicht;GE;SP1
1910362781;6023015980;;ZB Halter;EU;SP5
1910362782;6023088010;;Einflaechenbremse 45Nm;EU;SP5
1910363476;6023308320;;Achse D30x59;GE;SP1
1910207339;6023402420;;Rolle D40xd22x20;GE;SP1
1910362783;6023404410;;Schaltkurve Positionsschalter;EU;SP5
1910363348;6023427430;;Spannrolle 6,5 PA natur VO;GE;SP1
1910363349;6023428430;;Spannrolle 8,0 PA natur VO;AE;SP6
1910362784;6023901180;;Buegel fuer Begrenzer;EU;SP5
1910363481;6023908920;;Gewindebolzen M10 GB;GE;SP1
1910362785;6023909160;;Anschlag mit Innen-Vkt;AE;SP6
1910362786;6023912160;;Gabel L Notendabstellung;EU;SP5
1910362787;6023913160;;Gabel R Notendabstellung;EU;SP5
1910362788;6023914160;;Stoessel fuer Begrenzer;EU;SP5
1910561460;60240000002;;ZB GBTK 6024 M;GE;SP2
1910564094;60240000005;;Reibbelag;GE;SP1
1910564095;60240000059;;Seilrille;GE;SP1
1910564096;60240000061;;Kurvenscheibe;GE;SP1
1910564097;60240000081;;Koppel fuer Seilbremse;GE;SP1
1910564098;60240000088;;Lagerschale;GE;SP1
1910368595;60240000092;;ZB Begrenzer GBTK 6024-300S;GE;SP2
1910363485;60240000147;;Achse D35x56;AE;SP6
1910363486;60240000171;;ZB Seilrolle D106;AE;SP6
1910564099;60240000305;;Bremsklotz fest;GE;SP1
1910564100;60240000332;;Bremselement;GE;SP1
1910363487;60250000856;;ZB Endschalteranbau P1000S;AE;SP6
1910363488;60250000911;;ZB Fahne LS-Kopierung FK Spur A,B;EU;SP5
1910364152;60250001966;;ZB ZSE Schachtplatte E10 Spur A,B;GE;SP2
1910364585;60250001981;;ZB ZSE Schachtplatte E10 Spur A;GE;SP2
1910364155;60250009207;;Kopierung Magnetband APD /KVE config.;GE;SP2
1910364156;60250009208;;Kopierung Magnetband APD/KVE GR FH175;GE;SP2
1910209005;60250009214;60250009214_L;Magnet Stockwerk APD;GE;SP1
1910364157;60250009215;;Magnetstreifen FX3 400x15x6mm;GE;SP1
1910364158;60250009246;;ZB Geraetetraegerbl. Kopierung D11-S11;GE;SP1
1910364159;60250009260;;Magnethalteblech ZSE Synergy;GE;SP1
1910208147;60250009262;;ZB Schachtfahne 1-4/99 LKF 216;GE;SP1
1910208148;60250009263;;ZB Schachtfahne 5-8 LKF 216;GE;SP1
1910364160;60250009265;;ZB Geraetetraegerbl. Kopierung D11-S8;EU;SP5
1910364582;60250009272;;ZB Schachtfahne 9-12 LKF 216;GE;SP1
1910364583;60250009273;;ZB Schachtfahne 13-20 LKF 216;GE;SP2
1910364161;60250009275;;ZB Geraetetraeger Standard S11;EU;SP5
1910364162;60250009276;;ZB Standardset S11;GE;SP1
1910364163;60250009279;;ZB Traverse Endschalteranbau T 70;EU;SP5
1910364164;60250009307;;Traverse Endschalteranbau;EU;SP5
1910364167;60250009366;;ZB Barcode auf Stahlband mit Zubehör;EU;SP5
1910364170;60250009397;;Magnetband Absolutkop. 9m;GE;SP1
1910364171;60250009398;;Magnetband Absolutkop. 12m;GE;SP2
1910364172;60250009399;;Magnetband Absolutkop. 15m;GE;SP1
1910364176;60250009400;;Magnetband Absolutkop. 18m;GE;SP1
1910364183;60250009401;;Magnetband Absolutkop. 24m;GE;SP1
1910364184;60250009402;;Magnetband Absolutkop. 39m;GE;SP1
1910364190;60250009404;;Magnetband Absolutkop. 63m;GE;SP1
1910364191;60250009406;;Einhaengewinkel Magnetband PDS-Kopierung;GE;SP1
1910364192;60250009407;;ZB Anbauteile Magnetband PDS-Kopierung;GE;SP2
1910364194;60250009411;;ZB Halter fuer Magnetband;AE;SP6
1910364196;60250009412;;Magnetband PDS-Kop. L.n.Auftrag;GE;SP2
1910364197;60250009418;;Inkrementalgeber 500 Impulse;GE;SP2
1910364198;60250009435;;Winkel Endschalteranbau EvoF;AE;SP6
1910364601;60250009450;;Zonenfahne 100 L-Form;GE;SP1
1910364200;60250009527;;Traegerblech Sensor Zone BC61F;GE;SP2
1910364203;60250009636;;ZB Traverse Endschalteranbau F2;EU;SP5
1910364204;60250009644;;ZB Traverse Endschalteranbau F4;AE;SP6
1910364205;60250009653;;Adapter Kopierung K8A P1000SDU;EU;SP5
1910364207;60250009654;;Adapter Kopierung S8A P1000SDU;EU;SP5
1910368596;60250009655;;ZB Schalter Betaetigungskurve Not-End 1;GE;SP2
1910368600;60250009658;;ZB ZSE Fahrkorbanbau TCM;AE;SP6
1910364208;60250009662;;ZB ZSE Schachtanbau F2/F4;AE;SP6
1910368598;60250009699;;ZB Lichtschrankenanbau TCM;GE;SP1
1910368611;60250009734;60250009734_L;Endschalterkurve Flecs F2 fest;EU;SP5
1910046424;60250009737;;ZB Kopierungsanbau Fahrkorb PDS-Kop.;GE;SP1
1910364210;60250009738;;ZB Kopierungsanbau Fahrkorb PDS-Kop. Evo;GE;SP1
1910208149;60250009740;;ZB Kopierungsanb.Fk PDS alleTK;GE;SP1
1910208150;60250009741;;ZB Kopierungsanb. Fk. PDS Syn.;GE;SP1
1910364614;60250009748;;ZB Halter links Türzone Synergy;EU;SP5
1910368599;60250009764;;Codeband APS CEDES L.n.Auftrag;GE;SP2
1910363528;6025001410;;ZB Endschalteranbau i.Schacht oben/unten;EU;SP5
1910362789;6025001570;;Verstaerkungswinkel fuer Kopierung;EU;SP5
1910364505;6025002410;;ZB Endschalteranbau oben/unten Anl. mit;EU;SP5
1910363359;6025005410;;ZB Kurve 2250x86x2;GE;SP2
1910362791;6025006240;;ZB Verstellplatte RH;EU;SP5
1910362792;6025006410;;ZB Notendschalter;EU;SP5
1910362793;6025007240;;ZB Verstellplatte LH;EU;SP5
1910363533;6025007410;;ZB Endschalteranbau T90/B;EU;SP5
1910362794;6025008240;;ZB Verstellplatte RH INI;EU;SP5
1910362795;6025009240;;ZB Verstellplatte LH INI;EU;SP5
1910362796;6025009410;;ZB Kurvenanbau TCS25;AE;SP6
1910207342;6025022160;;ZB Magnet fuer ZSE Kopierungsanbau FK;AE;SP6
1910363535;6025023160;;ZB Schachtfahne 9-12 704mm;GE;SP1
1910363380;6025024160;;ZB Schachtfahne 13-20 704mm;GE;SP2
1910363381;6025025160;;ZB Schachtfahne 21-30 704mm;GE;SP2
1910363537;6025026160;;ZB Schachtfahne 1/99 704mm;GE;SP1
1910363362;6025027160;;ZB Schachtfahne 31-40 704mm;GE;SP2
1910362797;6025030160;;ZB Schachtfahne 1/99;GE;SP2
1910363539;6025034160;;ZB Schachtfahne 1/99 510mm;GE;SP1
1910363540;6025035160;;ZB Schachtfahne 9-12 510mm;GE;SP2
1910363367;6025038160;;ZB Schachtfahne 101/199;GE;SP1
1910207344;6025043010;;ZB Magnetanbau;EU;SP5
1910362798;6025044010;;ZB Schalteranbau;EU;SP5
1910207345;6025045990;;ZB Schachtfahnenhalter;GE;SP1
1910363373;6025051550;;ZB Traverse Inspektionsendschalter;EU;SP5
1910362799;6025055010;;ZB Kopierungsanbau FK/1XLS;GE;SP2
1910362800;6025055990;;ZB Traverse 264x170x3;EU;SP5
1910207346;6025056010;;ZB Kopierungsanbau FK/2XLS 2XMS;GE;SP1
1910362801;6025057990;;ZB Winkel 367x60x6;AE;SP6
1910362802;6025058990;;ZB Winkel kurz 367x60x6;AE;SP6
1910368615;6025059990;;ZB Traverse 264x112x2;AE;SP6
1910207347;6025060010;;ZB ZSE Schachtplatte;GE;SP1
1910207348;6025071010;;ZB Inspektionsendschalter;GE;SP2
1910362803;6025072010;;ZB Impulsgeberanbau f. Hydraulikaufzuege;AE;SP6
1910362804;6025073010;;ZB Buendigstellung;EU;SP5
1910362805;6025074010;;ZB Kopierung IP54 F;GE;SP2
1910362806;6025080010;;ZB Fahrkorbanbau Zonenerkennung;GE;SP2
1910362807;6025081010;;ZB Kopierungsanbau FK100;GE;SP1
1910363404;6025101110;;Profilleiste L315 AlMgSi0,5 F25;EU;SP5
1910362808;6025103110;;Traverse 545x100x3;GE;SP1
1910363399;6025112160;;Schachtfahne 2 704mm;AE;SP6
1910363442;6025113160;;Schachtfahne 3 704mm;AE;SP6
1910363444;6025114160;;Schachtfahne 4 704mm;AE;SP6
1910363450;6025115160;;Schachtfahne 5 704mm;AE;SP6
1910363452;6025116160;;Schachtfahne 6 704mm;AE;SP6
1910363405;6025117160;;Schachtfahne 7 704mm;AE;SP6
1910363453;6025118160;;Schachtfahne 8 704mm;AE;SP6
1910363560;6025122160;;Schachtfahne 2 216mm;AE;SP6
1910363407;6025123160;;Schachtfahne 3 216mm;AE;SP6
1910363408;6025124160;;Schachtfahne 4 216mm;AE;SP6
1910363409;6025125160;;Schachtfahne 5 216mm;AE;SP6
1910363410;6025126160;;Schachtfahne 6 216mm;AE;SP6
1910363411;6025132160;;Schachtfahne 2 510mm;GE;SP1
1910363412;6025133160;;Schachtfahne 3 510mm;GE;SP2
1910363413;6025134160;;Schachtfahne 4 510mm;GE;SP1
1910363414;6025135160;;Schachtfahne 5 510mm;GE;SP2
1910207349;6025135550;;Geraetetraeger 3001;GE;SP1
1910363415;6025136160;;Schachtfahne 6 510mm;AE;SP6
1910363569;6025137160;;Schachtfahne 7 510mm;GE;SP2
1910363416;6025138160;;Schachtfahne 8 510mm;GE;SP2
1910362809;6025140550;;Geraetetraeger Kopierung FK100;GE;SP2
1910362810;6025143550;;Geraetetraeger ZSE-Kopierung;EU;SP5
1910207350;6025151160;;Zonenfahne 400;GE;SP1
1910363573;6025152160;;Zonenfahne 260;GE;SP1
1910363574;6025153160;;Zonenfahne 500;EU;SP5
1910207351;6025154160;;Zonenfahne 200 nah. Hast.;GE;SP1
1910363417;6025157160;;Schachtfahne IK400;GE;SP1
1910363418;6025158160;;Schachtfahne 102;AE;SP6
1910363419;6025159160;;Schachtfahne 103;GE;SP1
1910363420;6025160160;;Schachtfahne 104;GE;SP1
1910363421;6025161160;;Schachtfahne 105;EU;SP5
1910363446;6025162160;;Schachtfahne 106;GE;SP1
1910363448;6025163160;;Schachtfahne 107;EU;SP5
1910363582;6025164160;;Schachtfahne IK260 520x137x0,6;GE;SP1
1910363583;6025165160;;Zonenfahne 100;GE;SP1
1910363449;6025168160;;Schachtfahne IK100;GE;SP1
1910363461;6025169160;;Zonenfahne 200;EU;SP5
1910363451;6025401430;;Zahnscheibe HTD P30-5M9;GE;SP1
1910207352;6025702700;;Magnetlineal 95x20x1,5;AE;SP6
1910207353;6025703700;;Magnetlineal 120x20x1,5;AE;SP6
1910209133;6025711703;;Magnetstreifen;AE;SP6
1910363462;6025902900;;Gewindespindel RD80x110;EU;SP5
1910362811;6025903900;;Gewindespindel 180xM8 verzinkt;GE;SP2
1910363454;6025908520;;Scheibe 4,5x30x2,5;EU;SP5
1910362812;6025908990;;Strebe 280x25x2;EU;SP5
1910362813;6025961980;;Winkel 70mm lang;GE;SP2
1910364214;60290009344;;Buerste MINK Flex-System FBL1330-K10;GE;SP1
1910364217;60300003507;;Gummielement 80x80x50;GE;SP1
1910363595;60300009201;;Gewindebolzen Drehimpulsgeber M16;AE;SP6
1910363596;60300009202;;Gewindebolzen Drehimpulsgeber M12;EU;SP5
1910364611;60300009207;;Distanzscheibe 25x60x3;EU;SP5
1910563981;60300009208;;Universal Spannklemme;EU;SP5
1910364218;60300009219;;ZB Getriebeoel SM1/220 6 Liter;GE;SP2
1910208151;60300009222;;ZB Befestigungsteile Drehgeber;GE;SP1
1910364222;60300009223;;Befestigungswinkel;EU;SP5
1910208152;60300009224;;ZB Drehgeber Anbausatz;GE;SP1
1910208153;60300009225;;ZB Drehgeber WDG58B-4096-ABN R05-SH8-G41;GE;SP1
1910208154;60300009230;;ZB Halfen HM 28/15 Drehgeber Stütze mod;GE;SP3
1910364223;60300009231;;Eckverbinder;EU;SP5
1910364225;60300009235;;Zahnkranz;GE;SP1
1910364227;60300009236;;Stützstab;AE;SP6
1910209006;60300009268;60300009268_L;ZB Drehgeberanbau flex Kupplung DTE132;GE;SP4
1910368616;60300009269;;Adapterstueck Handrad Geber DTE132;GE;SP1
1910364228;60300009287;;Axialluefter mit Zubehör;GE;SP2
8001346099;6030001010;;ZB Blockierungsklemme 170;GE;SP2
1910362814;6030001070;;ZB Oelmessstab;EU;SP5
1910362815;6030001370;;ZB Kupplungsgummi f.Zaiser Maschinen ZW1;AE;SP6
8001346101;6030002010;;ZB Blockierungsklemme 220;GE;SP2
8001442626;6030004370;;ZB Isolationselement m. Unterlage 80hoch;GE;SP1
1910364357;6030004400;;ZB Bremsluefthebel;EU;SP5
1910207354;6030006900;;ZB Maschinenoel M2 5 Ltr;GE;SP1
1910362817;6030007010;;ZB Blockierungsklemme 120;EU;SP5
1910047423;6030007430;;Handrad 42/360D;GE;SP1
1910207355;6030007900;;ZB Seilpflegeoel S4 1Ltr;GE;SP1
1910362820;6030008430;;Handrad D38/360D Nabenlänge 50;GE;SP1
1910362821;6030010400;;ZB Bremsteil;GE;SP2
1910207356;6030014900;;ZB Maschinenoel M2 1 Ltr;GE;SP1
8001442633;6030019110;;ZB Stuetze 650x251x5;GE;SP2
1910362824;6030025010;;ZB Blockierungsklemme fuer Winde W149B;GE;SP2
1910362825;6030026010;;ZB Blockierungsklemme 135;GE;SP2
1910362826;6030027010;;ZB Blockierungsklemme 90;EU;SP5
1910207358;6030027900;;ZB Mehrzweckfett F1 Kartusche 400 g;GE;SP1
8001292890;6030028010;;ZB Blockierungsklemme 154mm;GE;SP1
8001332342;6030029010;;ZB Blockierungsklemme Durchm. 410;GE;SP2
1910362827;6030030010;;ZB Blockierungsklemme 75;EU;SP5
8001292822;6030032010;;ZB Blockierungsklemme 132mm;GE;SP1
8001332383;6030108050;;Handlochdeckel 120x80x2;EU;SP5
8001442635;6030121110;;Strebe 300x60x30x5;AE;SP6
8001346168;6030400430;;Handrad D400 PA;GE;SP1
1910362828;6030415400;;Bremsluefthebel L510;GE;SP2
1910368618;6030416400;;Hebel Bremslueftung 160mm;GE;SP1
8001292891;6030417400;;Hebel W263/TW160;GE;SP2
1910362829;6030418400;;Stange 140xM12;GE;SP1
1910207359;6030419400;;Stange 205xM12;EU;SP5
1910362833;6030420400;;Stange 305xM12;AE;SP6
8001292892;6030421400;;Stange 385xM12;GE;SP2
8001442636;6030901140;;Gummielement 100x100x50;GE;SP1
1910363631;6030901520;;Scheibe 20,5x45x3;EU;SP5
8001292893;6030901970;;Druckstueck 104;AE;SP6
8000921106;6030902900;;Stellschraube 45xM8;AE;SP6
1910362835;6030902960;;Schutzkragen 1025x150x0,6;EU;SP5
8001332384;6030903950;;Dichtungsring fuer Winde;GE;SP1
1910363477;6030904950;;Gehäusedichtung für ZW2;EU;SP5
1910363331;6030905520;;Kupplungsgummi glatt 45mm lang;GE;SP1
8001346117;6030906520;;Ring Kupplung W332C;GE;SP2
8000921107;6030908520;;Schlitzunterlage 0.15 mm D78-20;EU;SP5
8000921108;6030909520;;Schlitzunterlage 0.20 mm D78-20;EU;SP5
8000921109;6030910520;;Schlitzunterlage 0.50 mm D78-20;EU;SP5
8001346118;6030911520;;Kupplungsgummi W332C;GE;SP1
1910363335;6030912520;;Kupplungsgummi 62mm lang gerillt;GE;SP1
1910363344;6030913520;;Kupplungsgummi 57mm lang gerillt;GE;SP2
1910362838;6030915920;;Bolzen;EU;SP5
1910362839;6030918550;;Platte 90x50x4;EU;SP5
1910363483;6030931510;;Distanzscheibe;EU;SP5
1910363498;6030932510;;Distanzring d60,3/d48,2;EU;SP5
1910563999;6030933980;;Lasche;EU;SP5
1910362851;6030934980;;Winkel 136x30x3;EU;SP5
1910207363;6031000400;;Bremsbacke W149 komplett;AE;SP6
1910369314;6031001970;;ZB Zugstange W149B;GE;SP2
1910362853;6031002070;;ZB Oelmessstab Messhoehe 95mm;GE;SP2
1910207364;6031009400;;ZB Bremsbacke SO1F Bs 240 mm;EU;SP5
1910207365;6031010400;;ZB Bremsbacke SO1F Bs 315 mm;AE;SP6
1910207366;6031015400;;ZB Bremsbacke W149B;GE;SP1
1910362855;6031109050;;Lagerdeckel W149;GE;SP2
1910362869;6031204500;;Lagerbuchse W149 Loch oben+mittig 74mm;GE;SP2
1910362873;6031215500;;Lagerbuchse W149 Loch mittig 74mm;GE;SP1
1910207367;6031217500;;Lagerbuchse W149,  H:56;GE;SP1
1910207368;6031218500;;Lagerbuchse W149, H:80;EU;SP5
1910207369;6031219500;;Lagerbuchse W149B;GE;SP1
1910362874;6031220500;;Lagerbuchse W149 100mm;GE;SP1
1910207370;6031221500;;Lagerbuchse W149, H.122;AE;SP6
1910369372;6031403440;;Treibscheibe SO1F D430xb130;GE;SP2
1910369373;6031443432;;Treibscheibe W149B/SO1F D360xb130;GE;SP2
1910369374;6031444432;;Treibscheibe W149B/SO1F;GE;SP2
1910369375;6031444432-01;;Treibscheibe W149B/SO1F D400xb130;GE;SP2
1910369377;6031482432;;Treibscheibe W149B D520xb135;GE;SP2
1910368623;6031486430;;Treibscheibe W149B D480xb135;GE;SP2
1910362885;6031901150;;Bremsbelag;GE;SP1
8001346116;6031902920;;Kupplungsbolzen W332C;EU;SP5
1910207371;6031904520;;Scheibe D60x8 3x11,5 DIN 668;EU;SP5
1910362887;6031904550;;Stuetzblech W149B;GE;SP1
1910207372;6031904950;;Dichtung 130x0,25;GE;SP1
1910363497;6031905950;;Gehäusedichtung für SO1F;GE;SP1
8000921007;6031906520;;Scheibe D125x15 5x18;EU;SP5
1910207373;6031906950;;Dichtung 100/130mm Durchmesser;AE;SP6
1910362888;6031907520;;Scheibe D60x8 3x11,5;GE;SP2
1910363656;6031907920;;Bolzen D30x93;EU;SP5
1910368624;60320002208;;Getriebegehaeuse W191/NBS L;EU;SP5
8001292901;60320002210;;Dichthuelse TW130 NBS;GE;SP2
8000921018;60320002425;;Distanzhuelse TW45C NBS;GE;SP2
1910208155;60320003255;;Dichthuelse W191;GE;SP1
1910208156;60320004169;;Drehgeber 2x1024 Imp HTL Aderenhuelsen;GE;SP2
1910208157;60320006325;;ZB Dichtung Satz W191;GE;SP4
1910207374;6032001970;;ZB Zugstange M12 250mm;GE;SP1
1910207376;6032009520;;ZB Bremsueberwachung SA3;GE;SP1
1910362890;6032013400;;ZB Bremsbacke W191;GE;SP1
1910564000;6032110050;;Lagerdeckel W191;AE;SP6
1910207378;6032203500;;Lagerbuchse W191 D130mm D110mm;GE;SP1
1910207379;6032207500;;Lagerbuchse D130x132;AE;SP6
1910207380;6032208500;;Lagerbuchse W191 Mainmetall;AE;SP6
1910207381;6032209500;;Lagerbuchse W191 0/70 Dx70mm;AE;SP6
1910369378;6032403432;;Treibscheibe W191 D450xb150;GE;SP2
1910369379;6032404432;;Treibscheibe W191 D540xb150;GE;SP2
1910369380;6032405440;;Treibscheibenkranz ZW3/SO2 D450xb130;GE;SP2
1910369381;6032406440;;Treibscheibenkranz ZW3/SO2 D450xb150;GE;SP2
1910369382;6032407440;;Treibscheibenkranz ZW3/ZW4 D520xb96;GE;SP2
1910369383;6032409440;;Treibscheibenkranz ZW3/SO2 D540xb130;GE;SP2
1910207382;6032432430;;Bremsscheibe D240x76 GG-25;EU;SP5
1910368625;6032433430;;Treibscheibe W191 D640xb90;GE;SP2
1910369384;6032479432;;Treibscheibe W191 D640xb150;GE;SP2
1910369385;6032492430;;Treibscheibe W191 D590xb150;GE;SP2
8000921110;6032901550;;Ankerplatte TW63/TW130;GE;SP1
1910207384;6032901950;;Dichtung für hinteres Flanschlager;GE;SP1
1910362891;6032901960;;Seilschutzbuegel 310x170x4;GE;SP2
1910207385;6032902150;;Bremsbelag W191;GE;SP1
1910209135;6032902510;;Huelse;GE;SP1
1910363666;6032902900;;Halteschraube M12x27;EU;SP5
1910362893;6032902950;;Dichtung;GE;SP2
1910207386;6032902960;;Seilschutzbuegel 345x170x4;GE;SP2
1910363503;6032903950;;Dichtung Gehäusedeckel seitlich SO2;AE;SP6
1910362895;6032903960;;Seilschutzbuegel 315x170x4;GE;SP2
1910363505;6032903980;;Scheibe D160x18 6x17/18;GE;SP2
1910363506;6032904950;;Gehäusedichtung für SO2;GE;SP1
1910207388;6032904980;;Scheibe D85x12 6x11;AE;SP6
1910207389;6032906520;;Scheibe D35x18x1,7;AE;SP6
1910368626;6032908520;;Distanzscheibe D170/d100;EU;SP5
1910207390;6032912980;;Scheibe D170x22 6x18;GE;SP1
1910207391;6032913980;;Seilschutztraeger W191;AE;SP6
1910364621;60330002718;;Dichtungssatz fuer W263 und W263B;GE;SP4
1910207392;6033000400;;ZB Bremsbacke SO30;EU;SP5
1910364231;60330004937;;ZB Umruestsatz fuer W263;GE;SP2
1910362896;6033006250;;ZB Lagerbuchse 100x115x120;AE;SP6
1910564001;6033007980;;ZB Stuetze W263C;AE;SP6
1910362897;6033008400;;ZB Bremsbacke W263C;GE;SP1
1910364356;6033011520;;ZB Bremskontrolle SA3;GE;SP1
1910368628;6033068430;6033068430_L;ZB Bremsscheibe W263C B5;AE;SP6
1910368629;6033099430;;ZB Treibscheibe W263B;GE;SP2
1910362899;6033204500;;Lagerbuchse W263B;AE;SP6
8001346170;6033456432;;Treibscheibenkranz W263C D740xb160 zxd;GE;SP2
8001346171;6033458432;;Treibscheibenkranz W263C D800xb160 zxd;GE;SP4
8001346172;6033467430;;Treibscheibenkranz W263C D700xb180 zxd;GE;SP2
1910363513;6033900950;;Dichtung Gehäusedeckel SO3;AE;SP6
1910363514;6033901950;;Dichtung fuer Flanschlager SO3;GE;SP1
8001332389;6033902960;;Seilschutzbuegel 335x200x5;EU;SP5
8001346173;6033903900;;Halteschraube M16x40 vz;AE;SP6
1910363516;6033903950;;Gehäusedichtung für Schneckengehäuse;AE;SP6
1910362900;6033903980;;Federring 250x2,5;GE;SP1
1910047421;6033904900;;Schraube AM16x80 mit Ansatz;GE;SP1
1910207393;6033906900;;Ankerschraube M20x90-10.9 Geomet 500;AE;SP6
1910363518;6033906950;;Gehaeusedichtung W263B;GE;SP1
1910363519;6033907950;;Dichtung 180x120x2;GE;SP1
8001346174;6033922980;;Seilschutztraeger W263C;AE;SP6
8001346210;60340009202;;Druckfeder 160x47x10/12 RAL9005;GE;SP2
8001346245;60340009203;;ZB Bremsueberwachung W332C Mikroschalter;GE;SP1
8001346178;6034002970;;ZB Zugstange W332C M16x330;EU;SP5
8001346149;6034003400;6034003400_L;ZB Bremsbacke W332C;GE;SP1
8001346179;6034011250;;ZB Lagerbuchse W332C 130x150x135;GE;SP3
8001346223;6034014430;P1E=EU Löschvermerk;ZB Schneckenrad W332C 46:2;EU;SP5
1910362903;6034016520;;ZB Bremskontrolle SA3 SET;GE;SP1
1910362904;6034017430;;ZB Bremsscheibe 420x150;GE;SP2
8001346122;6034093430;;ZB Treibscheibe W332C;GE;SP2
1910369386;6034094430;;Treibscheibenkranz W332/SO4 D740x190;GE;SP2
8001346181;6034105050;;Lagerdeckel W332C WS BS;EU;SP5
1910362905;6034111050;;Lagerdeckel W332;EU;SP5
8001346184;6034203500;;Lagerbuchse W332C 120x140x120;AE;SP6
8001346232;6034326300;;Schneckenwelle W332C 46:2;Z0;SP1
8001346187;6034336300;P1E=EU Löschvermerk;Schneckenradwelle W332C;EU;SP5
8001346188;6034337300;;Schneckenradwelle W332C SA4;AE;SP6
8001346191;6034451432;;Treibscheibenkranz W332C D640x180 zxd;GE;SP4
8001346192;6034452432;;Treibscheibenkranz W332C D640xb215 zxd;GE;SP4
8001346120;6034453432;;Treibscheibenkranz W332C D740xb215 zxd;GE;SP2
8001346193;6034454432;;Treibscheibenkranz W332C D800xb215 zxd;GE;SP4
8001346194;6034459430;;Treibscheibenkranz W332C D700xb215 zxd;GE;SP4
1910363531;6034901150;;Gummiplatte D390/d150;EU;SP5
8001346196;6034901960;;Seilschutzbuegel 390x200x5;EU;SP5
8001346197;6034902960;;Seilschutzbuegel 374x200x5;EU;SP5
8001346198;6034903550;;Ankerplatte W332C;EU;SP5
8001346199;6034904900;;Ankerschraube M20x110-10.9 Geomet 500;EU;SP5
8001346109;6034913950;;Gehäusedichtung W332B;GE;SP1
1910363536;6034914950;;Dichtung 300x120x2;GE;SP1
8001346203;6034917980;;Scheibe D120x18 3x17;EU;SP5
8001346207;6034936980;;Seilschutztraeger W322C;AE;SP6
1910363558;6035001420;;ZB Rolle D60;EU;SP5
1910363722;6035908920;;Bolzen D25x90;EU;SP5
1910363538;6036901950;;Gehäusedichtung 0,25 für ZW3;EU;SP5
1910363541;6036902950;;Dichtung fuer Halslager D170;EU;SP5
1910362906;6036903153;;Bremsbelag ZW3;AE;SP6
1910363544;6036903950;;Gehäusedichtung 0,1 für ZW3;EU;SP5
1910363545;6037902950;;Dichtung fuer Halslager D198;EU;SP5
1910363547;6037903950;;Dichtungsscheibe ZW4;EU;SP5
1910207394;6039002050;;ZB Lagerdeckel;EU;SP5
1910207395;6039002400;;ZB Bremsbacke MBO;AE;SP6
1910368634;6039011430;;ZB Bremsscheibe;EU;SP5
1910564002;6039012010;;ZB Maschine MBO;AE;SP6
1910209136;6039209500;;Distanzbuchse;EU;SP5
1910362907;6039212500;;Lagerbuchse W125 L65;EU;SP5
1910362908;6039213500;;Lagerbuchse W125 L75;EU;SP5
1910207398;6039417430;;Treibscheibe D270x120 7x6,5 S96;GE;SP2
1910369387;6039452430;;Treibscheibe W100 D320xb95;GE;SP2
1910368636;6039455430;;Treibscheibe W125 D410xb102;GE;SP2
1910369388;6039456430;;Treibscheibe W125 D410xb100;GE;SP2
1910369389;6039457430;;Treibscheibe W125 D525xb75;GE;SP2
1910207399;6039901510;;Distanzscheibe 80x10;EU;SP5
1910363735;6039901900;;Schraube M12x60;AE;SP6
1910363736;6039902900;;Halteschraube M8x20;EU;SP5
1910363737;6039903900;;Senkschraube AM12x50;AE;SP6
1910362909;6039904070;;Spritzring D68/d57;EU;SP5
1910363561;6039905950;;Dichtungsring 80x86x1;AE;SP6
1910362910;6039908070;;Oelstopfen;EU;SP5
1910363741;6039912920;;Bolzen D10x58;EU;SP5
1910207400;6039915950;;Radialdichtring 52x72x10;AE;SP6
1910363550;6039923980;;Scheibe D70x14 5x9;EU;SP5
1910364624;60410005012;;Reparaturset pro Türblatt für S4/D4;GE;SP1
1910363744;60410008848;;Bolzen fuer Seilrolle;EU;SP5
1910369390;60410009053;;Treibscheibe D80/ F5;GE;SP4
1910208158;60410009201;;ZB Umlenkung TSS72K links auf F9;AE;SP6
1910364232;60410009202;;ZB Tuerantrieb Umbau M2T/M2Z D4 auf F9;GE;SP2
1910209007;60410009205;60410009205_L;ZB Anbau Schwert M2T/M2Z Umbau D4 auf F9;GE;SP1
1910209008;60410009206;;ZB Anbau Schwert M2T R Umbau D4 auf F9;GE;SP2
1910208159;60410009207;;ZB Umlenkung TSS72K rechts auf F9;EU;SP5
1910209009;60410009215;60410009215_L;ZB Umbausatz M3TK/2 auf F9 Mod.;GE;SP1
1910364631;60410009223;;ZB Umlenkung M2TD4 auf F9 Mod.;GE;SP2
1910208160;60410009224;;ZB Zahnriemen HTDLL-5M-9;GE;SP1
1910364632;60410009231;;ZB Umlenkung M2ZD4 auf F9 Mod.;GE;SP2
1910363553;6041074181;;Türschliessfeder;AE;SP6
1910207401;6045001870;;ZB Leitung L3730;GE;SP1
1910209010;6045003020;6045003020_L;ZB Türantrieb F9 IP54 Umbausatz Links;GE;SP1
1910363566;6045003560;;ZB Stuetze R;GE;SP2
1910363567;6045004560;;ZB Stuetze L;GE;SP2
1910207402;6045201240;;Ring D17,5x8;AE;SP6
1910362912;6045201250;;Lager;GE;SP2
1910564101;6045201560;;Anschlag;AE;SP6
1910363555;6045414430;;Keilriemenscheibe 77x18x28;EU;SP5
1910363556;6045417430;;Keilrippenscheibe 32,5x14x28;EU;SP5
1910363557;6045418430;;Keilrippenscheibe 137,5x42x36;EU;SP5
1910207404;6045420430;;Keilrippenscheibe 72,5x18x32;EU;SP5
1910207405;6045904920;;Gewindebolzen M10x46;AE;SP6
1910207406;6045905920;;Gewindebolzen M10x55,5;GE;SP1
1910363760;6045906920;;Exzenterbolzen M10x66;GE;SP2
1910207407;6045907920;;Bolzen D10x38,5;AE;SP6
1910363761;6045910920;;Exzenterbolzen M10x84;EU;SP5
1910207408;6045931980;;Winkel;GE;SP1
1910208161;60500009204;;Einstellschraube Schleichfahrt 9 kpl.;GE;SP2
1910208162;60500009205;;"Flansch Senkventil 3/4"" mit Kolbensicher";GE;SP1
1910364234;60500009206;;"Rückschlagventil 1,5 "" kpl. Inkl. VF+4E";GE;SP2
1910364235;60500009207;;"Rückschlagventil 3/4 "" kpl. Inkl. VF+4E";GE;SP2
1910208163;60500009208;;Senkventilkolben kompensiert CX EV10 1,5;GE;SP2
1910208164;60500009209;;Senkventilkolben kompensiert CX EV10 3/4;GE;SP1
1910208165;60500009210;;"Steuerblock BLAIN 1,5""";EU;SP5
1910208166;60500009211;;"Steuerblock BLAIN 3/4""";EU;SP5
1910364236;60500009212;;Umlaufkolben kpl. 3/4;GE;SP2
1910208167;60500009213;;Umlaufkolben kpl. 3/4 TO5;GE;SP1
1910207409;6050015010;;ZB Handpumpe H11;GE;SP1
1910362913;6050046070;;Ölmessstab 590;EU;SP5
1910362914;6050099010;;ZB Handpumpe H12;GE;SP2
1910363575;6050902550;;Abdeckplatte LRV 175 72x13x2,5;EU;SP5
1910207410;6050903550;;Abdeckplatte LRV 350;EU;SP5
1910365804;6050903980;;Winkel 80x48x4x45;EU;SP5
1910364237;60510007256;;ZB Dichtung (Satz) FSBIV-2M;GE;SP2
1910207411;6051001900;;ZB Entlüftungsventil ATE M10x1;AE;SP6
1910362915;6051004900;;EV O Ring Set 3/4 und 1 1/2;GE;SP1
1910362916;6051065010;;ZB Rohrbruchsicherung R1;GE;SP2
1910362917;6051071010;;ZB Ventilblock LRV 175-1;GE;SP2
1910207412;6053001900;;ZB Leckölleitung Zubehör für 1KA;GE;SP2
1910207413;6053017550;;ZB Buchse KA63;GE;SP1
1910207414;6053018550;;ZB Buchse KA70 Nutring H:32,8;GE;SP1
1910207415;6053019550;;ZB Buchse KA80 Nutring H:32,8;GE;SP1
1910207416;6053020550;;ZB Buchse KA90 Nutring H:32,8;GE;SP1
1910207417;6053021550;;ZB Buchse KA100 NutringH:32,8;GE;SP1
1910207418;6053022550;;ZB Buchse KA110 NutringH:32,8;GE;SP1
1910207419;6053025500;;ZB Buchse 63 Höhe 50 mm;GE;SP1
1910207420;6053026500;;ZB Buchse 70;GE;SP1
1910207421;6053027500;;ZB Buchse 80 mit Nutringdichtung;GE;SP1
1910207422;6053028500;;ZB Buchse 90 Höhe 50 mm;GE;SP1
1910207423;6053029500;;ZB Buchse 100 Höhe 50 mm;GE;SP1
1910207424;6053030500;;ZB Buchse 110 Höhe 50 mm;GE;SP1
1910207425;6053074500;;ZB Buchse KA70 Teflon H:32,8;EU;SP5
1910207426;6053075500;;ZB Buchse KA80 Teflon H:32,8;GE;SP1
1910207427;6053076500;;ZB Buchse KA90 Teflon H:32,8;GE;SP1
1910207428;6053077500;;ZB Buchse KA100 Teflon H:32,8;GE;SP1
1910207429;6053078500;;ZB Buchse KA110 Teflon H:32,8;GE;SP1
1910207430;6053079500;;ZB Buchse 63 Höhe 75 mm;EU;SP5
1910364359;6053081500;;ZB Buchse 80 mit Teflondichtung;GE;SP1
1910207431;6053082500;;ZB Buchse 90 Höhe 75 mm;AE;SP6
1910207432;6053083500;;ZB Buchse 100 Höhe 75 mm;GE;SP1
1910207433;6053084500;;ZB Buchse 110 Höhe 75 mm;GE;SP1
1910362919;6053501270;;Kolbenfuehrung 63;GE;SP2
1910207434;6053502270;;Kolbenfuehrung 70;EU;SP5
1910362920;6053503270;;Kolbenfuehrung 80;GE;SP2
1910362921;6053504270;;Kolbenfuehrung 90;GE;SP2
1910362922;6053505270;;Kolbenfuehrung 100;GE;SP2
1910362923;6053506270;;Kolbenfuehrung 110;GE;SP2
1910207435;6053510510;;Stützring KA80;GE;SP1
1910362924;6053511500;;Fuehrungsbuchse KA60;GE;SP1
1910362925;6053511510;;Stützring KA100;GE;SP2
1910362926;6053512500;;Fuehrungsbuchse KA80;GE;SP2
1910363577;6053512510;;Stützring KA105;GE;SP2
1910207436;6053513500;;Fuehrungsbuchse KA100;GE;SP1
1910363578;6053513510;;Stützring KA120;GE;SP2
1910362927;6053514500;;Fuehrungsbuchse KA105;GE;SP2
1910362928;6053515500;;Fuehrungsbuchse KA120;GE;SP2
1910363579;6053515510;;Stützring KA140;GE;SP2
1910362929;6053516500;;Fuehrungsbuchse KA130;GE;SP2
1910363580;6053516510;;Stützring KA150;GE;SP2
1910362930;6053517500;;Fuehrungsbuchse KA140;GE;SP2
1910362931;6053518500;;Fuehrungsbuchse KA150;GE;SP2
1910362933;6053519500;;Fuehrungsbuchse KA170;GE;SP2
1910363581;6053901930;;Ring D63;GE;SP2
1910363584;6053905930;;Ring D100;GE;SP2
1910364238;60540009207;;Oelpuffer OB29;EU;SP5
1910363731;60540009238;;Oelmessstab SW8;GE;SP1
1910364240;60540009265;;ZB Oelpuffer MLB25;GE;SP1
1910364241;60540009266;;ZB Oelpuffer MLB32;GE;SP2
1910364242;60540009268;;ZB Oelpuffer MLB40;GE;SP2
1910364243;60540009269;;ZB Oelpuffer LSB16;GE;SP1
1910364244;60540009270;;ZB Oelpuffer MLB20;GE;SP1
1910364245;60540009273;;ZB Oelpuffer MLB25 Sonderfußplatte;GE;SP2
1910364246;60540009287;;ZB Adapter Puffer O1 O2 O3 zu Oleo;GE;SP1
1910207437;6060003140;;ZB Abluftplatte f.nachtr.Einbau in Aufz.;EU;SP5
1910362934;6060005140;;ZB Spiegel mit Traeger;EU;SP5
1910362935;6060009900;;ZB Halterung;GE;SP2
1910207438;6060023900;;ZB Handlauf Montageset;GE;SP1
1910362936;6060911510;;Steckhuelse Handlauf 30+40;GE;SP2
1910364247;60620010209;;ZB LED Zwillingsleuchte 1500mm;GE;SP2
1910207439;6062104590;;ROKA Riegel;GE;SP1
1910207440;6062105590;;Basquilschloss;GE;SP1
1910207441;6063926980;;Gewindeplatte M8 25x8x55;GE;SP1
1910208168;60700002897;;Lastmesseinrichtung LLEC6;GE;SP1
1910368638;60700009211;60700009211_L;ZB Seilschloss 8;GE;SP2
1910362937;6070914970;;Lasche 224x25x5;EU;SP5
1910364248;60710009231;;Gegenkeil Fangzange 115x32 geschmiedet;EU;SP5
8001442516;60720000976;;ZB Seilrolle D740x228 zxd;GE;SP4
1910363823;60720000980;;Achse D120x310;GE;SP2
1910563948;60720000981;;Achse D90x305 für Seilrolle;GE;SP2
8001360639;60720000982;;Seilrolle D640x210 zxd;EU;SP5
8001442507;60720000984;;ZB Seilrolle D640 zxd;GE;SP4
1910364642;60720001578;;ZB Zusatzteile D16 Seilaufhaengung GG;GE;SP1
1910363826;60720003603;;ZB Seilrolle D360x109;GE;SP1
1910363827;60720003604;;Achse D50 GTK;GE;SP1
1910363828;60720003903;;Achse D60 GTK;GE;SP1
1910363829;60720003904;;Achse D80 GTK;GE;SP1
1910563962;60720004884;;ZB Seilrolle D450 7x10-RA20 PA;GE;SP1
1910563961;60720004885;;ZB Seilrolle D450 7x10-RA18 PA;GE;SP1
1910208169;60720007798;;ZB Seilrolle D260 6x6.5-RA11 PA;GE;SP1
1910363830;60720007799;;ZB Seilrolle D260 - 6x6.5 - RA11;GE;SP1
1910208170;60720008380;;Gummielement Seilaufhaengung 6xM10;GE;SP1
1910208171;60720008541;;Achse D50 RTP;GE;SP1
1910363831;60720009212;;Achse f. Seilrolle Fangen GG NC71;EU;SP5
1910363832;60720009229;;ZB Seilrolle D150 10x6,0 RA 12;GE;SP1
1910363833;60720009234;;Achse D50 x 182;GE;SP1
1910363834;60720009240;;Achse D50 x 134;GE;SP1
1910363835;60720009255;;ZB Seilrolle D150 7x6,0 RA 12;GE;SP1
1910364251;60720009260;;Distanzrohr D13,5x1,5x20;GE;SP1
1910364645;60720009261;;Gummielement Seilaufh. Schlaffseil;GE;SP2
1910363838;60720009265;;ZB Seilrolle D150 12x6 RA 10;GE;SP1
8001442501;60720009332;;ZB Seilrolle D800x240 zxd;GE;SP2
1910363840;60720009341;;ZB Seilrolle D320 8x8-RA14 PA;GE;SP1
1910363841;60720009342;;ZB Seilrolle D400 8x10-RA18 PA;GE;SP1
1910364646;60720009350;;ZB Seilaufhaengung D8 Druckfeder 3925N;EU;SP5
1910364647;60720009353;;ZB Seilaufhaengung D8 Gummifeder 3925N;GE;SP2
1910364252;60720009354;;ZB Seilaufhaengung D10 Gummifeder 3925N;GE;SP1
1910364649;60720009355;;ZB Seilaufh. D10 Druckf. 3925N;GE;SP1
1910363845;60720009358;;ZB Seilrolle D450 7x11-RA18 PA;GE;SP2
1910363846;60720009359;;ZB Seilrolle D320 12x6-RA9,5 PA;GE;SP1
1910363847;60720009360;;ZB Seilrolle D320 6x6-RA9,5 PA;GE;SP1
1910364652;60720009422;;Umlenkrolle D240 7 Seile;GE;SP1
1910364653;60720009423;;Umlenkrolle D240 10 Seile;GE;SP1
1910364654;60720009433;;ZB Seilaufhaengung D6 DF 1470N PA;AE;SP6
1910363589;6072001900;;ZB Zusatzteile Seilaufhaeng. D8/10 3925N;GE;SP1
1910363590;6072003900;;ZB Zusatzteile Seilaufhaengung D11 6820N;GE;SP1
1910363591;6072003980;;ZB Seilaufhaengung D6,5 Gummifeder 1960N;GE;SP1
1910363592;6072004900;;ZB Zusatzteile Seilaufhaengung D13 3925N;EU;SP5
1910363593;6072005900;;ZB Zusatzteile Seilaufhng. D13/16 6820N;EU;SP5
1910207442;6072005980;;ZB Seilaufhaengung D8 12x380 2600N;GE;SP1
1910207443;6072006982;;ZB Seilaufhaengung D10 Gummifeder 2600N;GE;SP1
1910207444;6072007980;;ZB Seilaufhaengung D10 16x400 3925N;GE;SP1
1910363598;6072009982;;ZB Seilaufhaengung D13 Gummifeder 4415N;GE;SP1
1910363599;6072010980;;ZB Seilaufhaengung D13 Gummifeder 6570N;GE;SP1
1910209011;6072012982;6072012982_L;ZB Seilaufhaengung D16 Gummifeder 6570N;GE;SP1
1910363600;6072013982;6072013982_L;ZB Seilaufhaengung D6,5 Druckfeder 1470N;GE;SP2
1910207445;6072014980;;ZB Seilaufhaengung D8 Druckfeder 3925N;GE;SP1
1910207446;6072015980;;ZB Seilaufhaengung D10;GE;SP1
1910207447;6072017980;;ZB Seilaufhaengung D13 Druckfeder 3925N;GE;SP1
1910363601;6072018980;;ZB Seilaufhaengung D13 Druckfeder 6820N;GE;SP1
1910363607;6072020980;;ZB Seilaufhaengung D16 Druckfeder 6820N;GE;SP1
1910363608;6072021982;;ZB Seilaufhaengung D11 Druckfeder 6820N;GE;SP1
1910363609;6072029980;;ZB Seilaufhaengung D8 Gummifeder 3925N C;GE;SP1
1910209228;6072044420;;ZB Seilrolle D540 Breite 149mm;GE;SP3
1910363610;6072045980;;ZB Seilaufhaengung D10 Gummifeder 6570N;GE;SP1
1910362938;6072051980;;ZB Seilaufhaengung D8 Gummifeder 2600N;GE;SP1
1910363611;6072052980;;ZB Seilaufhaengung D8 Druckfeder 3925N C;GE;SP1
1910563944;6072054420;;ZB Seilrolle D360x129;GE;SP3
1910369391;6072055420;;ZB Seilrolle D450x149 7x10;GE;SP3
1910207448;6072056420;;ZB Seilrolle D360 7x8;GE;SP4
1910207449;6072057420;;ZB Seilrolle D450 7x10;GE;SP1
1910563945;6072058420;;ZB Seilrolle D450x158 8X10;GE;SP4
1910363869;6072059420;;ZB Seilrolle D540x189 hochbelastbar;GE;SP4
1910368645;6072060420;;ZB Seilrolle  D360x138 7x8;GE;SP4
1910369392;6072062420;;ZB Seilrolle D450x158 7x10 RA 20;GE;SP4
1910209229;6072065420;;ZB Seilrolle D540x149 7x13 RA20.5 RKL;GE;SP4
1910563963;6072066420;;ZB Seilrolle D540x189;GE;SP4
1910209230;6072067420;;ZB Seilrolle D400 4x10 RKL;GE;SP3
1910369393;6072068420;;ZB Seilrolle D450x 7x10 RA 18;GE;SP1
1910563964;6072069420;;ZB Seilrolle D540x149 7x8 RA18 RKL;GE;SP4
8001442508;6072071420;;ZB Seilrolle D360 zxd  RKL / ZRL;GE;SP4
8001442509;6072072420;;ZB Seilrolle D450 zxd  RKL / ZRL;GE;SP2
8001442510;6072073420;;ZB Seilrolle D540 ZxD RKL / ZRL;GE;SP4
1910363875;6072076420;;ZB Seilrolle D360 7x8-RA14 PA;AE;SP6
1910363876;6072312320;;Achse D70x220;AE;SP6
8001414711;6072330320;;Achse D40x186;GE;SP1
8001414712;6072331320;;Achse D60/70x220;AE;SP6
1910563946;6072332320;;Achse D80x260;EU;SP5
8001442637;6072334320;;Achse D50x190;AE;SP6
1910207450;6072335320;;Achse D60x216;GE;SP1
1910363879;6072337320;;Achse D50x132;GE;SP1
1910207451;6072344320;;Achse D90x305;EU;SP5
1910207452;6072347320;;Achse D80x225;GE;SP1
1910363880;6072349320;;Achse D80x202;AE;SP6
1910363881;6072350320;;Achse D50x240;AE;SP6
1910363882;6072351320;;Achse D60x240;AE;SP6
1910363883;6072352320;;Achse D80x245;EU;SP5
1910363884;6072353320;;Achse D50x166;EU;SP5
8001414713;6072420510;;Huelse 80x105x22,2;EU;SP5
8001414716;6072428500;;Buchse 40x65x34;GE;SP1
8001414717;6072429500;;Buchse 60x80x19;AE;SP6
8001360688;6072448420;;Seilrolle D400x80 4x10 RA18;EU;SP5
1910363889;6072904920;;Gewindebolzen M10x46 D12;EU;SP5
1910364253;60730000870;;Fuehrungsschuh komplett 170x120x45;GE;SP1
1910209270;60730002069;60730002069_L;ZB Stichmassrolle RT100;GE;SP1
1910364254;60730002076;;ZB Laufrolle RTK300;GE;SP1
1910368646;60730002078;;Hebel f.Rollenfuehrung RTK300-Fertigt.;AE;SP6
1910363892;60730002390;;Lagerbolzen D20x70;GE;SP1
1910364255;60730002714;;Lagerbock RTK 100;GE;SP1
1910048643;60730002940;60730002940_L;ZB Rollenfuehrung RTK 100;GE;SP1
1910208172;60730006876;;Fuehrungsschuheinlage P1000S;GE;SP1
1910208173;60730008497;;Führungsschuheinlage wartungsarm 9mm;GE;SP1
1910364257;60730008531;;ZB Fuehrungsschuh L60x9 wartungsarm;GE;SP2
1910208174;60730008701;;Fuehrungsschuheinlage wartungsarm 16mm;GE;SP1
1910364258;60730009203;;ZB Gehaeuse Fuehrungsschuh L105;EU;SP5
1910209012;60730009204;60730009204_L;ZB Fuehrungsschuh L105-16 wartungsarm;GE;SP1
1910363899;60730009205;;ZB Rollenfuehrung Wittur WRG150HD;GE;SP2
1910363900;60730009206;;ZB Rollenfuehrung Wittur WRG150;GE;SP2
1910363901;60730009208;;ZB Rollenfuehrung Wittur WRG80;EU;SP5
1910363902;60730009209;;ZB Rollenfuehrung Wittur WRG100;GE;SP2
1910363903;60730009210;;ZB Rollenfuehrung Wittur WRG125;GE;SP2
1910363904;60730009211;;ZB Rollenfuehrung Wittur WRG200-FK;GE;SP2
1910208175;60730009213;;Fuehrungsschuheinlage wartungsarm 5mm;GE;SP1
1910363905;60730009214;;ZB Rollenfuehrung ETN FK4;GE;SP1
1910368647;60730009220;60730009220_L;Führungsschuh GG NC91;GE;SP1
1910364259;60730009222;;ZB Fuehrungsschuh L105 Schiene 9 mm;GE;SP1
1910364260;60730009225;;ZB Fuehrungsschuh L217-16 wartungsarm;GE;SP2
1910364261;60730009233;;Fuehrungsschuheinlage FSF P 9K;GE;SP1
1910363910;60730009235;;ZB Rolle RTK 100;GE;SP1
1910208176;60730009236;;Fuehrungsschuheinlage wartungsarm 8mm;GE;SP1
1910208177;60730009237;;Fuehrungsschuheinlage wartungsarm 10mm;GE;SP1
1910208178;60730009238;;Fuehrungsschuheinlage wartungsarm 14mm;GE;SP1
1910208179;60730009242;;Fuehrungsschuheinlage wartungsarm 12mm;EU;SP5
1910208180;60730009244;;ZB Fuehrungsschuh L105 ohne Einlage;GE;SP1
1910364265;60730009248;;ZB Fuehrungsschuh L127 Schiene 16mm komp;GE;SP1
1910364650;60730009255;;ZB Rolle RTK 100 HD;AE;SP6
1910364651;60730009256;60730009256_L;ZB Stichmassrolle RTK 100 HD;GE;SP1
1910363918;60730009257;60730009257_L;ZB Fuehrungsrolle RTK 100 HD;GE;SP1
1910207453;6073001420;;ZB Gummirolle;AE;SP6
1910362941;6073002250;;ZB Lagerbock;GE;SP1
1910207454;6073004430;;ZB Laufrolle D130;AE;SP6
1910207455;6073006010;;ZB Rollenfuehrung RW100;GE;SP3
1910207456;6073006040;;ZB Gehaeuse Fuehrungsschuh L 217;GE;SP1
1910362942;6073007040;;ZB Gehaeuse Fuehrungsschuh L60;GE;SP1
1910362943;6073008010;6073008010_L;ZB Rollenfuehrung RT 180;GE;SP1
1910209271;6073008420;6073008420_L;ZB Fuehrungsrolle RT100;GE;SP1
1910207457;6073009420;;ZB Laufrolle R18;GE;SP1
1910362949;6073010420;;ZB Rolle D181xd144 Gummi aufvulkan;AE;SP6
1910207458;6073019420;;ZB Laufrollefür Typ NH21/31;GE;SP1
1910207459;6073020420;;ZB Laufrolle D115;GE;SP3
1910363606;6073020430;;ZB Rolle D101xd70x22;EU;SP5
1910207460;6073027010;;ZB Fuehrungsschuh L127 Schiene 16 mm;GE;SP1
1910209231;6073046010;6073046010_L;ZB Fuehrungsschuh unt. L150 Schiene 16mm;GE;SP3
1910209232;6073047010;6073047010_L;ZB Fuehrungsschuh oben L150 Schiene 16mm;GE;SP1
1910207462;6073059010;;ZB Führungsschuh GG A50B;GE;SP1
1910207463;6073060430;;ZB Stichmassrolle;GE;SP1
1910207464;6073063010;;ZB Fuehrungsschuh L127 Schiene 9mm;GE;SP1
1910207465;6073066010;;ZB Fuehrungsschuh L217 Schiene 16 mm;GE;SP1
1910207466;6073067010;;ZB Fuehrungsschuh L217 Schiene 9mm;GE;SP1
1910209233;6073068010;;ZB Fuehrungsschuh L180 Schiene 16mm;GE;SP1
1910207467;6073069010;;ZB Fuehrungsschuh L127 Schiene 5mm;GE;SP1
1910207468;6073073010;;ZB Fuehrungsschuh L60 Schiene 5mm;GE;SP1
1910363924;6073075010;;ZB Rollenfuehrung;GE;SP2
1910207469;6073078010;;ZB ACLA Rollenfuehrung AR0;GE;SP1
1910054498;6073202230;;Kugelgelenk;GE;SP1
1910054502;6073203240;;Fuehrungsschuheinlage 127x34 16mm;GE;SP1
1910207470;6073208240;;Fuehrungsschuheinlage 127x34 Ultram.A3K;GE;SP1
1910362951;6073208250;;Fuehrungsschuh HSM;GE;SP1
1910054500;6073212240;;Fuehrungsschuheinlage 127x34 9mm;GE;SP1
1910362958;6073213242;;Fuehrungsschuh L300 Schiene 28,6mm;GE;SP1
1910207472;6073216240;;Einlage FS16B;GE;SP1
1910207473;6073217240;;Einlage FS9B;GE;SP1
1910207474;6073218240;;Fuehrungsschuheinlage 127x34 Ultrami.A3K;GE;SP1
1910207475;6073220240;;Einlage 73x48x3,5;GE;SP1
1910207476;6073221240;;Einlage 73x48x7;GE;SP1
1910207477;6073222240;;Einlage FS16L;GE;SP1
1910368652;6073223240;;Fuehrungsschuh 170x120 GG25;GE;SP1
1910054499;6073224240;;Fuehrungsschuheinlage 127x34 5mm;GE;SP1
1910362977;6073226240;;Fuehrungselement 150x28;GE;SP1
1910207479;6073228240;;Einlage 73x48x9;GE;SP1
1910363930;6073305320;;Achse D20x57;GE;SP1
1910207480;6073902070;;Oelschale 19;AE;SP6
1910207481;6073903140;;Einlage 9,5;GE;SP1
1910362986;6073903550;;Deckplatte 63x41,5x50 DIN1541;AE;SP6
1910363062;6073906520;;Vulkan Fiber Scheibe;GE;SP1
1910363933;6073907520;;Gummiring D65x10 ca.70shore;GE;SP1
1910363934;6073908920;;Gewindebolzen M20x85;EU;SP5
1910363935;6073910980;;Zentrierring 68mm;GE;SP1
1910207483;6073911980;;Kardankugel 165x60x2,5;GE;SP1
1910207484;6073914140;;Einlage 7;GE;SP1
1910207485;6073915140;;Einlage U31x18x31x78 (10mm) Kunststoff;GE;SP1
1910207486;6073916140;;Einlage 13,5;GE;SP1
1910207487;6073917140;;Fuehrungselement alt;GE;SP1
1910207488;6073926140;;Einlage 190x60x12;GE;SP1
1910364266;60740009201;;ZB Schmierapparat Kunststoff 5 9 16;GE;SP1
1910364267;60740009202;;ZB Schmierapparat Kunststoff 28_6;GE;SP2
1910364270;60740009203;;Schienenoeler AK60;GE;SP1
1910364271;60740009208;;ZB Schienenoeler AK60 FK NC91 NC71;GE;SP2
1910209013;60740009209;60740009209_L;ZB Schienenoeler AK60 GG NC71;GE;SP3
1910209014;60740009210;60740009210_L;ZB Schienenoeler AK60 GG NC91;GE;SP1
1910364279;60740009213;;Schienenoeler AK5;GE;SP1
1910364281;60740009217;;ZB Schmierapparat Kunststoff 5-16mm;GE;SP1
1910209015;60740009219;60740009219_L;ZB Schienenoeler AK5 FK NC91/NC71;GE;SP1
1910207489;6074001900;;ZB Filzeinlage 8mm, 80mm;AE;SP6
1910207490;6074002900;;ZB Filzeinlage 80x80x8;AE;SP6
1910363063;6074004010;;ZB Schmierapparat;GE;SP1
1910207491;6074004900;;ZB Filzeinlage 16mm, 44mm;GE;SP1
1910207492;6074005900;;ZB Filzeinlage 8mm, 44mm;EU;SP5
1910207493;6074006900;;ZB Filzeinlage 12mm, 44mm;GE;SP1
1910207494;6074008900;;Filzeinlage mit Docht;EU;SP5
1910363064;6074009010;;ZB Schmierapparat AK10;GE;SP1
1910363066;6074011900;;Filzeinlage L 86x24x15;AE;SP6
1910363068;6074012900;;Filzeinlage R 86x24x15;AE;SP6
1910363090;6074104050;;Deckel fuer Schmierapparat;EU;SP5
1910368655;6074902090;;Saugdocht Filz 3x3x300;GE;SP1
1910368656;6074902980;6074902980_L;Adapterblech 230x120x3;GE;SP2
1910207495;6074908150;;Filzeinlage 86x36x10;EU;SP5
1910363091;6074909150;;Filzeinlage 86x20x10;GE;SP1
1910207496;6074910150;;Filzeinlage 86x24x13,5;AE;SP6
1910207497;6074912150;;Filzeinlage 86x36x15;EU;SP5
1910364282;60750004966;;ZB Gleitfuehrung f.Unterkette;EU;SP5
1910364283;60750009782;;ZB Daempfer D50 B70;;SP6
1910368426;6075001920;;ZB Federbolzen M8x45;EU;SP5
1910563985;6075002370;;ZB Daempfer D70;AE;SP6
1910363092;6075003970;;ZB Zugstange;AE;SP6
1910368657;6075007020;6075007020_L;Fangwellenschalter + Anbau 6071/0-2;GE;SP2
1910363095;6075012400;;ZB Fanghebel;EU;SP5
1910363097;6075013400;;ZB Fanghebel D20;AE;SP6
1910368427;6075014400;;ZB Verbindungshebel;GE;SP2
1910363101;6075028400;;ZB Ausloesehebel fuer Fangrahmen;GE;SP1
1910363963;6075301320;;Achse D20x85;GE;SP1
1910363964;6075303320;;Achse D42x150;GE;SP1
1910363103;6075411400;;Winkelhebel 168x120x5;GE;SP1
1910363109;6075498731;;Zangenlager;GE;SP2
1910363967;6075901940;;Zugfeder mit Oese und Spannschraube;AE;SP6
1910363110;6075903160;;Schaltring fuer Fangwelle 34xD20x15;EU;SP5
1910363968;6075913920;;Stellbolzen 39xD10xM8;EU;SP5
1910363969;6075914920;;Stellbolzen 41xD12xM12;EU;SP5
1910363970;6075918920;;Stellbolzen d16/10h11x34;EU;SP5
1910363971;6075919920;;Gewindebolzen M16x86;EU;SP5
1910207498;6079102520;;Passblech 300x28x0,075;GE;SP1
1910207499;6079103520;;Passblech UR2;AE;SP6
1910363972;6079903920;;Gewindebolzen M12x36;EU;SP5
1910364284;60800003717;;Türdämpfer;GE;SP1
1910564003;6080020010;;ZB Fallenschloss;AE;SP6
1910364347;6080021010;;ZB Fallenschloss für S1D-Tür;EU;SP5
1910363114;6080022010;;ZB Fallenschloss;EU;SP5
1910363115;6080031010;;ZB Riegelschloss L;EU;SP5
1910363116;6080102050;;Rosette D45;EU;SP5
1910363118;6080401500;;Buchse 18x26x17 für Türdrehpunkt;GE;SP1
1910207503;6080901580;;Drahtspiegelglas 5,6-7;EU;SP5
1910207504;6080902580;;Drahtspiegelglas 55-8;EU;SP5
1910363120;6080904580;;Drahtspiegelglas;GE;SP2
1910207505;6080905580;;Drahtspiegelglas 650x150;EU;SP5
1910363123;6081200500;;Buchse 14x16x28,5;GE;SP1
1910564103;6081303920;;Einhaengebolzen;AE;SP6
1910363135;6081900550;;Druckplaettchen;GE;SP1
1910207506;6081919580;;Drahtspiegelglas 20 L GB;EU;SP5
1910207507;6082020592;;ZB Verriegelungsstange;EU;SP5
1910363136;6085001220;;ZB Lagerzapfen III;GE;SP2
1910363137;6085901590;;Sperrstange unten 1050x10;GE;SP2
1910207508;6085902240;;Riegelfuehrung 115x20x2,5;GE;SP2
1910209235;6085902590;;Sperrstange oben 840xD10;GE;SP2
1910209236;6085902980;;Gegenhalter III;GE;SP3
1910368659;6085906980;;Befestigungswinkel 69x8x1,5;AE;SP6
1910363138;6089001010;;ZB Oeldaempfer D2;GE;SP1
1910363633;6089001070;;ZB Aufsatz;GE;SP1
1910363139;6089001900;;ZB Daempferoel O2;GE;SP1
1910363989;6089901900;;Regulierschraube;GE;SP1
1910208183;60900000731;;Anschlagpuffer 15x13 M6x27 K8;GE;SP1
1910364662;60900001010;;ZB Seilhalter S8 M2Z M4TZ;AE;SP6
1910363991;60900001160;;ZB Einholvorrichtung fuer Klappschuerze;EU;SP5
1910364657;60900001161;;ZB Klappschuerze TB 800 bis TB 1100;EU;SP5
1910364663;60900001163;;Wippe fuer Klappschuerze;EU;SP5
1910364664;60900001170;;Ankerplatte fuer Klappschuerze;EU;SP5
1910364666;60900001171;;Magnethalteblech fuer Klappschuerze;GE;SP1
1910364667;60900001172;;Gewebeschuerze fuer Klappschuerze;GE;SP2
1910364668;60900001173;;Klemmenleiste f. Klappschuerze 900x12x3;GE;SP2
1910364669;60900001243;;Versteifung Klappschuerze;GE;SP2
1910209263;60900001291_L;;ZB Hakenriegel L S8 IP54 Ex;GE;SP1
1910364670;60900001292;;Verriegelungsstueck L S8 IP54;GE;SP2
1910364665;60900001293;;Schaltfahne L S8 IP54;GE;SP1
1910364672;60900001294;;Abdeckung L S8 IP54;GE;SP2
1910208184;60900001334;;ZB Hakenriegel R S8 IP54 S8/K8 Ex;GE;SP1
1910364285;60900001436;;Lichtgitter Pana40 Plus 3D Send.+Empf.;GE;SP1
1910364286;60900001437;;Lichtgitter Pana 194 Plus Send.+Empf.;AE;SP6
1910364678;60900001809;;ZB Seilhalter M2Z+M4TZ gr.TB S8 IP54 Ex;EU;SP5
1910364681;60900001969;;ZB Magnetanbau fuer Klappschuerze;GE;SP2
1910364685;60900001970;;ZB Schalteranbau fuer Klappschuerze;EU;SP5
1910364007;60900002261;;ZB Gegenrolle Schwert;GE;SP1
1910208185;60900002398;;Notfuehrung Gegenfuehrung S8/K8;GE;SP1
1910364287;60900002455;;Gleitstueck Gegenfuehrung S8/K8;GE;SP1
1910364009;60900002537;;Schalterbefestigung M2TK8 IP54;GE;SP1
1910364288;60900002852;;Winkel S8 Schachtwand;GE;SP1
1910364673;60900002853;;Winkel S8 Schwelle;AE;SP6
1910364289;60900002878;;ZB Führung Glastürblatt SA 41,31;GE;SP1
1910364687;60900003163;;ZB Befestigungsteile fuer Zargensatz;GE;SP1
1910364290;60900003875;;ZB Führung für Türblatt   (leicht);GE;SP1
1910364693;60900004133;;Kurvenblech Edelstahl S8;GE;SP2
1910364682;60900004140;;ZB Notentriegelung S8 SA101;AE;SP6
1910209178;60900005080;;ZB Laufrolle S12 D40;GE;SP1
1910364291;60900005616;;Gleitstueck Gegenfuehrung M2Z M2T S12;GE;SP1
1910364696;60900005627;;ZB Wagen schnell M2Z M2T S12;EU;SP5
1910364293;60900005672;;ZB Hakenriegel L S12;GE;SP1
1910364688;60900005704;;ZB Türblatt L TB900 TH2000 S12K12 vz LA;EU;SP5
1910364294;60900005714;;Bruecke fuer Schalter AZ 061K T 18;GE;SP1
1910208187;60900005715;;Schalter AZ 061K T 18;GE;SP1
1910364689;60900005743;;ZB Türblatt R TB900 TH2000 S12K12 vz LA;EU;SP5
1910364690;60900005797;;ZB Türblatt R TB900 TH2000 S12K12 edel;EU;SP5
1910364691;60900005798;;ZB Türblatt L TB800 TH2000 S12K12 edel;EU;SP5
1910364692;60900005799;;ZB Türblatt R TB800 TH2000 S12K12 edel;EU;SP5
1910364028;60900006000;;Schild Entriegelung Schachttür EN81-72;GE;SP1
1910208188;60900006001;;Gummipuffer transparent selbstklebend S;GE;SP1
1910208189;60900006129;;ZB Notentriegelung L M2Z M2T S12;GE;SP1
1910208190;60900006130;;ZB Notentriegelung R M2Z M2T S12;GE;SP1
1910564104;60900006159;;Gewindeplatte 50x12x3 M4;AE;SP6
1910364296;60900006840;;ZB Führung Türblatt S12 K12 einschalig;GE;SP1
1910364032;60900007138;;ZB Spreizschwert L Umbau Haushahn TSS72S;GE;SP1
1910364694;60900007139;;ZB Spreizschwert R Umbau Haushahn TSS72S;GE;SP2
1910364710;60900007613;;ZB Verriegelung Ex L;GE;SP2
1910364298;60900007614;;ZB Verriegelung Ex R;GE;SP2
1910364697;60900007914;;ZB Spreizschwert R kurz fuer K12;GE;SP1
1910364698;60900007915;;ZB Spreizschwert L kurz fuer K12;GE;SP1
1910208191;60900008024;;Gegenrolle fuer Spreizschwert K12;AE;SP6
1910364723;60900008033;;Verriegelungsstueck f. K12 Verriegelung;EU;SP5
1910364300;60900008034;;Sicherungsblech f. Verriegelungsst. K12;GE;SP2
1910364701;60900008035;;Brueckenhalter f. Spreizschwert K12;GE;SP2
1910364301;60900008037;;ZB Befestigungswinkel L fuer Schwert K12;GE;SP2
1910208193;60900008103;;ZB Verriegelung IP20 L;GE;SP1
1910208194;60900008104;;ZB Verriegelung IP20 R;GE;SP1
1910364728;60900008179;;ZB Befestigungswinkel R fuer Schwert K12;EU;SP5
1910364302;60900008259;;ZB Tuerblatt TB900 TH2000 K12 S12 edel;GE;SP2
1910208195;60900008266;;Lasche f. Spreizschwert K12;AE;SP6
1910364707;60900008428;;ZB Gegenrolle Wagen schnell S12 K12;GE;SP1
1910368660;60900008761;;Edelstahlprofil zwischen Zargen;EU;SP5
1910364708;60900008804;;ZB Seil fuer Schliessgewicht K12;GE;SP2
1910364303;60900008843;;ZB Führung für Türblatt S8 SA100;GE;SP1
1910364305;60900008926;;ZB Hakenriegel R S8 mit Gewicht;EU;SP5
1910364730;60900008984;;Blechschwenkarm TB 1000 bis 1100;EU;SP5
1910208196;60900009204;;ZB Rolle D26 fuer FK-Tuerverriegelung;GE;SP1
1910364306;60900009262;;ZB Dreikantsteckschluessel M5 535 lang;GE;SP1
1910364307;60900009340;;ZB Führung für Türblatt S12;GE;SP1
1910208197;60900009362;;BT Blech Schachtgrube fuer Abstand 150mm;GE;SP1
1910364040;60900009388;;ZB Spreizschwert L Umbau mit M2TS4;GE;SP1
1910364041;60900009389;;ZB Spreizschwert R Umbau mit M2TS4;GE;SP1
1910364308;60900009405;;ZB Führung für Türblatt S8 K8 A;GE;SP1
1910208198;60900009435;;ZB Fuehrungsprofil Glas SA18 DB;GE;SP1
1910364309;60900009473;;ZB Tuerblatt einschalig S8 A L;GE;SP2
1910364310;60900009474;;ZB Tuerblatt einschalig S8 A R;GE;SP2
1910364043;60900009475;;Bolzen fuer Gegenrolle S8/K8 A;GE;SP1
1910364044;60900009477;;Gewindebolzen Gegenfuehrung S8/K8 A;GE;SP1
1910364311;60900009491;;ZB Tuerblatt schnell L K8 A;GE;SP2
1910364312;60900009492;;ZB Tuerblatt langsam L K8 A;GE;SP2
1910364314;60900009494;;ZB Tuerblatt schnell R K8 A;GE;SP2
1910364316;60900009495;;ZB Tuerblatt langsam R K8 A;GE;SP2
1910364731;60900009500;;ZB Seilhalter M2Z M4TZ S8 A;GE;SP2
1910364732;60900009501;;Schuerze fuer Schwelle S8 A;GE;SP2
1910368661;60900009525;;ZB Tuerblattsatz S8A;EU;SP5
1910364317;60900009529;;ZB Tuerblattsatz K8 A;EU;SP5
1910364319;60900009622;;ZB Hakenriegel L S8 A IP54/EX;GE;SP3
1910364321;60900009623;;ZB Hakenriegel R S8 A IP54/EX;GE;SP2
1910364734;60900009689;;ZB Fuehrung L S8 A/K8 A SA18;GE;SP1
1910364322;60900009727;;ZB Tuerblatt langsam L M2TK8A Labyrinth;EU;SP5
1910364740;60900009776;;ZB Fuehrung R S8 A/K8 A SA18;GE;SP1
1910364053;60900009847;;ZB Schwellenbefestigung mit Duebel;GE;SP2
1910364054;60900009849;;ZB Schwellenbefestigung mit Lasche;GE;SP2
1910364055;60900009853;;ZB Befestigungsteile Tuerblattsatz;AE;SP6
1910364056;60900009854;;ZB Befestigungsteile Zarge;GE;SP1
1910364057;60900009861;;ZB Leitung Erdung Gehaenge K8 A;GE;SP1
1910364323;60900009978;;Winkel S8 Schachtwand gross;EU;SP5
1910364059;60900009980;;ZB Befestigungsteile Zarge SA101-106-109;EU;SP5
1910364060;60900010032;;ZB Bef.teile Gehaenge K8A isoliert;EU;SP5
1910364324;60900010096;;ZB Verriegelung R kontaktlos;GE;SP2
1910369049;60900010097;;ZB Verriegelung L kontaktlos;GE;SP2
1910369119;60900010098;;ZB Verriegelung L kontaktlos M2ZK8A;GE;SP2
1910364063;60900010289;;ZB Entriegelungsstange mit Befestigung;GE;SP1
1910364064;60900010318;;Satz Entriegelungsstangen;GE;SP1
1910364744;60900010344;;Türmitnehmer 2-2;GE;SP1
1910364329;60900010355;;ZB Einbau-Gong G03 24 Volt;EU;SP5
1910209237;6090001430;;ZB Laufrolle;AE;SP6
1910047520;6090002250;;ZB Flanschlager fuer Gehaenge K8;GE;SP1
1910368428;6090002430;;ZB Nabenkoerper fuer Laufrolle;AE;SP6
1910364068;6090003240;;ZB Führung für Türblattsatz K1/S1;GE;SP1
1910207509;6090003250;;ZB Umlenkung fuer Gehaenge K8;GE;SP1
1910207510;6090003700;;ZB Hubmagnet 40V fuer Gehaenge K7;GE;SP1
1910209140;6090004700;;ZB Hubmagnet 180V fuer Gehaenge K7;GE;SP1
1910363143;6090005240;;ZB Führungsstück für Türblatt;GE;SP1
1910364070;6090005590;;ZB Spreizschwert L 617;EU;SP5
1910363636;6090006120;;ZB Schliessgewicht S4;GE;SP2
1910047223;6090006240;;ZB Fuehrung fuer Tuerblatt;GE;SP1
1910207511;6090006420;;ZB Seilrolle D84 2x3,2 für M3TK;GE;SP1
1910363144;6090007240;;ZB Führung für Türblattsatz K5/K7;GE;SP1
1910363637;6090008240;;ZB Fuehrung fuer Gehaenge M2ZK5;GE;SP1
1910363638;6090008420;;ZB Laufrolle D40;GE;SP1
1910209238;6090009010;;ZB Hakenriegel L S1;AE;SP6
1910363639;6090009240;;ZB Fuehrung fuer Gehaenge K5;GE;SP1
1910207512;6090009420;;ZB LaufrolleD=40 Lf D=50 m.Sr.;GE;SP1
1910207513;6090009560;;ZB Mitnehmer L fuer Gehaenge S5/S7;GE;SP1
1910209239;6090010010;;ZB Hakenriegel R S1;AE;SP6
1910207514;6090010420;;Laufrolle D40;EU;SP5
1910047584;6090010430;;ZB Laufrolle D60 ohne Seilrille;GE;SP1
1910368662;6090010560;;ZB Mitnehmer R fuer Gehaenge M2TS7;GE;SP1
1910564004;6090010660;;Steuergerät Fahrkorbtür M2TD4/M2ZD4;AE;SP6
1910363145;6090011400;;ZB Riegelhebel fuer Hakenriegel S1;EU;SP5
1910047585;6090011430;;ZB Laufrolle D60 mit Seilrille;GE;SP1
1910207516;6090011560;;ZB Mitnehmer fuer Gehaenge S4;GE;SP1
1910363149;6090012240;;ZB Führung für Türblatt K8/S8;GE;SP1
1910207517;6090012420;;ZB Laufrolle D60 Flachrille;GE;SP1
1910364077;6090012430;;ZB Zahnriemenscheibe;GE;SP1
1910364078;6090013160;;ZB Magnetspreizschwert L;GE;SP2
1910207518;6090013420;;ZB Seilrolle D65 1x3,2 DIN ISO 2768-1;GE;SP1
1910364080;6090013550;;ZB Rollenplatte 360 TB700 D4/S4;GE;SP2
1910207519;6090013590;;ZB Riegel L M2TS2;GE;SP1
1910047221;6090014420;;ZB Laufrolle 90 Grad für M3TK;GE;SP1
1910207522;6090014590;;ZB Riegel R M2TS2;GE;SP3
1910207523;6090015420;;ZBLaufrolleS7/K7 D70 LF60 m.Sr;GE;SP1
1910364081;6090015590;;ZB Verriegelungsstueck L Hakenriegel S1;GE;SP1
1910207524;6090016160;;ZB Magnetspreizschwert L Gehaenge K1/K7;GE;SP1
1910363150;6090016240;;ZB Fuehrungsstueck L;EU;SP5
1910207525;6090016400;;ZB Hebelam Spreizschwert;GE;SP1
1910364083;6090016590;;ZB Verriegelungsstueck R Hakenriegel S1;EU;SP5
1910209240;6090016900;;ZB Abstreifer für Türblattaufhängung;GE;SP1
1910207526;6090017160;;ZB Magnetspreizschwert R Gehaenge K1/K7;GE;SP1
1910207527;6090017420;;ZBLaufrolleS7/K7 D70 LF60 o.Sr;GE;SP1
1910564105;6090017560;;ZB Mitnehmer fuer Gehaenge S4;AE;SP6
1910207528;6090017590;;ZB Riegel L fuer Gehaenge S4;GE;SP1
1910207529;6090018240;;ZB Fuehrung;GE;SP1
1910207530;6090018420;;ZB Seilrolle D80 1x3,2;GE;SP1
1910207531;6090018590;;ZB Riegel R fuer Gehaenge M2TS4;GE;SP1
1910364084;6090018900;;ZB Bürste für Türblattsatz S1/K1;GE;SP1
1910209242;6090020010;;ZB Hakenriegel R 2-teilig M2TS7;GE;SP1
1910363153;6090020420;;ZB Seilrolle D65 1x3,2;GE;SP1
1910209243;6090021010;;ZB Hakenriegel L 2-teilig S5/S7;GE;SP1
1910363642;6090021240;;ZB Fuehrung R SA 18;GE;SP2
1910207532;6090021420;;ZB Laufr.D60Met., LF:Acla. 96;GE;SP1
1910564005;6090022012;;ZB Hakenriegel L S1;AE;SP6
1910363643;6090022240;;ZB Fuehrung L SA 18;GE;SP2
1910207533;6090022420;;ZB Laufr. S5/K5 D70 LF60;GE;SP1
1910207534;6090022590;;ZB Schwert L;GE;SP1
1910564006;6090023012;;ZB Hakenriegel R S1;AE;SP6
1910363644;6090023240;;ZB Fuehrung SA18 S8A K8A M2T M4TZ;AE;SP6
1910207535;6090023420;;ZB Laufrolle  S5/K5 m. Sr.;GE;SP1
1910364088;6090023590;;ZB Schwert R;GE;SP1
1910363155;6090025010;;ZB Hakenriegel L S7;GE;SP2
1910363156;6090026010;;ZB Hakenriegel R M2TS7;GE;SP1
1910210244;6090026420;;ZB Laufrolle S8/K8;GE;SP1
1910207536;6090027420;;ZB Seilrolle D53 1x3,2;GE;SP1
1910364090;6090028420;;ZB Seilrolle SET D65;GE;SP1
1910364091;6090029010;;ZB TMS Umbausatz 220V L;EU;SP5
1910356638;6090029420;;ZB Mitnehmerrolle fuer Hakenriegel S8;GE;SP1
1910364092;6090029550;;ZB Rollenplatte 200 schnell L S8/K8;AE;SP6
1910364093;6090030550;;ZB Rollenplatte 200 schnell R S8/K8;EU;SP5
1910364094;6090031550;;ZB Rollenplatte 300 schnell L S8/K8;EU;SP5
1910364095;6090034550;;ZB Rollenplatte 350 schnell S8/K8;AE;SP6
1910363157;6090035280;;ZB Lichtgitteranbau Glas K8 K9;EU;SP5
1910364096;6090035550;;ZB Rollenplatte 400 schnell S8/K8;GE;SP1
1910364097;6090036550;;ZB Rollenplatte 450 schnell S8/K8;AE;SP6
1910364098;6090037550;;ZB Rollenplatte 500 schnell S8/K8;AE;SP6
1910363663;6090037980;;ZB Seilklemme;GE;SP1
1910364100;6090038550;;ZB Rollenplatte 550 schnell S8/K8;GE;SP1
1910356509;6090039010;;ZB Hakenriegel L S8;GE;SP1
1910364101;6090039550;;ZB Rollenplatte 600 schnell S8/K8;GE;SP1
1910356438;6090040010;;ZB Hakenriegel R M2TS8;GE;SP1
1910363160;6090040160;;ZB Spreizschwert L fuer Gehaenge K5;GE;SP1
1910364102;6090040550;;ZB Rollenplatte 650 schnell S8/K8;AE;SP6
1910363649;6090041160;;ZB Spreizschwert R fuer Gehaenge M2TK5;GE;SP1
1910364104;6090041550;;ZB Rollenplatte 700 schnell S8/K8;AE;SP6
1910364105;6090042550;;ZB Rollenplatte 250 schnell L S8/K8;EU;SP5
1910364106;6090043550;;ZB Rollenplatte 250 schnell R S8/K8;AE;SP6
1910207539;6090044160;;ZB Notentriegelung S8;GE;SP1
1910364108;6090044550;;ZB Rollenplatte 300 langsam L S8/K8;EU;SP5
1910363650;6090045160;;ZB Zentralseil M2Z/M4TZ K8/S8;EU;SP5
1910364110;6090045550;;ZB Rollenplatte 350 langsam S8/K8;EU;SP5
1910364111;6090046550;;ZB Rollenplatte 400 langsam S8/K8;EU;SP5
1910364112;6090047550;;ZB Rollenplatte 450 langsam S8/K8;AE;SP6
1910363161;6090048010;;ZB Dreikantsteckschluessel M5 135 lang;GE;SP1
1910363162;6090048132;;ZB Tuerblatt S1/K1;EU;SP5
1910364115;6090048550;;ZB Rollenplatte 500 langsam S8/K8;EU;SP5
1910207540;6090049010;;ZB Verrieg. IP54 L  SA27 lieg.;AE;SP6
1910363163;6090049132;;ZB Tuerblatt L S1;EU;SP5
1910363164;6090050010;;ZB Verriegelung IP54 R Schalter-Vertikal;GE;SP1
1910363165;6090050132;;ZB Tuerblatt R S1;EU;SP5
1910364118;6090050550;;ZB Rollenplatte 600 langsam S8/K8;EU;SP5
1910207541;6090051010;;ZB Verriegelung IP54 R;GE;SP1
1910363655;6090051160;;ZB Spreizschw.L M2ZK8 / M4TZK8;GE;SP1
1910207542;6090052010;;ZB Verrieg. IP54 L  SA27 steh.;GE;SP1
1910364121;6090052160;;ZB Spreizschwert R (L542mm);AE;SP6
1910364122;6090053550;;ZB Rollenplatte 200 langsam L S8/K8;GE;SP1
1910364123;6090058550;;ZB Rollenplatte 300 schnell R S8/K8;EU;SP5
1910364124;6090059550;;ZB Rollenplatte 300 langsam R S8/K8;EU;SP5
1910364125;6090061160;6090061160_L;ZB Spreizschwert L kurz Glastüren;GE;SP1
1910368106;6090062160;6090062160_L;ZB Spreizschwert R kurz Glastüren;GE;SP1
1910363166;6090071132;;ZB Tuerblatt R K1;EU;SP5
1910363167;6090072132;;ZB Tuerblatt L K1;EU;SP5
1910207543;6090077130;;ZB Türblatt L TB=800mm;GE;SP1
1910207545;6090079130;;ZB Türblatt L TB=900mm;GE;SP2
1910207546;6090080130;;ZBTürb.Rlaby.TB=900;AE;SP6
1910363668;6090082980;;ZB Seilhalter fuer Gehaenge K8;GE;SP1
1910363669;6090096980;;ZB Seilschutzblech;EU;SP5
1910207547;6090098130;;ZBTürbl.TB900,TH2000 Labyr. Gr;GE;SP2
1910363168;6090108990;;Winkel Lichtgitter L oben;GE;SP2
1910364135;6090112180;;Buegel fuer Notentriegelung S4;AE;SP6
1910363169;6090114990;;Winkel  Lichtgitter R oben;GE;SP2
1910207548;6090115940;;Flachfeder 156,8x20;AE;SP6
1910364136;6090117940;;Feder R 195x40 Sandvik 12R10;AE;SP6
1910363170;6090118990;;Einstellteil fuer Tuerblatt S8/K8;GE;SP1
1910363676;6090120550;;Gewindeplatte fuer Gehaenge S7/K7;EU;SP5
1910363677;6090122180;;Buegel fuer Gehaenge K5;GE;SP1
1910363171;6090125550;;Gewindeplatte 92 für Türe;EU;SP5
1910363679;6090127550;;Konsole fuer Tuerantrieb;GE;SP1
1910364142;6090140980;;Winkel 27x12x3x38;AE;SP6
1910363671;6090146130;;Schuerze fuer Schwelle S8 QRL500-1500;GE;SP2
1910363680;6090147130;;Schuerze fuer Schwelle S8 QRL280;GE;SP2
1910363682;6090154130;;Schuerze fuer Schwelle K8/K9 QRL<=500;GE;SP2
1910363673;6090157130;;Abdeckblech fuer Schalter Hakenriegel S8;AE;SP6
1910363172;6090161980;;Halter fuer Gehaenge S7;GE;SP2
1910207549;6090164140;;Abdeckung fuer Verriegelungsstueck S4;GE;SP1
1910363173;6090176980;;Winkel fuer Gehaenge S8 305,4x100x8;EU;SP5
1910363174;6090177980;;Winkel fuer Gehaenge S8 360,4x100x8;EU;SP5
1910363688;6090179980;;Brueckentraeger L fuer Gehaenge K8;GE;SP1
1910363689;6090180980;;Brueckentraeger R fuer Gehaenge M2TK8;GE;SP1
1910363175;6090182980;;Winkel fuer Tuerantrieb;EU;SP5
1910363681;6090184980;;Lasche fuer Spreizschwert;AE;SP6
1910363176;6090193980;;Seilhalter fuer Gehaenge M2Z/M4TZK8 A;EU;SP5
1910364154;6090201240;;Führungsstück   93 SHORE;GE;SP1
1910363177;6090202510;;Lagerhuelse 12,2x25x22,8;GE;SP1
1910363179;6090203500;;Buchse mit Bund D8xd6,5x17;GE;SP1
1910363180;6090203510;;Lagerhuelse 12,2x25x39,8;EU;SP5
1910363181;6090206500;;Buchse 10,5x20x7;AE;SP6
1910363182;6090206510;;Buchse 13x30x22,5;GE;SP1
1910207550;6090207500;;Buchse 10x16x5,5;GE;SP1
1910363687;6090208240;;Fuehrungsstange Anlaufunterstuetzung D4;EU;SP5
1910363183;6090209240;;Gleitstueck 80x22x20;GE;SP1
1910363185;6090210240;;Führungseinsatz für Türblatt;GE;SP1
1910207551;6090401500;;Buchse 20,2x36x27,8;GE;SP1
1910207552;6090403500;;Buchse mit Bund D22,5xd15,2x14,5;GE;SP1
1910207553;6090404420;;Mitnehmerrolle D40/d27/d22x32;GE;SP1
1910363704;6090405410;;Kurve fuer Gehaenge K5;GE;SP2
1910363186;6090405420;;Mitnehmerrolle D40/d27/d22x17;GE;SP1
1910363691;6090406420;;Gegenrolle fuer Spreizschwert;AE;SP6
1910363187;6090407500;;Buchse 12x28x15,5;AE;SP6
1910207555;6090408430;;Zahnriemenscheibe D120mm;AE;SP6
1910364165;6090408920;;Lagerbolzen 32xM10xD10;AE;SP6
1910048524;6090409420;;Rolle D30xd15,2x21;GE;SP1
1910364166;6090410420;;Rolle 10xd5,1;AE;SP6
1910363693;6090410430;;Keilriemenscheibe 105,6x25x20;EU;SP5
1910364168;6090410920;;Nietbolzen D10/15x29,6;GE;SP1
1910364169;6090411430;;Zahnriemenscheibe fuer Gehaenge K5/K7;GE;SP1
1910363694;6090412430;;Keilrippenscheibe EX 102,5x25x20;AE;SP6
1910207557;6090414430;;Keilrippenscheibe IP54 177,5x25x20;GE;SP1
1910363696;6090415430;;Keilrippenscheibe IP54 153,5x25x20;GE;SP1
1910363697;6090418430;;Zahnriemenscheibe fuer Gehaenge K8;EU;SP5
1910363707;6090428400;;Hebel fuer Schwert;GE;SP1
1910364173;6090454920;;Lagerbolzen M10/D10;GE;SP2
1910364174;6090466920;;Bolzen fuer Verriegelung K8;EU;SP5
1910364175;6090469920;;Bolzen 33,5xRD10;EU;SP5
1910363710;6090901140;;Isolationsgummi h28;EU;SP5
1910364178;6090901900;;Einstellschraube 18,5x12;GE;SP1
1910048531;6090901960;;Profil;EU;SP5
1910363190;6090902280;;Sicherungsblech fuer Gehaenge S5/S7;GE;SP2
1910207558;6090902920;;Exzenterbolzen M10x50;EU;SP5
1910363191;6090902970;;Winkel 30x20x3x25;GE;SP2
1910363192;6090903900;;Spindel 158,5xD16xd8;GE;SP1
1910207559;6090903920;;Verschlussbolzen D10x30;GE;SP1
1910363706;6090903930;;Scheibe M5x35x5;EU;SP5
1910209144;6090904910;;Mutter fuer Gehaenge K5;AE;SP6
1910207560;6090904920;;Verschlussbolzen D10x30 mit B.;EU;SP5
1910207561;6090906510;;Distanzrohr D12/d5,5x27;AE;SP6
1910363716;6090908930;;Sicherungsblech M2T K8 DX51D+Z275-N-A;EU;SP5
1910363717;6090909510;;Distanzstueck 28x9x3,5;EU;SP5
1910363709;6090909520;;Vierkantscheibe 6,5;AE;SP6
1910363718;6090909930;;Sicherungsblech M2Z/M4TZ K8;EU;SP5
1910364187;6090912160;;Stange 256,5xM5;AE;SP6
1910363193;6090913510;;Distanzstueck D26x18,5;EU;SP5
1910363194;6090914550;;Platte f.Magnetspreizschw. K1/K7 40x16x3;GE;SP2
1910364189;6090914920;;Gewindebolzen M8x23;AE;SP6
1910207562;6090914980;;Platte 34x14x3;GE;SP1
1910207563;6090915970;;Lasche Hakenriegel S8;GE;SP1
1910363720;6090915980;;Klemmstueck 80x14x5;GE;SP2
1910363714;6090917240;;Fuehrungsstange fuer Spreizschwert K8;EU;SP5
1910356793;6090918510;;Huelse fuer Hakenriegel S8;GE;SP1
1910363195;6090920160;;Kurve mechanische Zusatzverriegelung;AE;SP6
1910364193;6090920920;;Gewindebolzen M12x48,5;GE;SP2
1910363196;6090923160;;Entriegelungsstange;EU;SP5
1910364195;6090928920;;Gewindebolzen M10x46 D15;GE;SP1
1910363197;6090935550;;Spannplatte 60x25;EU;SP5
1910363725;6090946980;;U Profil 9,5x38x2;EU;SP5
1910363198;6090950590;;Buegel U30x72x30;EU;SP5
1910363200;6090953590;;Verriegelungsstueck 157,9x25x4;EU;SP5
1910363729;6090954590;;Buegel fuer Gehaenge M2ZK8;EU;SP5
1910363210;6090955590;;Verriegelungsstueck Gehaenge K8A;GE;SP1
1910363211;6090956590;;Winkel 2x20x82;EU;SP5
1910368429;6090958980;;Hutprofil fuer Gehaenge K5;GE;SP2
1910363739;6090973980;;Lasche fuer Zargensatz S8;GE;SP1
1910363740;6090974980;;Klemmenplatte fuer Gehaenge S8/K8;EU;SP5
1910363212;6090975980;;Winkel 70x60x5x25;GE;SP2
1910363216;6090978980;;Winkel fuer Querprofil K8/K8A;EU;SP5
1910363218;6090982980;;Winkel 65x40x4x115;GE;SP2
1910364737;60920002712;;ZB Zentralseil Türbreite 800 mm;GE;SP2
1910368667;60920002901;;Edelstahlprofil Schwelle M2Z Tür;GE;SP2
1910208199;60920005079;;ZB Rolle fuer Antrieb;GE;SP1
1910208200;60920005536;;Zugfeder M2Z S12 TB700-TB900;GE;SP1
1910364211;60920005679;;ZB Drahtseil M2Z S12 TB900;GE;SP2
1910364212;60920005683;;ZB Drahtseil M2Z S12 TB800;GE;SP2
1910364213;60920005684;;ZB Drahtseil M2Z S12 TB700;GE;SP2
1910364745;60920005845;;ZB Schwelle M2Z S12;GE;SP2
1910208201;60920009213;;ZB Hakenriegel M2ZS8 A Verr.Stueck IP20;GE;SP1
1910364330;60920009241;;ZB Hakenriegel mit Gewicht M2ZS8 A IP20;AE;SP6
1910368114;60920009249;60920009249_L;ZB Hakenriegel M2ZS8 A IP54/EX;GE;SP1
1910208203;60920009254;;Türantriebskarte RT300;GE;SP1
1910364747;60920009264;;ZB Schwelle M2ZK8 A QRL<=500;GE;SP2
1910364749;60920009272;;Laufschiene fuer Gehaenge M2ZK8 A;EU;SP5
1910364219;60920009295;;ZB Laufrolle D100 S9_K9;GE;SP2
1910364220;60920009311;;Buchse Laufrolle S9_K9;GE;SP2
1910364221;60920009363;;ZB Laufrolle D50 fuer Schwelle S9;GE;SP2
1910368669;60920009405;60920009405_L;ZB Hakenriegel S9 L;EU;SP5
1910368672;60920009406;60920009406_L;ZB Hakenriegel S9 R;EU;SP5
1910208204;60920009452;;Gegenrolle D= 23,3mm;GE;SP1
1910209179;60920009453;;Schließfeder;GE;SP1
1910208205;60920009454;;Laufroll. o. Seilr.sch.Tb;GE;SP1
1910208206;60920009455;;Laufroll. m.Seilr. lan. Tb D47;GE;SP1
1910364331;60920009456;;ZB Zusatzverriegelung R;GE;SP2
1910208207;60920009457;;Zusatzverriegelung L;GE;SP2
1910208208;60920009458;;Türseil E800/900;GE;SP1
1910364333;60920009459;;Hakenriegel L;GE;SP1
1910364334;60920009460;;Hakenriegel R;GE;SP2
1910364338;60920009464;;ZB Mitnehmer S9 L;AE;SP6
1910364339;60920009465;;ZB Mitnehmer S9 R;AE;SP6
1910364758;60920009506;;ZB Seilumlenkung K9 außen;GE;SP2
1910364759;60920009507;;ZB Seilumlenkung K9 im Winkel;GE;SP2
1910364340;60920009512;;Seiltrommel D80 K9;GE;SP2
1910208209;60920009643;;Seilrolle S11;GE;SP1
1910364761;60920009788;;ZB Notentriegelungsueberwachung M2Z S8 A;GE;SP1
1910367662;60920009838;;ZB Glastuerblatt DB TB=900 TH=2000 v1;EU;SP5
1910367680;60920009839;;ZB Glastuerblatt DB TB=900 TH=2000 v2;GE;SP2
1910367918;60920009840;;ZB Glastuerblatt DB TB=900 TH=2100 v5;GE;SP2
1910368111;60920009841;;ZB Glastuerblatt DB TB=900 TH=2100 v6;GE;SP2
1910367800;60920009843;;ZB Glastuerblatt DB TB=900 TH=2000 v3;GE;SP2
1910368138;60920009846;;ZB Glastuerblatt DB TB=900 TH=2100 v7;GE;SP2
1910368146;60920009847;;ZB Glastuerblatt DB TB=900 TH=2100 v8;GE;SP1
1910364350;60920009848;;ZB Glastuerb. DB TB1000 TH2000 S/K L/R;GE;SP2
1910364351;60920009849;;ZB Glastuerb. DB B1000 H2000 S/K R/L;GE;SP2
1910364352;60920009851;;ZB Glastuerb. DB B1m H2m re li langs;GE;SP2
1910365343;60920009852;;ZB Glastuerblatt DB TB=1000 TH=2100 v1;GE;SP1
1910367154;60920009853;;ZB Glastuerblatt DB TB=1000 TH=2100 v2;GE;SP1
1910367537;60920009854;;ZB Glastuerblatt DB TB=1000 TH=2100 v3;GE;SP2
1910367609;60920009855;;ZB Glastuerblatt DB TB=1000 TH=2100  v4;GE;SP2
1910367646;60920009860;;ZB Glastuerblatt DB TB=1100 TH=2100 v5;GE;SP2
1910367651;60920009861;;ZB Glastuerblatt DB TB=1100 TH=2100 v6;GE;SP2
1910367847;60920009868;;ZB Glastuerblatt DB TB=900 TH=2000 v4;GE;SP2
1910208210;60920009888;;ZB Montagekette L&R;GE;SP1
1910209180;60920009909;;SeilrolleDurchmesser 50mm;GE;SP1
1910364755;60920009918;;Konsole f. Tuerantrieb M2ZK8_A SA40;EU;SP5
1910364249;60920009927;;ZB Hakenriegel L S9 IP20;AE;SP6
1910364250;60920009928;;ZB Hakenriegel R S9 IP20;AE;SP6
1910208211;60920009997;;Trafo Neolux NEO 350-04;GE;SP1
1910208212;60920009998;;ZB Rolle mit Kugellager D6;GE;SP1
1910208213;60920009999;;Achse M8x47;GE;SP1
1910208214;60920010000;;Ring SMF D25;GE;SP1
1910364762;60920010001;;Auslösehebel für Schnecke D6;GE;SP2
1910364360;60920010008;;ZB Schloss f. Schürze S11 Southco links;GE;SP1
1910364361;60920010019;;Entriegelungshebel Schwert mit Trapez;GE;SP1
1910363732;6092001162;;ZB Spirallitzenseil fuer Gehaenge S5/S7;GE;SP2
1910207565;6092001420;;ZB Umlenkrolle fuer Gehaenge M2ZS4;AE;SP6
1910363746;6092004160;;ZB Seil TB800 M2ZS4;EU;SP5
1910207566;6092007160;;ZB Seil TB1100 M2ZS4;GE;SP1
1910207567;6092058980;;ZB Seilklemme fuer Gehaenge M2ZS4;AE;SP6
1910363747;6092076110;;ZB Schwelle M2ZS8 QRL<=500;EU;SP5
1910363748;6092086110;;ZB Schwelle SA18 M2ZK8 QRL<=500;EU;SP5
1910363220;6092138980;;Befestigungswinkel 342,5x135,5x6;GE;SP2
1910363224;6092203250;;Flanschlager fuer Gehaenge M2ZK7;GE;SP2
1910363225;6092204250;;Flanschlager fuer Gehaenge M2ZK5;GE;SP1
1910363745;6092406430;;Zahnscheibe 18 H075;GE;SP2
1910364262;6092903900;;Schraube M6x53;EU;SP5
1910363229;6092904510;;Distanzstueck 40x9x3,5;GE;SP1
1910364264;6092906920;;Gewindebolzen M8x45;GE;SP1
1910363759;6092908450;;Laufschiene fuer Gehaenge M2ZK8/S8;EU;SP5
1910363762;6092928980;;Brueckenhalter fuer Gehaenge S4/D4;GE;SP2
1910363749;6093001162;;ZB Spirallitzenseil fuer Gehaenge S1/K1;GE;SP2
1910364268;6093001420;;ZB Rolle fuer Gehaenge K1/S1;GE;SP1
1910209244;6093001560;;ZB Mitnehmer fuer Gehaenge S1;GE;SP1
1910363763;6093002980;;ZB Seilklemme fuer Gehaenge;AE;SP6
1910363241;6093201500;;Buchse M10x17x22;AE;SP6
1910363242;6093202500;;Buchse 11x32x17,5;GE;SP1
1910364272;6093301920;;Exzenterbolzen M12x37;GE;SP1
1910364362;60940000628;;Kontakttraeger R NC61D10;EU;SP5
1910364363;60940000629;;Kontakttraeger L NC61D10;AE;SP6
1910208215;60940001894;;Notentriegelung S6 R M2TS6;GE;SP1
1910364767;60940002924;;ZB Schwellenprofil M2T/M4TZS8 SA18/SA17;EU;SP5
1910208216;60940005532;;Zugfeder M2T S12 TB700-TB900;GE;SP1
1910208217;60940005646;;ZB Drahtseil M2T S12 TB900;GE;SP1
1910208218;60940005677;;ZB Drahtseil M2T S12 TB800;GE;SP1
1910364278;60940005678;;ZB Drahtseil M2T S12 TB700;AE;SP6
1910364769;60940005833;;ZB Schwelle M2T S12;EU;SP5
1910364280;60940006050;;ZB Verriegelungsstueck L M2T S12;AE;SP6
1910208219;60940006051;;ZB Verriegelungsstueck R M2T S12;AE;SP6
1910364772;60940006480;;Seilhalter R M2T S12;GE;SP2
1910208220;60940009218;;ZB Türantrieb Anbau M2T K12;GE;SP1
1910364364;60940009257;;Adapterblech Lichtgitter an Türblatt;GE;SP2
1910208221;60940009282;;ZB Umruestsatz Magnet fuer Zuhaltung K12;GE;SP1
1910364365;60940009283;;Magnet 50N D22 L11,5 M4;EU;SP5
1910364777;60940009291;;ZB Notentriegelungsueberwachung M2T S8 L;GE;SP2
1910368675;60940009306;;Laufschiene fuer Gehaenge M2TS8 A R;EU;SP5
1910364366;60940009316;;ZB Halter Verriegelungsstueck M2T S8 A;EU;SP5
1910208222;60940009321;;ZB Hakenriegel L S8 A Verr.Stueck IP20;GE;SP1
1910364367;60940009322;;ZB Hakenriegel R S8 A Verr.Stueck IP20;GE;SP1
1910364779;60940009323;;ZB Seilhalter fuer Gehaenge S8 A;AE;SP6
1910364780;60940009324;;ZB Notentriegelung M2T S8 A L;GE;SP1
1910364782;60940009325;;ZB Notentriegelung M2T S8 A R;GE;SP1
1910364783;60940009340;;ZB Notentriegelungsueberwachung M2T S8 R;GE;SP2
1910364368;60940009354;;Winkel fuer Schwelle M2T/M4TZ S8 A;GE;SP1
1910364789;60940009355;;ZB Schwelle M2T/M4TZ S8 A QRL<=500;EU;SP5
1910364790;60940009368;;ZB Seilhalter M4TZ S8 A IP54 EX;EU;SP5
1910364791;60940009369;;ZB Seilhalter M4TZ S8 A IP20;GE;SP2
1910364374;60940009392;;ZB Hakenriegel mit Gewicht L S8 A IP20;AE;SP6
1910364375;60940009393;;ZB Hakenriegel mit Gewicht R S8 A IP20;GE;SP1
1910364377;60940009407;;Schaltnocken;GE;SP2
1910364801;60940009415;;Verriegelungsstueck M2T/M4TZ S8 A L IP54;GE;SP2
1910364295;60940009508;;Halter fuer Puffer M4TZK8 A;GE;SP2
1910364805;60940009534;;ZB Schwelle M4TZ QRL1500 Schacht;EU;SP5
1910364809;60940009582;;Schwellenprofil E900;GE;SP2
1910368673;60940009587;;ZB Schwelle R M2TS8 A SA18;GE;SP2
1910364378;60940009641;;Winkel L Verriegelung M2TK8 A;EU;SP5
1910364380;60940009645;;Verriegelungsstueck L M2TK8 A;GE;SP1
1910364382;60940009646;;Verriegelungsstueck R M2TK8 A;GE;SP2
1910364802;60940009647;;Scheibe B22xL30 mit Loch 8.4x8.4;EU;SP5
1910208223;60940009650;;Schwert linksLänge 350mm;GE;SP1
1910208224;60940009651;;Schwert rechtsLänge 350mm;GE;SP1
1910208226;60940009781;;Hebel für Schwert D11;GE;SP1
1910208227;60940009813;;ZB Hakenriegel und Verrieglung S11L;GE;SP2
1910208228;60940009814;;ZB Hakenriegel und Verrieglung S11R;GE;SP1
1910207568;6094001420;;ZB Seilrolle D69 1x3,2;AE;SP6
1910207569;6094006420;;ZB Druckrolle;GE;SP2
1910209245;6094009420;;ZB Umlenkrolle fuer Gehaenge M2TS4;GE;SP1
1910207570;6094010160;;ZB Notentriegelung 4 mm Dreik.;GE;SP1
1910207571;6094014160;;ZB Notentriegelung L fuer Gehaenge S4;GE;SP1
1910207572;6094015160;;ZB Notentriegelung R fuer Gehaenge M2TS4;GE;SP1
1910207573;6094016160;;ZB Notentriegelung fuer Gehaenge S5/S7;GE;SP1
1910364304;6094019240;;ZB Fuehrung fuer Edelstahlschwelle M2TK8;GE;SP2
1910363754;6094020240;;ZB Fuehrung Edelstahlschwelle M4TZK8;GE;SP2
1910363766;6094021240;;ZB Fuehrung SA18 M2TK8/S8;GE;SP2
1910363756;6094022240;;ZB Fuehrungswinkel SA18 L;GE;SP1
1910363757;6094023240;;ZB Fuehrungswinkel SA18 R;GE;SP1
1910363767;6094025240;;ZB Fuehrungswinkel R SA18;EU;SP5
1910363768;6094047990;;ZB Teleskoparm L fuer Wagen S8;EU;SP5
1910363769;6094048990;;ZB Teleskoparm R fuer Wagen S8;EU;SP5
1910363771;6094049990;;ZB Seilhalter Tuerblattaufhng. M4TZ S8;EU;SP5
1910363772;6094050990;;ZB Traeger fuer Wagen S8;AE;SP6
1910363243;6094054990;;ZB Teleskoparm L fuer Wagen K8;EU;SP5
1910363244;6094055990;;ZB Teleskoparm R fuer Wagen K8;EU;SP5
1910363245;6094056990;;ZB Teleskoparm fuer Wagen K8;EU;SP5
1910363782;6094106180;;Buegel fuer Laufschiene S5/K5/S7/K7;GE;SP2
1910363246;6094197980;;Winkel L 63x60x8x115;EU;SP5
1910362918;6094202240;;Fuehrungsstueck 40x60 mm Bekamol;EU;SP5
1910363260;6094208250;;Flanschlager fuer Gehaenge K5;GE;SP2
1910207574;6094902580;;Glasscheibe 656x156x8;EU;SP5
1910363792;6094903540;;Seilumlenkung Türblattaufhängung S5/S7;GE;SP2
1910207575;6094904970;;Kupplungsstueck Vulk. 85Shore;GE;SP1
1910364318;6094906900;;Schraube M10x12 fuer Gehaenge S5/S7;GE;SP2
1910209246;6094909160;;ZB Seil;AE;SP6
1910363794;6094921510;;Distanzstueck fuer Gehaenge K7;EU;SP5
1910207576;6094922920;;Bolzen D10 16x18,5;AE;SP6
1910207577;6094928980;;Notentriegelungsstange;GE;SP1
1910363802;6094941450;;Laufschiene fuer Gehaenge M2T/M4TZK8/S8;GE;SP2
1910363261;6094989980;;Halter L fuer Gehaenge K8;GE;SP1
1910363275;6094990980;;Halter R fuer Gehaenge K8;GE;SP1
1910363277;6094991980;;Winkel fuer Wagen S8;GE;SP2
1910207578;6095001160;;"ZB Seil D:2mm 
994mm lang";GE;SP1
1910363791;6095002130;;ZB Türblatt L TB800;EU;SP5
1910207579;6095002420;;ZB Gegenrolle D=26mm;GE;SP1
1910209247;6095003160;;ZB Antriebsseil fuer Gehaenge M3TK;GE;SP1
1910209145;6095202240;;Fuehrung;GE;SP1
1910209146;6095901160;;Kurve;GE;SP1
1910363806;6095902510;;Beilage 40x5x40;EU;SP5
1910363280;6095935980;;Z Halter 84;EU;SP5
1910363809;6095944980;;Klemmstueck fuer Seile 15x10xD3,5;EU;SP5
1910363814;6095952980;;Halter Türantrieb 90x55;AE;SP6
1910368676;6095953980;;Winkel 64x58x3x20;AE;SP6
1910207580;6098001660;P1E=EU Löschvermerk;Türschalter f.ZB Türverriegelung;EU;SP5
1910368677;6098004160;;ZB Schiebetürseil 2,65M;ES;SP5
1910363281;6102254248;;Niet C 6x15;EU;SP5
1910363282;6102320040;;Riegel DLF1L;GE;SP2
1910363286;6102320070;;Riegel DLF1R;GE;SP2
1910209147;6102320090;;Gummipuffer;GE;SP1
1910207582;6102320310;;Türschalter;AE;SP6
1910363810;6102320330;;Betaetigungskralle IP66;AE;SP6
1910207583;6102320340;;Riegelbuchse B;GE;SP1
1910363837;6102320360;;Umlenkbock H1D und H2D Türen;GE;SP2
1910207584;6102320370;;Gummirolle mit Bolzen;AE;SP6
1910363815;6102320500;;Fensterrahmen;AE;SP6
1910207586;6102320680;;Rollenhebel;GE;SP1
1910363295;6102321010;;Riegel DLF2R;GE;SP2
1910364326;6102321020;;Riegel DLF2L links;GE;SP2
1910364341;6102321040;;Riegel DLF2L;GE;SP2
1910363821;6102325600;;Gummi mit Spannhuelse;EU;SP5
1910207587;6102326110;;Vulkolananschlag;GE;SP1
1910364335;6102326330;;Fuehrungsrolle mit Schrauben R;AE;SP6
1910364336;6102326340;;Fuehrungsrolle mit Schrauben L;GE;SP2
1910207588;6102326370;;Fingerschutzgummi für Türblatt;GE;SP1
1910207589;6102335080;;Druckfeder 140x40x4;EU;SP5
1910363861;6102335200;;Schubstange TB800 L;EU;SP5
1910209148;6102336060;;Bolzen M8x25;GE;SP1
1910209149;6102336080;;Gummipuffer Türblatt grundiert;GE;SP1
1910363154;6102336090;;Gummipuffer für Türblatt belegt;GE;SP1
1910363863;6102336150;;Gehaenge TB800/900;GE;SP2
1910363825;6102336180;;Zugfeder 205x15x2,25;EU;SP5
1910207591;6102336310;;Zugfeder 110x14x2,25;GE;SP1
1910363300;6102336320;;Anschlagpuffer;EU;SP5
1910363836;6102336330;;Spreizschwert komplett L;GE;SP2
1910364343;6102336350;;ZB Mitnehmerrollen D40;GE;SP1
1910363310;6102336510;;Seilrolle;EU;SP5
1910363311;6102336520;;Notentriegelung M5 rechts;GE;SP1
1910207592;6102336530;;Notentriegelung M5 links;GE;SP1
1910363312;6102336560;;Hakenriegeltürverschluss HV72;GE;SP2
1910207593;6102336570;;Hakenriegeltürverschluss HB72;EU;SP5
1910207594;6102336580;;Mitnehmerrolle für Hakenriegel;GE;SP1
1910363843;6102336680;;Drahtseil 1235 LG.;GE;SP2
1910207595;6102336690;;Drahtseil 1335 LG.;GE;SP2
1910207596;6102336740;;Zugfeder 215x18x3,5;EU;SP5
1910207597;6102336750;;Zugfeder 300x24x4;EU;SP5
1910363844;6102336760;;Druckfeder 24x23,9x1 4mm;GE;SP1
1910363313;6102336780;;Kontaktbruecke B15;AE;SP6
1910363848;6102336800;;Tür Endschalter;GE;SP1
1910207598;6102336810;;Reversierschalter;GE;SP1
1910207599;6102336980;;Zugfeder 335x22x2;GE;SP1
1910363849;6102422020;;Leuchte mit Microgluehleuchte;GE;SP2
1910363314;6102422050;;Dioden Leuchtmelder 24V;GE;SP2
1910363851;6102422080;;Kalottenvorsatz rot;EU;SP5
1910363852;6102422110;;Vorsatz schwarz ohne Bezei.;AE;SP6
1910207600;6102608010;;Rollenschalter  XCKP127;GE;SP1
1910207601;6102610011;;HYFHY-J4xX15;GE;SP1
1910207602;6102637063;;Verriegelung DL1 R-X15,209;EU;SP5
1910363315;6102641037;;Kontaktbruecke PZ-18;GE;SP1
1910363316;6102650023;;Zeitrelais Dold;EU;SP5
1910363317;6102655011;;Magnetkurve;GE;SP1
1910207604;6102669013;;Schlüssel EKB2;AE;SP6
1910207605;6102669026;;Schlüssel EK NR.14;GE;SP1
1910207606;6102669028;;Schlüssel EK NR.31;EU;SP5
1910363855;6102700023;;Seil 3,27 1197mm;GE;SP2
1910207608;6102700038;;Rollenkette 1/2 189Glieder;EU;SP5
1910207609;6102700061;;Glied E-081-1;EU;SP5
1910207610;6102700500;;Türschliesser ATS500/35;GE;SP1
1910207611;6102700502;;Türschliesser ATS600/35;GE;SP1
1910363318;6102700556;;Buchse fuer Zapfband;GE;SP1
1910207612;6102701250;;Verriegelungsrolle;GE;SP1
1910207613;6102800142;;Filzeinlage Schlitzbreite 15mm;GE;SP1
1910207614;6102800143;;Filzeinlage Schlitzbreite 5mm;EU;SP5
1910207615;6102800250;;Fuehrungsschuheinlage L160mm;GE;SP1
1910207616;6102800251;;Fuehrungsschuheinlage L100mm;AE;SP6
1910363319;6102800405;;Bremsbelag 80x5x172;EU;SP5
1910363320;6102800610;;Fingerschutzleiste;EU;SP5
1910207618;6102800670;;Pilzformpuffer schwarz;AE;SP6
1910363322;6102800678;;Puffer 45x025x50;AE;SP6
1910363324;6102800680;;Gummipuffer 60/30/50;AE;SP6
1910207619;6102800710;;Keilriemen endlos 10x6-900;GE;SP1
1910363867;6102800870;;Schwellenfuehrungspfropfen;EU;SP5
1910363325;6102802740;;Ersatzgitter fuer Mohrleuchte;EU;SP5
1910364370;6103311020;;Dichtung fuer Manometer 1/2;AE;SP6
1910364372;6103311370;;O Ring D9 2/2,62;EU;SP5
1910363326;6103312300;;Manometer 100 R1/4/63D;GE;SP1
1910207620;6103316120;;Drossel Anfahr AB;GE;SP2
1910207621;6103316130;;Sitzscheibe Magnetventil AB;AE;SP6
1910207622;6103316160;;Nadel Magnetventil AB;EU;SP5
1910363327;6103316170;;Feder Magnetventil AB;EU;SP5
1910364376;6103316180;;O Ring Magnetventil MO und FO3/4;GE;SP2
1910207623;6103316320;;Manometer 160BAR 3/4;GE;SP1
1910363328;6103316350;;Nadelpatrone auf;GE;SP2
1910364369;6103316360;;Feder Magnetventil AUF;GE;SP1
1910364379;6103316380;;Sitzscheibe Magnetventil AUF;GE;SP2
1910363330;6103316500;;Feder Umlaufventil UF3/4;GE;SP1
1910364371;6103316550;;O Ring Einstellschraube EO3/4;EU;SP5
1910362790;6103316620;;Federrückschlagventil 64mm;GE;SP1
1910364381;6103316660;;Dichtung Rueckschlagventil VO 3/4;GE;SP2
1910364373;6103316730;;Einstellschraube +Feder+ Stoess;GE;SP2
1910207624;6103316760;;Dichtung Senkventilkolben XO 3/4;EU;SP5
1910207625;6103316770;;Filter Senkventil F3/4;GE;SP1
1910363332;6103316800;;Drossel Anfahr AUF;GE;SP2
1910364383;6103316840;;O Ring Zapfen SO3/4;EU;SP5
1910207626;6103316880;;Dichtung Notablass HO;EU;SP5
1910363333;6103317410;;Manometer bis 100Bar 1 1/2;GE;SP2
1910363334;6103317500;;Feder Umlaufventil F1 1/2 und 2;AE;SP6
1910364394;6103317530;;O Ring Umlaufkolben IO 1 1/2 und 2;AE;SP6
1910207627;6103317560;;O Ring Flansch FO 1 1/2 und 2;GE;SP2
1910362816;6103317620;;Federrückschlagventil;GE;SP2
1910364397;6103317750;;Dichtung Senkventilkolben;EU;SP5
1910363336;6103317760;;Filter Senkventil;EU;SP5
1910363860;6103318120;;Netzteil NTA 220V/Siva 1;GE;SP2
1910363338;6103318220;;Überwachungsbaustein SIUA1;GE;SP1
1910207628;6103318240;;Istwertgeber;EU;SP5
1910363339;6103318330;;Vorsteuerplatte fuer LRV;GE;SP2
1910207630;6103318800;;Filtersatz;GE;SP1
1910363340;6103318810;;Dichtungssatz LRV175-1 +AB-Vorsteuerung;GE;SP1
1910363896;6103318820;;Dichtungssatz fuer LRV350;GE;SP2
1910363341;6103318860;;Handpumpe N. Kat-Bl.6-710;GE;SP2
1910363342;6103402340;;Tragschiene CL3-15;EU;SP5
1910363343;6103601020;;Gummipolster;GE;SP1
1910363148;6103601030;;Fuehrungsstueck für Hubtüre;GE;SP1
1910363345;6103601040;;Seilrollenhalter;GE;SP1
1910363346;6103601060;;Türverschluss;GE;SP2
1910363872;6103601070;;Druckfeder;GE;SP2
1910207631;6103601080;;Türverschluss Rolle;GE;SP1
1910207632;6103601120;;Gluehlampe 24V E10;GE;SP1
1910363347;6103601160;;Luftschütz  220V;GE;SP2
1910363354;6103601180;;Sicherungsautomat ETA 0,5A;GE;SP1
1910363355;6103601190;;Sicherungsautomat ETA 1A;GE;SP1
1910363356;6103601310;;Fahrkorbfuehrungsschuh;GE;SP1
1910363357;6103601340;;Winkelfuehrungsschuh;GE;SP2
1910207634;6103601350;;L Fuehrungsschuh Einlage;GE;SP1
1910207635;6103601450;;Schlüssel 2H 1317;GE;SP2
1910207636;6103601460;;Türseil TH1200;GE;SP1
1910207637;6103601470;;Notentriegelungsschl. Dreikant M5;GE;SP1
1910363887;6103601480;;Drehtürgriff;GE;SP2
1910363358;6103601490;;Türverschluss AV21 L;GE;SP1
1910363360;6103601540;;Begrenzer TRA 401.3;GE;SP2
1910207638;6103601660;;Gleichrichter Typ B500/440-2;GE;SP1
1910363361;6103601690;;Sicherungshalter GN2020;GE;SP2
1910363365;6103601780;;Magnetschalter Typ 710;GE;SP2
1910363916;6103601800;;Schaltmagnet Typ5025;GE;SP2
1910363366;6103601810;;Magnetschalter Typ 710 config.;GE;SP2
1910207639;6103601880;;Signalleuchte 24V 0,5W;AE;SP6
1910363919;6103601900;;Schiebetürgriff;GE;SP2
1910363921;6103601930;;Schild Aufzug Tragfaehigkeit 100 kg;GE;SP2
1910363368;6103601950;;Magnetverriegelung Kurve 220V;GE;SP2
1910363369;6103602090;;Motorschutzschalter MKE4;GE;SP2
1910207640;6103602150;;Glassockellampe 24/30V;GE;SP1
1910363370;6103602180;;G Fuehrungsschuheinlage;GE;SP1
1910363371;6103802060;;Türführungsschuh;GE;SP1
1910363938;6103802100;;Türkontakt P24, Neu P21510;GE;SP2
1910207641;6103802110;;Türkontaktbrücke PZ4-PZ1510;GE;SP1
1910207642;6103802510;;Tragrolle;AE;SP6
1910363372;6103802520;;Stützrolle;EU;SP5
1910363374;6103802550;;Seilumlenkrolle D50;AE;SP6
1910363961;6103802570;;Türschliessfeder R;EU;SP5
1910363962;6103802580;;Türschliessfeder L;EU;SP5
1910363375;6103802640;;Kupplungsbuchse;GE;SP1
1910207643;6103807120;;Führung komplett;GE;SP1
1910364420;6103807320;;Laufrolle ohne Seilrille;GE;SP1
1910207644;6103807330;;Laufrolle mit Seilrille;GE;SP1
1910207645;6103808100;;Fuehrung komplett;GE;SP1
1910363958;6103808220;;Türseil  TTK5 TB700;AE;SP6
1910207646;6103808450;;Daempfer HUB 50mm;GE;SP1
1910363376;6103808460;;Daempfer HUB 70mm;GE;SP2
1910363377;6103809380;;Kontaktbruecke MS 678007;GE;SP1
1910363378;6103809520;;Notöffnungsschlüssel MS761.005;AE;SP6
1910207648;6105012053;;Federseilrolle;GE;SP1
1910207649;6105024052;;ZB Seilrolle D50;GE;SP1
1910209248;6105024053;;Kettenrad;EU;SP5
1910207650;6105024058;;Untere Laufrolle;GE;SP1
1910207651;6105024110;;Laufrolle ohne Seilrille D50;GE;SP1
1910363976;6105024148;;Schwellenfuehrung;EU;SP5
1910368680;6105024263;;Rosette;AE;SP6
1910364384;61160000040;;ZB Hebevorrichtung   <1600kg;GE;SP2
1910364385;61160000083;;ZB Laufkatze Maschinenmontage MR Flex 4;GE;SP1
1910364814;61160000134;;ZB Seilprueflehre d8;GE;SP1
1910207652;6131590002;;Setzmutter M6;GE;SP2
1910208229;61400004042_L;;ZB Hubmagnet GH112009;GE;SP1
1910209017;61400009218;61400009218_L;ZB Drehgeberanbau WDG100 DAF290-330-380;GE;SP4
1910364386;61400009219;;Kupplungsflansch WDG100 DAF290-330-380;GE;SP1
1910368685;61400009220;;Geberhalter WDG100 DAF290-330-380;GE;SP1
1910363379;6140001700;;ZB Hubmagnet GH100011;GE;SP1
1910364434;61410009201;;Gewindebolzen Bremse DAF290;AE;SP6
1910368686;6141001160;;ZB Aushebung Set;GE;SP2
1910363978;6141001280;;ZB Blockierungsklemme;GE;SP1
1910364437;6141001400;;ZB Bremsbacke DAF290;GE;SP1
8001442528;6141002420;;ZB Seilrolle D400 14x8;GE;SP4
1910364439;6142001400;;ZB Bremsbacke DAF330;GE;SP1
8001442488;6142301320;;Achse D80x252;GE;SP2
1910363980;6142405430;;Handrad DAF330;GE;SP2
1910363966;6142901150;;Bremsbelag DAF330/SC300 153x60x8;EU;SP5
1910364444;6142901920;;Bolzen D39,8x143,5;EU;SP5
1910364817;61430002320;;Lagerdeckel BS DAF380M1xx;GE;SP1
1910369400;61430002798;;ZB Seilrolle D540 12x13 DAF380;GE;SP2
8000796542;61430003078;;ZB Seilklemme DW 14x13 SC400;GE;SP3
8001414678;61430003211;;Handrad DAF380M1xx Fertigteil;GE;SP1
1910368690;61430003283;;Treibscheibe D560 12x13 DAF380M1xx;GE;SP2
1910368692;61430003399;;Treibscheibe D560 zxd DAF380M1xx;GE;SP2
8000796543;61430003413;;ZB Seilklemme DW 14x12 SC400;EU;SP5
8000796544;61430003414;;ZB Seilklemme DW 14x10 SC400;GE;SP2
1910364452;61430003645;;ZB Druckarm D560 DAF380M1xx;GE;SP1
1910364821;61430004968;;Geberwelle fuer 2 Geber DAF380M1xx;GE;SP1
1910368693;61430005602;61430005602_L;ZB Seilrolle D540 14x10 DAF380;GE;SP4
8001442511;61430005604;;ZB Seilrolle D540 ZxD DAF380;GE;SP2
1910364822;61430006106;;Seilabdeckung TS DAF380M;AE;SP6
1910364823;61430009201;;Flachdichtung Lagerdeckel innen DAF380M;GE;SP1
1910364824;61430009202;;Flachdichtung Lagerdeckel aussen DAF380M;AE;SP6
1910364460;6143001400;;ZB Bremsbacke DAF380;GE;SP1
1910364461;6143002160;;ZB Aushebung DAF380;EU;SP5
1910364462;6143002280;;ZB Blockierungsklemme DAF380 D560;GE;SP1
1910364463;6143002400;;ZB Druckarm DAF380;GE;SP2
8001414675;6143003160;;ZB Wippe mit Heber SC400;AE;SP6
8001414725;6143301320;;Achse D80x322;AE;SP6
1910369401;6143402430;;Treibscheibe DAF380 D560xb327 ZxD H;GE;SP2
1910369402;6143411430;;Treibscheibe DAF380 D520xb327 ZxD K/S;GE;SP2
1910368695;6143412430;;Treibscheibe DAF380 D560xb327 ZxD K/S;GE;SP2
8001442504;61440006233;;ZB Seilrolle D600 DAB450;GE;SP2
1910208230;61440009203;;Grundplatte Signalwandler DAB450/530;EU;SP5
1910369438;61440009208;;ZB Bremshebel DAB450 Rolle D52x27;GE;SP3
1910364470;61440009209;61440009209_L;ZB Ersatzteilkit Bremslüftung DAB450;GE;SP3
1910369403;61440009214;;Austauschkit Treibscheibe DAB450;GE;SP2
8001442494;61450006278;;Seilrolle D700x420 zxd;EU;SP5
8001442512;61450006279;;ZB Seilrolle D700 DAB530;GE;SP2
8001442513;61450006283;;ZB Seilrolle HL D700 DAB530;GE;SP2
1910364827;61450009214;;Aufnahmeleiste MiniCoder DAB;EU;SP5
1910364828;61450009215;;Adapter Magnetsensor DAB;GE;SP2
1910368697;61450009219;61450009219_L;ZB Bremshebel DAB530 Rolle D65x27;GE;SP2
1910364491;61450009220;61450009220_L;ZB Ersatzteilkit Bremslüftung DAB530;AE;SP6
1910364832;61450009226;;Luefterfluegel DAB530;GE;SP1
1910364833;61450009227;;Abdeckblech Magnetsensor DAB;EU;SP5
1910369404;61450009229;;Austauschkit Treibscheibe DAB530;GE;SP4
8001442496;61450009235;;Seilrolle SW D700 zxd DAB530;EU;SP5
8001292895;6148301430;;Handrad 38/360D Nabenlänge 66;GE;SP1
1910368699;61490000659;61490000659_L;Treibscheibe DAF210L1 D360 7xD8 S100;GE;SP4
1910368700;61490000661;;Treibscheibe DAF210M1 D360 5x8 S90;GE;SP2
1910364834;61490003212;;Deckel DAF210M_L2XX;GE;SP1
1910368702;61490006019;;Treibscheibe DAF210L D320xB106 zxd;GE;SP2
1910208231;61490006142;;Distanzring fuer Geberanbau D110;GE;SP1
1910208232;61490006143;;Buchse zur Wellenverlaengerung;GE;SP1
1910208233;61490006209;;ZB Umbausatz fuer Drehgeber;GE;SP1
1910369407;61490006517;;Treibscheibe DAF210M D320xB77 zxd;GE;SP2
1910368703;61490006519;;Treibscheibe DAF210M D360xB77 zxd;GE;SP2
1910369408;61490006520;;Treibscheibe DAF210L D360xB106 zxd;GE;SP2
1910208234;61490006706;;Schalter DAF210 Verschleißueberwachung;GE;SP1
1910368704;61490007198;;Treibscheibe DAF210L2 D400xB106 ZxD;GE;SP2
1910364837;61490009225;;Geberhalter DAF210 Konus;GE;SP1
1910368705;61490009262;;Treibscheibe DAF210L D520x115 zxd;GE;SP2
1910364488;61490009272;;ZB Leitung Motor DAF210 -RPI5,5/ 7,5;GE;SP2
1910364489;61490009316;;Schalter DAF210 Lüftueberwachung m.GP;GE;SP1
1910208235;61490009317;;Mikroschalter mit Befestigungsteilen;GE;SP1
1910209264;61490009321;;ZB Umbausatz fuer Drehgeber keine TMI;GE;SP4
1910364829;61490009325;;Mikroschalter für DAF210;GE;SP1
1910368678;6149902550;;Holzunterlage 140x100x10;GE;SP2
1910364388;61610006250;;Klappsitz 308x440mm;EU;SP5
1910364389;61610009379;;ZB Handlaufsatz D=40 Edelstahl;GE;SP2
1910364390;61610009416;;Befestigungswinkel Schutzleiste Edelst.;EU;SP5
1910364845;61610009429;;Zierleiste ALU 44mm;GE;SP2
1910368708;61610009475;;ZB Abklappsicherung Zwischendecke;EU;SP5
1910364392;61630009308;;ZB Fahrwegbegrenzung Schachtkopf NC91A;GE;SP2
1910364393;61640000936;;Schienenoeler AK2;GE;SP1
1910364501;61640006560;;ZB Schalteranbau Pufferplatte P1000S;GE;SP1
1910364395;61640009252;;ZB Handlauf Gerade Synergy 1050;EU;SP5
1910364396;61640009253;;ZB Handlauf Gerade Synergy 750;EU;SP5
1910364399;61640009503;;ZB Paneel unten hinten P1000SDU;EU;SP5
1910364854;61640009731;;ZB Schalter Klappgel. seitl. unten ET15;EU;SP5
1910364857;61640009732;;ZB Schalter Klappgel. seitl. oben ET15;GE;SP1
1910564106;61640009733;;ZB Schalter Klappgel. hinten unten ET15;AE;SP6
1910564107;61640009734;;ZB Schalter Klappgel. hinten oben ET15;AE;SP6
1910564108;61640009757;;ZB Schalter Teleskopgelaen. ET15 AUF L1;AE;SP6
1910364851;61640009758;;ZB Schalter Teleskopgelaen. ET15 ZU L1;GE;SP1
1910564109;61640009759;;ZB Schalter Teleskopgel. ET15 hinten AUF;AE;SP6
1910564110;61640009760;;ZB Schalter Teleskopgel. ET15 hinten ZU;AE;SP6
1910564111;61640009806;;ZB Schalter Telesk.Kl.Gel. ET15 Auf-Zu;AE;SP6
1910564112;61640009929;;ZB Ablenkrolle 240x116x50 10R P1000SDU;AE;SP6
1910564113;61640009930;;ZB Ablenkrolle 240x116x50 7R P1000SDU;AE;SP6
1910564114;61640009931;;ZB Achse D50x117 Unterflasche P1000SDU;AE;SP6
1910564115;61640009932;;ZB Achse D50x150 Unterflasche P1000SDU;AE;SP6
1910364852;61640009933;;ZB ZB Fangschalter S140B;AE;SP6
1910364853;61640009934;;ZB Endschalter S101B;AE;SP6
1910564116;61640009935;;Steckerabdeckung;AE;SP6
1910364400;61650000524;;ZB Schalter TeleGel1100.FK EVOF S144A L1;GE;SP1
1910364859;61650000526;;ZB Schalter TeleGel1100.FK EVOF S144Z L1;GE;SP1
1910368709;61650000569;;Verriegelung Notklappe P4000;GE;SP1
1910368710;61650000626;;Verriegelung Notklappe P4000;AE;SP6
1910364403;61660000693;;ZB Handlaufsatz Edelstahl D30;EU;SP5
1910364404;61660000865;;BT Gelaender NC;GE;SP2
1910364405;61660001646;;BT Gelaenderstuetze an Decke;GE;SP2
1910368711;6166001560;6166001560_L;ZB Gelaenderstuetze 700;AE;SP6
1910364406;61670000159;;Haltewinkel Sensor;GE;SP2
1910363382;6168028900;;ZB Handlauf Edelstahl D40 L740;GE;SP2
1910207654;6168029080;;ZB Rondo-Leuchte;GE;SP1
1910363383;6168038900;;ZB Handlauf Edelstahl D40 L1360;GE;SP2
1910207656;6168168130;;Eckleiste L Laenge 2148;EU;SP5
1910363384;6168169130;;Deckleiste Laenge2148;EU;SP5
1910207657;6168170130;;Eckleiste R Laenge 2148;GE;SP5
1910363385;6168171130;;Leiste Laenge 2280;EU;SP5
1910364524;61720009212;;Achse D50x196;GE;SP2
1910368712;61750003638;61750003638_L;Zugstange Fangzange Haengeprofil GG;GE;SP2
1910364407;61750004274;;Halter fuer Fuehrungen Breite 270;EU;SP5
1910364868;61750005122;;Gewichtseinlage Gus. L 1000x60x60 19,5kg;GE;SP2
1910364869;61750008485;;Gewichtseinlage Stahl L 370x60x60 10,1kg;GE;SP2
1910364870;61750009284;;Gewichtseinlage Stahl L714 16,43kg;GE;SP2
1910364408;61750009440;;SKT Adapter für Fangausloesung TK-3;EU;SP5
1910364532;61750009509;;Achse D80 GG TWIN;EU;SP5
1910364872;61750009870;;Gewichtseinlage L 370 10,1kg;AE;SP6
1910368714;6175133980;6175133980_L;Winkelstueck BFV GG;GE;SP2
1910363995;6175930120;;Gewichtseinlage Stahl L410;GE;SP2
1910208237;61780003275;;Laufrolle 100mm Durchmesser;GE;SP1
1910208238;61780003276;;Laufrolle 60mm Durchmesser;GE;SP1
1910364410;61780009241;;ZB Seitenholmverstaerkung TCS25 Case1;GE;SP1
1910363386;6178004400;;ZB Ausloesehebel FKSTM 2011-2360 TCS;EU;SP5
1910364003;6178902550;;Distanzplatte TCS25;GE;SP2
1910363387;6178911980;;Lochblech TCS25/40;EU;SP5
1910363388;6178923980;;Halteblech TCS;GE;SP2
1910207658;6179001400;;ZB Fanghebel D10;GE;SP2
1910207659;6179004370;;ZB Daempfer;GE;SP1
1910363389;6179004400;;ZB Auslösehebel;EU;SP5
1910207662;6179401420;;Fangrolle OR1;EU;SP5
1910207663;6179402420;;Fangrolle OR0;GE;SP1
1910363987;6180003980;;ZB Türfeststeller;EU;SP5
1910207664;6181001400;;ZB Schlüssel;AE;SP6
1910363390;6181001900;;ZB Gewindebuchse;AE;SP6
1910207665;6181003160;;ZB Kette;GE;SP1
1910368715;6181029100;;ZB Fensterrahmen;EU;SP5
1910564117;6181101920;;Stift 6 DX35;GE;SP1
1910363391;6181200500;;Scharnierbuchse;GE;SP1
1910364023;6181202220;;Oberer Scharnierkolben;GE;SP2
1910363392;6181901520;;Daempfungsplaettchen;GE;SP1
1910363994;6181902010;;Handgriff Laenge gestreckt 170 eloxiert;GE;SP1
1910363393;6181903940;;Schnappfeder 37x25x0,4;EU;SP5
1910207667;6182006400;;ZB Hebel;GE;SP2
1910207668;6182007160;;ZB Notentriegelung;GE;SP1
1910363996;6182101100;;Fensterrahmen 100x60x5;GE;SP2
1910207669;6182130140;;Handgriffabdeckung D37;AE;SP6
1910363997;6182201220;;Türscharnierzargenteil II;EU;SP5
1910364556;6182201520;;Scheibe 20,5x37,5x2;GE;SP1
1910363998;6182202220;;Türscharnier Flügelteil II;EU;SP5
1910207670;6182202520;;Scheibe 20,5x37,5x3;GE;SP1
1910368717;6182202550;;Fuehrungsplatte 38x25x5;AE;SP6
1910364559;6182202920;;Scharnierbolzen;GE;SP1
1910364560;6182203920;;Scharnierbolzen L70;GE;SP1
1910363999;6182205220;;Türscharnierzargenteil U.;GE;SP1
1910364000;6182206220;;Türscharnierzargenteil O.;GE;SP1
1910207671;6182301310;;Mitnehmerzapfen L143 VKT25;GE;SP1
1910363394;6182304310;;Lagerzapfen;AE;SP6
1910363395;6182305310;;Mitnehmerzapfen Ex;AE;SP6
1910207672;6182901580;;Drahtspiegelglas 5,5mm;GE;SP1
1910364004;6182902930;;Sicherungsblech Edelstahl;AE;SP6
1910364005;6182907010;;Muschelgriff 171x151;GE;SP1
1910368718;6182932980;;Klappenhalter R GS38;AE;SP6
1910368719;6182933980;;Klappenhalter L GS38;GE;SP1
1910363398;6190010264;;Buchse oben;EU;SP5
1910364011;6190029132;;ZB Türblatt R K5/K7;GE;SP2
1910363400;6190030132;;ZB Türblatt L K5/K7;GE;SP2
1910364014;6190033130;;ZB Türblatt L/R;GE;SP2
1910363401;6190045130;;ZB Tuerblatt K8/S8;GE;SP2
1910363402;6190046130;;ZB Tuerblatt K8;GE;SP2
1910363403;6190056130;;ZB Tuerblattsatz K8;GE;SP2
1910363406;6190057130;;ZB Tuerblattsatz S8;GE;SP2
1910364026;6194010120;;ZB Schwelle M4TZS8 QRL1500 Edel-Voll;EU;SP5
1910364027;6194011120;;ZB Schwelle M4TZK8 QRL 1500 TB>2100;GE;SP2
1910364029;6194030120;;ZB Schwelle L SA18 M2TK8 QRL<=500;EU;SP5
1910364030;6194082110;;ZB Schwelle M2T/M4TZS8 QRL<=500;GE;SP2
1910364033;6194094110;;ZB Schwelle M4TZK8 QRL<=500;EU;SP5
1910364034;6194097110;;ZB Schwelle mit Konsole M2TK8 QRL<=500;EU;SP5
1910561287;batch4 + batch5;6570074010;SCHÜTZ 4P 40A AC1 230V 50/60HZ 1S1Ö;GE;SP1
1910365917;620159;;Hutschiene 35x15 gelocht St gelbchro.;Z0;SP1
8001332334;62300000508;;Waelzlagerfett Tribol 3785;GE;SP1
1910368726;62300009202;;ZB Bremsbacke lackiert variabel;EU;SP5
8000920965;62310003837;;Gehaeusedeckel TW45C;EU;SP5
1910364412;62310003840;;Lagerdeckel TW45B;GE;SP2
8000921022;62310003844;;Seilschutztraeger TW45B;GE;SP1
8000921023;62310003849;;Treibscheibe TW45C D520x115 zxd;GE;SP2
8000921024;62310003850;;Treibscheibe TW45C D440x115 z x d;GE;SP4
8000921025;62310003851;;Nabe Handrad D270 TW45C/TW63B;GE;SP2
8000921026;62310003852;;Dichthuelse TW45B NBS;GE;SP1
8000921055;62310004032;P1E=EU Löschvermerk;ZB Schneckenrad TW45C 40:3;EU;SP5
8000920961;62310004036;;Treibscheibe TW45B D360 z x d;GE;SP4
1910364879;62310004038;;Flanschring TW45C;GE;SP1
8000921078;62310009212;;Treibscheibe TW45B D320 zxd;GE;SP4
8001292823;62310009216;;Treibscheibe TW45C D590x115 zxd;GE;SP2
8001292824;62310009217;;Seilschutzbuegel TW45B D590x115;GE;SP2
8000920967;62310009218;;Lagerdeckel TW45B HU;GE;SP2
8000921008;62310009219;;ZB Hub Unit TW45B 2x7210 2RS;GE;SP1
1910368727;62310009225;;ZB Bremsluefthebel TW45B 2x50 Nm;GE;SP2
1910369409;62310009236;;Treibscheibe TW45B D590 K40 4x10 RA18;GE;SP4
8001413499;62310009238;;ZB Schneckenwelle Hub Unit TW45;GE;SP4
8000921031;62310009252;;Lagerdeckel TW45C RSZ125 2x50Nm;EU;SP5
8000921141;62320000232;;Lagerschild TW63B-H TS;EU;SP5
8000921142;62320000233;;Verschlussdeckel GA 100;GE;SP1
8000921145;62320001876;;Dichthuelse TW63B NBS;GE;SP2
1910208240;62320002090;;Bremsflansch TW63-NBS Fertigteil;GE;SP1
8000921148;62320009215;;ZB Hub Unit TW63 2x7212 2RS;GE;SP1
8000921150;62320009227;;Bremsscheibe TW63B B5 HU;GE;SP1
8000921151;62320009228;;Stuetzring Zusatzdichtung TW63;GE;SP2
8001413500;62320009230;;ZB Schneckenwelle Hub Unit TW63;GE;SP4
1910368732;62320009233;;Treibscheibe TW63 D510 K40 6x13 RA20,5;GE;SP2
1910368733;62320009234;;Treibscheibe TW63 D590 K40 7x10 RA18;GE;SP4
8000921155;62320009240;;Treibscheibe TW63B D520x110 zxd;GE;SP2
8000921157;62320009256;;Treibscheibe TW63 D520x110 zxd SA9;GE;SP2
8001332341;62320009265;;ZB Bremsueberwachung TW63 Mikroschalter;GE;SP1
1910368729;62320009286;;BT Achshalter an Lagerstütze D50/D60;EU;SP5
8000921111;6232001400;6232001400_L;ZB Bremsbacke TW63B;GE;SP1
1910364616;6232001520;;ZB Bremsueberwachung TW63;GE;SP1
8000921114;6232002400;;ZB Bremsluefthebel TW63;GE;SP1
8000921199;6232004430;P1E=EU Löschvermerk;ZB Schneckenrad TW63 48:2;EU;SP5
8000921200;6232005430;P1E=EU Löschvermerk;ZB Schneckenrad TW63 43:3;EU;SP5
1910363422;6232101050;;Lagerdeckel TW63;GE;SP2
8000921123;6232406430;;Treibscheibe TW63B D450x132 zxd;GE;SP4
8000921124;6232407430;;Treibscheibe TW63B D510x132 zxd;GE;SP4
8000921125;6232408430;;Treibscheibe TW63B D590x132 zxd;GE;SP4
8000921126;6232409430;;Treibscheibe TW63B D675x96 zxd;GE;SP4
1910363423;6232411430;;Handradnabe;EU;SP5
8000921127;6232413430;;Treibscheibe TW63B D450x132 zxd SA9;GE;SP2
8000921128;6232414430;;Treibscheibe TW63 D510x132 zxd SA9;GE;SP2
8000921129;6232415430;;Treibscheibe TW63 D590x132 zxd SA9;GE;SP4
8000921130;6232416430;;Treibscheibe TW63 D675x96 zxd SA9;GE;SP2
8000921132;6232901900;;Ankerschraube TW63B M16x1.5;GE;SP1
8000921133;6232901920;;Lagerbolzen Bremsbacke TW63B;GE;SP2
8000921017;6232901960;;Seilschutzbuegel 130;GE;SP1
8000921134;6232901980;;Seilschutztraeger TW63B;GE;SP2
8000921136;6232902960;;Seilschutzbuegel 148;GE;SP1
8001332140;62330006930;;Getriebegehaeuse TW130 R;Z0;SP1
8001332144;62330006936;;Gehaeusedeckel TW130;GE;SP1
8001332238;62330006941;P1E=EU Löschvermerk;ZB Schneckenrad TW130 45:2;EU;SP5
8001332243;62330006954;;Schneckenwelle TW130 45:2;GE;SP4
8001332150;62330006959;P1E=EU Löschvermerk;Schneckenradwelle TW130;EU;SP5
8001332152;62330006962;62330006962_L;ZB Bremsbacke TW130 2x200Nm;GE;SP1
8001332154;62330006966;;Bremsscheibe TW130;GE;SP1
8001332156;62330006968;;Seilschutztraeger TW130;EU;SP5
8001332158;62330006970;;Seilschutzbuegel TW130 D540;EU;SP5
8001332159;62330006976;;Treibscheibe TW130 D540x150 zxd;GE;SP2
8001332160;62330006978;;Treibscheibe TW130 D640x150 zxd;GE;SP4
1910364635;62330007363;;ZB Bremsueberwachung TW130;GE;SP1
8001332165;62330008283;;Ankerschraube TW130 M16x1.5;GE;SP1
8001332166;62330008284;;Federteller TW130 24.5x12x40;EU;SP5
8001332291;62330008298;62330008298_L;ZB Bremsbacke TW130 2x125 Nm;GE;SP1
8001332172;62330008492;;Treibscheibe TW130 D640 z x d SA9;GE;SP4
8001332173;62330009221;;Flachdichtung Gehauesedeckel TW130;GE;SP1
8001332177;62330009226;;Treibscheibe TW130 D720 z x d;GE;SP4
8001332178;62330009228;;Seilschutzbuegel TW130 D720;EU;SP5
1910364643;62330009233;;Microschalter für Bremskontrolle;GE;SP1
8001332183;62330009234;;Treibscheibe TW130 D720x150 zxd SA9;GE;SP2
8001332339;62330009239;;ZB Bremsueberwachung TW130 Mikroschalter;GE;SP1
8001332184;62330009243;;Treibscheibe TW130 D900x134 zxd;GE;SP2
1910208241;62330009255;;ZB Dichtungssatz TW130;GE;SP4
8001332424;62340002514;;Dichthuelse TW160/NBS;GE;SP2
1910208242;62340006327;;ZB Dichtung Satz TW160;GE;SP4
8001346066;62340009204;;ZB Bremsueberwachung TW160 Mikroschalter;GE;SP1
1910208243;62340009212;;ZB Dichtungssatz TW160;GE;SP1
8001332434;62340009243;;Treibscheibe TW160 D560x180 zxd;GE;SP2
8001332435;62340009245;;Treibscheibe TW160 D560x160 zxd SA4/9;GE;SP2
8001332391;6234001070;;Oelmessstab;GE;SP1
8001332392;6234001400;6234001400_L;ZB Bremsbacke TW160;GE;SP1
1910364035;6234001520;;ZB Bremskontrolle SA3;GE;SP1
8001346055;6234006430;P1E=EU Löschvermerk;ZB Schneckenrad TW160 51:2;EU;SP5
8001346056;6234007430;P1E=EU Löschvermerk;ZB Schneckenrad TW160 45:2;EU;SP5
8001332400;6234101050;;Lagerdeckel TW160 WS AS;GE;SP2
8001292896;6234101160;;Stange 320xM12;GE;SP2
8001332403;6234103050;;Lagerdeckel TW160 WS BS;EU;SP5
1910363424;6234104050;;Lagerdeckel TW160 SA7.1-7.4;EU;SP5
1910363425;6234105050;;Lagerdeckel TW160 WS BS SA2;EU;SP5
8001332404;6234201250;;Lagerschild TW160;GE;SP2
8001332405;6234202250;;Lagerschild TW160 TRS;GE;SP2
8001346044;6234303300;;Schneckenwelle TW160 41:1;Z0;SP1
8001346046;6234306300;;Schneckenwelle TW160 51:2;Z0;SP1
8001346047;6234307300;;Schneckenwelle TW160 45:2;Z0;SP1
8001332409;6234410430;;Treibscheibe TW160 D640xb180;GE;SP4
8001332410;6234413430;;Treibscheibe TW160 D720xb180;GE;SP4
8001332411;6234419430;;Treibscheibe TW160 D800xb180;GE;SP4
8001332412;6234420430;;Bremsscheibe TW160;GE;SP1
8001332413;6234421430;;Treibscheibe TW160 D640xb160 SA4/SA9;GE;SP2
8001332414;6234422430;;Treibscheibe TW160 D720xb160 SA4/SA9;GE;SP2
8001332415;6234423430;;Treibscheibe TW160 D800xb160 SA4/SA9;GE;SP4
8001292897;6234901550;;Ankerplatte TW130/TW160/W263C;GE;SP1
8001292898;6234901900;;Ankerschraube TW160;GE;SP2
8001332418;6234901920;;Lagerbolzen 104xD25;GE;SP2
8001332419;6234901950;;Wanddichtring D240xd175x20;EU;SP5
8001332420;6234901960;;Seilschutzbuegel 365x200x5;GE;SP1
8001332421;6234901980;;Seilschutztraeger TW160 D560-800;EU;SP5
8001332422;6234902520;;Scheibe TW160 D80x13 6x9;GE;SP2
8001332423;6234903520;;Scheibe D105x15 3x14;EU;SP5
8001292899;6234904520;;Distanzscheibe D200x1 5x16,5/100;GE;SP2
1910364893;62400009201;;Mikroschalter für PMC125;GE;SP1
1910364891;62410009201;;Schalter Bremskontrolle DAF190;GE;SP2
1910364674;62420007061;;Achse Treibscheibe SB150;EU;SP5
1910364413;62420007063;;Bremsscheibe D400 SB150;GE;SP2
1910364898;62420007065;;Zahnriemenscheibe Z90 STD SB150;GE;SP1
1910208244;62420007066;;Bolzen Zangenbremse SB150;EU;SP5
1910364900;62420007093;;Druckscheibe Zahnriemenscheibe SB150;GE;SP1
1910369411;62420007489;;Treibsch.D260 6x6,5 SB150 S95;GE;SP3
1910364416;62420009209;;ZB Zahnriemen Geraeuschreduz. kit SB150;GE;SP1
1910364417;62420009222;;Schalldaemmung SB150 kl Riemenscheibe;GE;SP1
1910364902;62420009223;;Schalldaemmung SB150 Abdeckg Treibsch;GE;SP1
1910364418;62420009243;;ZB Abdeckung SB150 Rückwand Motor;EU;SP5
1910364421;62420009263;;Geberhalter Motor SB150;AE;SP6
1910369412;62420009278;;Treibsch.D260 6x6,5 SB150 S100;GE;SP1
1910364699;62420009358;;Mikroschalter mit Federhebel;GE;SP1
1910364422;62420009359;;Ersatzteilkit ZB Motor SB150;GE;SP1
1910364907;62420009371;;Zahnriemenscheibe Z30 STD D35 SB150;GE;SP1
1910564118;62420009372;;Motorwelle SB150 Konus BS2-2207;AE;SP6
1910364423;62420009419;;ZB Umrüstkit Zangenbremse SB150;GE;SP1
1910364903;62420009424;;Mikroschalter Lueften Mayr RSD5 SB150;GE;SP1
1910364904;62420009425;;Mikroschalter Verschleiss MayrRSD5 SB150;GE;SP1
1910512148;62430001012;;Zwischenring DAF270M;GE;SP2
1910512149;62430001014;;Klemmenkastendeckel DAF270M;EU;SP5
1910512150;62430001017;;Treibscheibe DAF270M D440xb132 7x10;GE;SP2
1910512151;62430002589;;ZB Klemmenleiste DAF270/SC300;GE;SP1
1910368741;62430004807;62430004807_L;Treibscheibe DAF270M D440xb132 7x10 S95;GE;SP2
1910512152;62430005345;;Treibscheibe D490 zxd DAF270L;GE;SP2
1910512153;62430005983;;Treibscheibe DAF270M D320xb145 zxd;GE;SP2
1910512154;62430006516;;Treibscheibe DAF270M D440xB132 zxd;GE;SP2
1910512155;62430009282;;Treibscheibe DAF270L D440xb134 zxd;GE;SP2
1910368740;62430009361;;Treibscheibe DAF270 EBS D440 7x10 K40°;GE;SP3
1910512156;62430009369;;Geberhalter DAF270 Konus Geber;GE;SP2
1910512157;62430009390;;Treibscheibe DAF270L D520x136 zxd;GE;SP2
1910512158;62430009526;;Geberhalter DAF270 RSR1500;GE;SP1
1910512159;62430009704;;Treibscheibe DAF270M D520 zxd;GE;SP2
1910512160;62430009706;;Treibscheibe DAF270L D440x136 zxd;GE;SP2
1910364908;62430009722;;Mikroschalter für DAF270;GE;SP1
1910364909;62430009780;;Bremskontrollschalter DAF270 2x1700NM WE;GE;SP1
8000646014;62440000004;;Treibscheibe D560 zxd SC500;AE;SP6
8000646002;62440000047;;Flachdichtung Lagerdeckel AS SC500;GE;SP2
1910563949;62440000059;;Achse Seilrolle DW SC500;EU;SP5
1910364425;62440000119;;Ersatzfilter für Gebläse SC500;GE;SP1
1910563959;62440000122;;ZB Seilklemme D13 zmax9 SC500;AE;SP6
1910364916;62440000148;;Schalter SC500 Verschleißueberwachung EN;GE;SP1
1910364426;62440000149;;Ersatzhandlueftung Bremse SC500;GE;SP1
1910364918;62440000150;;Schalter SC500 Verschleißüberwachung CSA;GE;SP1
1910364920;62440000151;;Schalter SC500 Lueftueberwachung CSA;GE;SP1
1910563977;62440000174;;ZB Aushebevorrichtung D13 zmax9 SC500;GE;SP2
8000886796;62440000291;;Deckel Klemmenkasten SC500L;GE;SP2
8000886726;62440000292;;Abdeckung oben SC500L;GE;SP2
8000886807;62440000298;;Kabelabdeckung SC500L;GE;SP2
1910368749;62440000354;;ZB  Rückwand SC500L;GE;SP2
1910364926;62450000317;;Schalter Bremskontrolle SF800;GE;SP2
1910368750;62460001340;62460001340_L;Treibscheibe D440 12x10 SC300M Fertigt.;GE;SP2
1910564119;62460001343;;Treibscheibe D410 SC300S Rohteil;GE;SP2
1910364428;62460001506;;Federteller SC300 Gearless;GE;SP2
1910364430;62460001507;;Druckstueck SC300M;EU;SP5
1910369417;62460001839;;ZB Seilrolle D400 12x10 SC300;GE;SP4
1910364435;62460001888;;Dichtscheibe SC300M;EU;SP5
1910364436;62460002068;;Zubehoer SC300;GE;SP2
1910364932;62460002760;;ZB Seilklemme DW SC300;EU;SP5
1910364438;62460003281;;Treibscheibe D440 zxd SC300M Fertigteil;GE;SP4
1910364722;62460004164;;ZB Druckarm SC300;GE;SP1
8001442505;62460005606;;ZB Seilrolle D400 ZxD SC300;GE;SP2
1910364724;62460007929;;ZB Seilrolle D400-PA 12x10-RA14 SC300;GE;SP1
1910364921;62460009202;;Flachdichtung Lagerdeckel SC300M;AE;SP6
1910364923;62460009238;;Druckfeder SC300;GE;SP1
1910364442;62460009240;;ZB Bremslueftung Einkreis SC300;GE;SP2
1910564120;62460009244;;Bremsbacke SC300 NC;AE;SP6
1910368752;62460009258;62460009258_L;ZB Bremsbacke SC300;AE;SP6
1910364443;62460009275;;ZB Bremsbacke SC300B ohne DU;EU;SP5
8001360643;62470007815;;Dichtungsring SC400;GE;SP1
8000798992;62470007816;;Schutzgitter SC400;GE;SP2
1910364446;62470007818;;Lagerdeckel SC400 AS aussen;EU;SP5
1910364454;62470007821;;Anschlusskastendeckel SC400;EU;SP5
1910364455;62470007826;;Bremsscheibe SC400 S355J2+N;GE;SP2
8000795598;62470007828;;Treibscheibe SC400 D560 zxd;GE;SP4
1910364459;62470007876;;Flanschplatte Bremse SC400 3200 Nm;GE;SP2
8001414674;62470007999;;ZB Druckstueck Aushebung SC400;GE;SP1
8001414676;62470008002;;ZB Blockierungsklemme SC400;GE;SP2
8001442514;62470008142;;ZB Seilrolle SC400 D540;GE;SP2
8001360445;62470008891;;ZB Treibscheibe mit Bremsscheibe SC400;GE;SP4
1910563958;62470009059;;Schalterblech Seilabdeckung SC400;EU;SP5
1910364464;62470009209;62470009209_L;Bremskontrollschalter SC 400;GE;SP1
8001360453;62470009219;;ZB Transportkit Maschine SC400;AE;SP6
8000798981;62470009267;;Fettzufuhrrohr SC400B AS;EU;SP5
8000798983;62470009269;;Fettablassrohr SC400B BS innen;EU;SP5
8000798984;62470009270;;Fettauffang SC400B;GE;SP2
1910368796;62470009271;;Lagerdeckel SC400B AS aussen;GE;SP2
8000798985;62470009272;;Flachdichtung SC400B Lagerdeckel;GE;SP1
8000777760;62470009276;;Geberhalter SC400B Konus und 2. Geber;GE;SP1
1910364476;62470009283;;Fettauffang SC400;GE;SP1
1910368799;62470009284;;Fettablassrohr SC400B BS aussen;AE;SP6
8000795596;62470009292;;Rohr Fettzufuhr SW-H 2 SC400B;EU;SP5
1910368800;62470009298;;ZB Zubehoer Umbaukit Bremse SC400;GE;SP1
8000795605;62470009302;;Flanschplatte Bremse Guss;GE;SP1
1910368903;62480000006;62480000006_L;ZB Bremsbacke SF600;GE;SP1
8001363195;62480000043;62480000043_L;ZB Luefter SF600;GE;SP1
8001363237;62480000049;;Bolzen fuer Rolle;GE;SP1
8001363189;62480000058;;Filtermatte SF600;GE;SP1
8001363238;62480000060;;Rolle fuer Bremse;AE;SP6
8001363216;62480000067;;ZB Bremsluefthebel SF600;GE;SP1
8001363235;62480000070;;ZB Hubmagnet GH125;GE;SP1
8001363265;62480000102;;ZB Luftstromueberwachung SF600/SF700;GE;SP2
8001346302;62480000126;;ZB Welle mit Treibscheibe SF600;GE;SP4
8001363419;62480010025;;ZB Pendelbacke SF700;EU;SP5
8001363415;62480010050;;ZB Hubmagnet GH140;GE;SP1
8001363425;62480010085;;ZB Bremsbacke SF700;GE;SP2
8001363483;62490009262;;Filtermatte Walzenfilter SF1000;GE;SP1
8001442506;62490009295;;ZB Seilrolle DW D1100 SF1000 zxd;GE;SP2
1910364776;62490009384;62490009384_L;Bremszange VKSD floating SF1000;GE;SP2
1910364955;62490009387;;Schalter Bremskontrolle SF1000;GE;SP1
1910364956;62490009388;;Schalter Bremskontrolle Naeherung SF1000;GE;SP1
1910564007;62490009391;;Ventil Hydraulikaggregat SF1000;AE;SP6
1910364771;62500000004;;ZB Leitung Motor PMC145-2 2,5qmm 5m;GE;SP1
1910364985;62500000057;;ZB Ablenkrolle 240x126x50;GE;SP1
1910364773;62500000058;;Achse D50x200;GE;SP2
1910364481;62500000063;;Adapterstueck Handrad PMC145 84mm;EU;SP5
1910208245;62500000106;;Ausgleichsblech NC91 2mm;GE;SP1
1910208246;62500000107;;Ausgleichsblech NC91 4mm;GE;SP1
1910369020;62510000003;;Treibscheibe wwMRL-01 D240 6x6 S100;GE;SP1
1910364984;62510000017;;Filzringdichtung 120x53x3;EU;SP5
1910369420;62510000021;62510000021_L;Treibscheibe wwMRL-01 D240 6x 6 S80;GE;SP3
1910369022;62510000044;;Treibscheibe PMC145 L D240x135 zxd;GE;SP2
1910369023;62510000068;;Treibscheibe PMC145 M D240 z x d;GE;SP2
1910369025;62510000093;62510000093_L;Treibscheibe BG02C 7x6 S100;AE;SP6
1910368720;62510000095;62510000095_L;Treibscheibe BG02C 8x6 S90;AE;SP6
1910369027;62510000096;;Treibscheibe PMC145 L D240 11x6 S95;GE;SP1
1910369425;62510000099;;Treibscheibe BG01C D240x75 zxd;GE;SP2
1910364781;62510000214;;ZB Leitung Bremse PMC170 10m;GE;SP2
1910368721;62510000215;62510000215_L;Treibscheibe PMC145 L D240 11x6 S100;GE;SP1
1910364482;62510000244;;Geberhalter PMC145S/XS2 WB;EU;SP5
1910364993;62510000258;;Abdeckblech Bremse PMC145-2;GE;SP1
1910364785;62510000259;;Abdeckung Treibscheibe PMC145S/XS2;GE;SP1
1910364786;62510000261;;Abdeckung Treibscheibe PMC145M/XM2;GE;SP1
1910364787;62510000262;;Abdeckung Treibscheibe PMC145L/XL2;GE;SP1
1910369018;62510000301;;ZB Leistungssteckverbinder 2,5qmm PMC145;EU;SP5
1910369427;62510000323;;Treibscheibe PMC145L/XL2 D240 zxd;GE;SP2
1910365004;62510000329;;Spannscheibe PMC145S/XS2-- HR;EU;SP5
1910365005;62510000349;;Distanzrohr D35x7 L18;EU;SP5
1910365006;62510000364;;Abdeckblech Bremse PMC145L/XL2;GE;SP1
1910364792;62510000443;;ZB Leitung Motor PMC145-2 2,5qmm 10m;GE;SP1
1910364793;62510000444;;ZB Leitung Motor PMC145-2 4,0qmm 5m;GE;SP1
1910364794;62510000445;;ZB Leitung Motor PMC145-2 4,0qmm 10m;GE;SP1
1910364795;62510000448;;ZB Leitung Motor PMC145-2 RPI/MFR 4,0 5m;GE;SP1
1910364796;62510000449;;ZB Leitung Motor PMC145-2 RPI/MFR 4,0 10;GE;SP1
1910364797;62510000453;;Abdeckung Treibscheibe PMC145M/XM2 175°;EU;SP5
1910369028;62510000464;62510000464_L;Transportsicherung Traeger GG;EU;SP5
1910564121;62510000498;;ZB Treibscheibe K1 D240 M mit FS ohne US;GE;SP1
1910368724;62510000506;62510000506_L;Treibscheibe PMC145L/XL2 D240 11x6 S90;GE;SP1
1910369029;62510000508;;Treibscheibe PMC145L2 D320 zxd;GE;SP2
1910368725;62510000541;62510000541_L;Treibscheibe PMC145M2 8x6 S100;GE;SP1
1910369031;62510000562;;Treibscheibe PMC125S0 D240 4x6 S80;GE;SP1
1910364803;62510000566;;Abdeckung Treibscheibe PMC125S0;GE;SP1
1910369431;62510000571;;Treibscheibe PMC125S0 D240 zxd;GE;SP2
1910364804;62510000572;;Bremskontrollschalter PMC145S;GE;SP1
1910369032;62510000586;;Treibscheibe PMC125L D240 z x d;GE;SP2
1910369034;62510000619;;Treibscheibe PMC125L D240 8 x 6 S100;EU;SP5
1910369036;62510000620;62510000620_L;Treibscheibe PMC125L D240 10 x 6 S100;GE;SP1
1910364807;62510000657;;ZB Leitung Motor PMC Korean.controler 6m;GE;SP1
1910364808;62510000658;;ZB Leitung Bremse PMC Korea controler 6m;GE;SP1
1910364490;62510000709;;ZB Umrüstkit Scha Br Bl My PMC145-2M+L;GE;SP1
1910369037;62510000710;;Treibscheibe PMC125L D240 - 10x6 K40;GE;SP2
1910369038;62510000712;;Treibscheibe PMC145 L D240 11x6 K45;GE;SP2
1910369040;62510000716;;Treibscheibe PMC125SO D240 4x6 K50;GE;SP2
1910364492;62510000718;;ZB Umrüstkit Scha Br PMC145-2M+L HL;GE;SP1
1910369019;62510000864;;Treibscheibe PMC125S D240 zxd KB74mm;GE;SP2
1910369435;62520000001;;Treibscheibe wwMRL BG-02 D240 zxd;GE;SP2
1910208247;62520000003;;Treibscheibe wwMRL-02 D240 7x6 S100;GE;SP3
1910365013;62520000004;;Spannscheibe PMC145S/XS/M/XM;EU;SP5
1910364493;62520000005;;Seilschutzblech wwMRL BG-02;GE;SP2
1910369436;62520000019;;Treibscheibe wwMRL-02 D240 8x6 S90;GE;SP1
1910046376;62530000024;;Bremskontrollschalter Synergy;GE;SP1
1910369437;62540000003;;Treibscheibe D320 zxd PMC170;GE;SP4
1910369042;62540000035;;Scheibe D155x12;AE;SP6
1910364496;62540000079;;ZB Umrüstkit Sensoranbau PMC170 Bremse;GE;SP1
1910365019;62540000086;;Mikroschalter PMC170 PMC145-2 Initiator;GE;SP1
8001413573;62560000058;;Conduithalteblech PMB285 L002;GE;SP2
8001413575;62560000070;;Bremsabdeckung PMB285 L001-002;GE;SP1
1910364499;62560000112;;Riemenniederhalter PMB285 L301mm;EU;SP5
1910365014;62560000137;;ZB Ind. Bremskontrollschalter NPN-NO;GE;SP1
1910369044;62560000233;;ZB Ersatzteilkit Bremse RTW600 2x340Nm;GE;SP2
1910208248;62720000007;;ZB Seil autom Schwenkanschlag KH 2100;GE;SP1
1910365015;62720000025;;ZB Rolle autom Schwenkanschlag;AE;SP6
1910208249;62720000030;;ZB Seil autom Schwenkanschlag KH 2200;GE;SP1
1910365016;62720000031;;ZB Seil autom Schwenkanschlag KH 2300;GE;SP1
1910365017;62720000032;;ZB Seil autom Schwenkanschlag KH 2500;GE;SP2
1910363426;6272500103;;Rollenkette 081-1 5M;EU;SP5
1910363427;6272500603;;Glied E081 1;EU;SP5
1910364500;62750000007;;Blech Seilabsprungschutz GG flex 2;GE;SP2
1910365024;62750000061;;Gewichtseinlage Beton L100 8,72kg;EU;SP5
1910365025;62750000062;;Gewichtseinlage Beton L150 13,12kg;EU;SP5
1910364830;62750000108;;ZB Seilrolle D320 4x8-RA14 PA;GE;SP1
1910369045;62750000110;;ZB Seilrolle D400 4x10-RA18 PA;GE;SP2
1910365027;62750000123;;Federhalterung BFV GG flex;GE;SP2
1910364502;62750000124;;Federhalterung BFV L GG flex;GE;SP2
1910364503;62750000125;;Federhalterung BFV R GG flex;GE;SP2
1910364504;62750000206;;Befestigungswinkel Fuehrung GG Flex2A;EU;SP5
1910364239;62750000214;;Pufferblech GG Flex2A1;GE;SP2
1910364325;62750000216;;Pufferblech GG Flex2A;GE;SP2
1910364513;62780000016;;Huelse mit Bund Stichmaßrolle RTK100;EU;SP5
1910364514;62780000143;;Halterung Seilabsprungschutz;GE;SP1
1910364517;62780000144;;Distanzrohr 20x4x140;GE;SP1
1910364841;62780000183;;Achse D60 x 344;GE;SP1
1910364525;62780000199;;Winkel Daempferanbau FleCS F2;GE;SP2
1910369046;62780000211;;Haltewinkel Endschalter unten;EU;SP5
1910561288;unbekannt;batch4;SCHÜTZ 3P 38A AC3 230V 50/60HZ 1S1Ö;GE;SP1
1910561294;unbekannt;batch4;SCHÜTZ 3P 25A AC3 230V 50/60HZ 1S1Ö;EU;SP5
1910208250;64000003367;;Profil Halbzylinder Tropfenform;GE;SP1
1910208251;64000003373;;Schlüssel Rohr 150x78 f.Schliesszyl.;GE;SP2
1910208252;64000003641;;Schlüssel für Halbzylinder Süd;GE;SP1
1910208253;64000003642;;Schlüssel für Halbzylinder BG;GE;SP1
1910208254;64000003646;;Schlüssel für Halbzylinder Nord;GE;SP1
1910208255;64000004316;;Profil Halbzylinder 0532 BG;GE;SP1
1910208256;64000004317;;Profil Halbzylinder 0532 NORD;GE;SP1
1910365026;64000004520;;Handgriff Edelstahl 360x228x25 S2D;GE;SP2
1910208257;64000007422;;Schlüsselrohr 100x58 mit Blende;GE;SP1
1910208258;64000007772;;Schlüssel Ronis 520E;GE;SP1
1910208259;64000009007;;Set 1 Standard;GE;SP1
1910208260;64000009008;;Set 2 Standard mit Fettpresse;GE;SP4
1910208261;64000009009;;Set 3 Standard mit Lampen;GE;SP3
1910364527;64000009011;;Set 5 Aufzug S1D m. Presse;GE;SP2
1910208262;64000009014;;Set 8 Standard II mit Reiniger;GE;SP4
1910364530;64000009203;;Set 9 Standard mit M1;GE;SP2
1910364531;64000009204;;Set 10 Standard mit Presse und M1;GE;SP2
1910364535;64000009206;;Set 12 Standart II m.Reinig. u.M1;GE;SP2
1910364536;64000009209;;Magnet auf;GE;SP2
1910208263;64000009216;;Kurve entriegelt SA24;EU;SP5
1910364539;64000009220;;Winkelhebel;EU;SP5
1910564122;64000009230;;Spannstift 4x16 ISO EN 8752;AE;SP6
1910364543;64000009233;;ZB Schlüsselrohr und Halbzylinder Nord;GE;SP1
1910564008;64000009236;;Halter Bremsbacke;AE;SP6
1910564009;64000009237;;Halteblech Bremskontrolle DAF290;AE;SP6
1910208267;64000009238;;Positionsschalter ZS236-11Z-M20;GE;SP1
1910208268;64000009241;;ZB Hakenriegel und Verrieglungsstück L;GE;SP1
1910208269;64000009242;;ZB Hakenriegel und Verrieglungsstück r;GE;SP1
1910364855;64000009281;;Rolle WRG 100 x 27 mm;GE;SP2
1910365038;64000009282;;Rolle WRG 150 x 38 mm;GE;SP1
1910364545;64000009283;;Mutter fuer Gehaenge K5(schwarz);GE;SP1
1910207675;6400001036;;Moebelzylinder BG s;GE;SP1
1910364233;6400002026;;Halbzylinder Nord;GE;SP1
1910207676;6400002036;;Moebelzylinder Sued;GE;SP1
1910207677;6432001016;;ZB Dichtungssatz W332;GE;SP4
1910364046;6440001056;;Hakenriegelschalter komplett;GE;SP1
1910364047;6440002016;;Reibscheibe;GE;SP2
1910363428;6440022016;;Gummipuffer D25x17xM6x18,5;EU;SP5
1910363429;6440027016;;Magnetschalter;AE;SP6
1910363430;6440028016;;Magnetschalter Türantrieb Haush. TASS 80;GE;SP2
1910209150;6440030016;;Seilrolle D68mm Lauff. 58mm;GE;SP1
1910209151;6440032016;;Drahtseil L1258mm  TB 800mm;GE;SP2
1910209152;6440033016;;Drahtseil L1358mm TB 900mm;GE;SP2
1910364863;6440035016;;Laufrolle Set;GE;SP1
1910363431;6440101016;;Puffer Sortiment;EU;SP5
1910363432;6440105016;;Mikroschalter Sortiment;GE;SP2
1910207678;6440106016;;Schalter-Sortiment;GE;SP3
1910207679;6440121016;;Anschlagsortiment;GE;SP1
1910363433;6452101046;;Geräuschdämpfung für Umlaufkolben;EU;SP5
1910207680;6452201556;;Hallsensor komplett;GE;SP1
1910209153;6452201646;;O Ring;EU;SP5
1910209154;6452201666;;Filtersieb;GE;SP1
1910363434;6452201786;;Rückschlagventil komplett;GE;SP1
1910207681;6452202006;;Dichtungsatz komplett;GE;SP1
1910207682;6452202016;;Dichtungssatz komplett für LVR-A 30;GE;SP2
1910207683;6452202076;;Manometer komplett;GE;SP1
1910363435;6452202276;;Vorsteuerventil komplett auf;GE;SP2
1910207684;6452202706;;Vorsteuerplatte komplett f. LRV175A/350A;GE;SP2
1910207685;6452203266;;Vorsteuerventil ab komplett;GE;SP2
1910363436;6452402056;;Rohrbruchventil o.Schalter RBV5R 1 1/2Zo;GE;SP2
1910363437;6452403056;;Rohrbruchventil o.Schalter RBV5-R 2Zoll;GE;SP2
1910363438;6452404076;;Ventileinsatz fuer Senkventil;GE;SP2
1910363439;6452413086;;Mutter selbstdichtend;EU;SP5
1910362852;6452421086;;Filtereinsatz 40mm;GE;SP1
1910363441;6452424076;;Mengenregler komplett;GE;SP2
1910363468;6452425086;;Manometer 0-160 bar;GE;SP2
1910207686;6452435076;;Sieb;GE;SP1
1910363445;6452437076;;Magnetventil S2;GE;SP1
1910363455;6452439076;;Magnetventil S3;GE;SP1
1910364065;6452440036;;Dichtungssatz kompl. T-AZK 63;GE;SP2
1910207687;6452442036;;Dichtungssatz komp.T-AZK 85;EU;SP5
1910362898;6452442076;;Filtereinsatz 118mm;EU;SP5
1910364069;6452443036;;Dichtungssatz kompl. T-AZK 90;GE;SP1
1910364071;6452444036;;Dichtungssatz kompl. T-AZK 100;GE;SP2
1910364074;6452446036;;Dichtungssatz kompl. T-AZK 120;GE;SP2
1910364075;6452448036;;Dichtungssatz kompl. T-AZK 140;GE;SP2
1910364076;6452449036;;Dichtungssatz kompl. T-AZK 150;GE;SP2
1910363457;6452450036;;Dichtungssatz komplett für T-AZK 160;EU;SP5
1910363458;6452452076;;Handnotpumpe HP25;GE;SP2
1910363496;6452474076;;Manometer 1-100 bar;GE;SP2
1910363460;6452493076;;Bundmutter selbstdichtend;EU;SP5
1910207688;6460001016;;Einlage FS8B;GE;SP1
1910209155;6460001026;;Puffer D=30 mm, BD= 9 mm,;AE;SP6
1910207689;6460002016;;Fuehrungsschuh WSM;GE;SP2
1910363463;6460004016;;ZB Adapterplatte 150x6x120;GE;SP1
1910364355;6460005016;;ZB Adapterplatte 275x150x6;GE;SP2
1910364506;6460006016;;ZB Fuehrungsschuh Set 1;GE;SP1
1910364584;6460007016;;ZB Fuehrungsschuh Set;GE;SP1
1910207690;6470001016;;Laufrolle mit Bolzen;GE;SP1
1910207691;6480001016;;Notentriegelungsschlüssel 200mm lang;GE;SP1
1910207692;6480005016;;Rollenanschlag;AE;SP6
1910207693;6493502016;;Gegenrolle Sortiment;GE;SP1
1910207694;6493503016;;Türführungsset TSS 72;GE;SP1
1910207695;6494001026;;Reparaturset pro Türbl. Türen S7/W7/K7;GE;SP1
1910207696;6494002026;;Reparaturset langsames Tb;GE;SP1
1910207697;6494003026;;Reparaturset pro langsames Tb;GE;SP1
1910207698;6494005026;;Reparaturset schnelles Tb V3;GE;SP1
1910207699;6494006026;;Reparaturset  S7/W7/K7 sch.Tb;GE;SP1
1910207700;6494007026;;Reparaturset pro Tbes;GE;SP1
1910364082;6494008016;;Reparaturset pro Türblatt schnell;EU;SP5
1910207701;6494008026;;Reparaturset pro Tb;GE;SP1
1910207702;6494009026;;Repar-set  langs u. mittl. Tb;GE;SP1
1910207703;6494010026;;Reparaturset schnelles Tb;GE;SP1
1910364085;6494011016;;Reparaturset pro Türblatt Schacht;GE;SP1
1910364086;6494012016;;Reparaturset pro Türblatt Kabine;GE;SP1
1910364087;6494013016;;Reparaturset pro Türblatt langsam;GE;SP1
1910364885;6494014016;;Reparaturset pro Türblatt TTK5/8;GE;SP2
1910207704;6494018016;;Reparaturset pro Tb V1;GE;SP1
1910207705;6494019016;;Reparaturset;GE;SP1
1910207706;6494020016;;Reparaturset schnelles Tb V1;GE;SP1
1910363465;6494021016;;Reparaturset pro Türblatt;GE;SP1
1910207707;6494022016;;Reparaturset langsames Tb V1;GE;SP1
1910207708;6494023016;;Reparaturset langsames Tb V2;GE;SP1
1910207709;6494024016;;Reparaturset pro Türblatt S1;GE;SP1
1910364886;6495001106;;Feder für D6 Türantrieb;GE;SP2
1910363466;6495002106;;Bremskontaktzapfen;GE;SP2
1910364353;6495004106;;Zahnriemen HTD Gurt PAS 5 mm;GE;SP1
1910364887;6495005106;;Kontaktgeber für D6 Türantrieb;GE;SP1
1910207710;6495006106;;Riemen 1130;GE;SP1
1910364888;6495007106;;Einrastsystem für Kabinentüren D6;GE;SP2
1910207711;6495008106;;Rolle D=41mm AD12mm;GE;SP1
1910207712;6495009106;;Polyamid Lager für D6 Türantrieb;GE;SP1
1910207713;6495010056;;Gegenrolle D36;GE;SP1
1910207714;6495011056;;Türrolle D60;GE;SP1
1910209156;6495012056;;Seilrolle D69,6mm Lauff.60mm;GE;SP1
1910209157;6495013056;;Puffer 2-8b,8015x15mm Gewindestange M4;GE;SP1
1910207715;6495014056;;Schwert D6;GE;SP1
1910207716;6495015056;;Schwert D6 R;GE;SP1
1910207717;6495017056;;Türseilbis 900mm Türbreite;GE;SP2
1910364103;6495021056;;Türblattführung D6;GE;SP1
1910364109;6495025056;;ZB Türblatt schnell B 900mm H 2000mm;GE;SP2
1910364114;6495026056;;ZB Türblatt langsam  B 900mm H 2000mm;GE;SP2
1910364116;6495031056;;ZB Türblatt L;GE;SP2
1910364117;6495032056;;ZBTürbl.TB900,TH2000r.Tb.gr.d.;GE;SP2
1910364119;6495035056;;ZB Türblatt grundiert links;GE;SP2
1910369048;6495036056;;ZB Türblatt R B 900mm H 2000mm;GE;SP2
1910207718;6495037056;;Rueckstellkontakt;GE;SP1
1910207719;6495038056;;Spreizschwert L/Zentral;GE;SP1
1910207720;6495039056;;Spreizschwert R;GE;SP1
1910207721;6495040056;;Seilklemmschraube;GE;SP1
1910363469;6495041056;;Puffer für M2T/M2Z-S6 Tür;GE;SP1
1910209158;6495043056;;Seilklemme;GE;SP1
1910209159;6495044056;;Zugfeder 680;GE;SP1
1910209160;6495045056;;Zahnriemen D6.C-Türe;GE;SP1
1910364890;6495048056;;Schnecke R;GE;SP2
1910364897;6495049056;;Schneckenscheibe LI/Z;GE;SP2
1910207722;6495050056;;Hebel;GE;SP1
1910207723;6495052056;;Zahnriemenscheibe;GE;SP1
1910207724;6495054056;;Türantriebskarte D6C, RT200;GE;SP1
1910207725;6495055056;;Getriebemotor;GE;SP1
1910364127;6495059056;;Transformator 230-400V;GE;SP2
1910207726;6495061056;;Mitnehmer links u.zentral;GE;SP1
1910207727;6495062056;;Mitnehmer rechts;GE;SP1
1910364128;6495401016;;Anschlagrolle Sortiment;GE;SP2
1910363470;6495405016;;Anschlagpuffer Sortiment;GE;SP2
1910561297;unbekannt;batch4;Lichtgitter Set E10 36,Diag,TOE,2.7m 1N;GE;SP1
1910208270;65000000323;;ZB Datenuebertrag.leitung G6-E60 Siemens;EU;SP5
1910564010;65000000955;;ZB Datenuebertragungsleitung G6 TSI;GE;SP1
1910564011;65000000956;;ZB Leitungssatz TSI als TS Gen.3 Ersatz;GE;SP1
1910564012;65000000958;;ZB Leitungssatz TSI;GE;SP1
1910208271;65000001211;;ZB Adaptereinheit TSI;EU;SP5
1910364549;65000001511;;ZB TS G6 als Ersatz G4 an Relais/Fremd;GE;SP2
1910210254;65000001694;;ZB Leiterplatte MH3 Teleserv.-Bedientab.;GE;SP1
1910208272;65000006054;;Montageplatte f.Gehäuse 0099705030;EU;SP5
1910047800;65000007730;;ZB Leiterplatte MH4-GT;GE;SP1
1910047801;65000007731;;ZB Leiterplatte MH4-STUW;GE;SP1
1910208273;65000007732;;ZB Leiterplatte MH4-DZS;GE;SP1
1910047803;65000007733;;ZB Leiterplatte MH4-SI 230V AC;GE;SP1
1910369092;65000008059;65000008059_L;ZB Leiterplatte MH3-SUE;GE;SP1
1910364896;65000008265;;ZB Leiterplatte Verteil. Sprechstelle VS;GE;SP1
1910369093;65000009202;;ZB Teleservice Nachrüstgerät G7;AE;SP6
1910364558;65000009224;;Teleservice MH4 Anschluss Nachruestger.;GE;SP1
1910364899;65000009229;;ZB Leiterplatte Adapter TSI;EU;SP5
1910365044;65000009230;;Stecker 8pol. RJ45;GE;SP2
1910047802;65000009231;;ZB Leiterplatte MH4 DZS1;GE;SP1
1910208274;65000009235;;ZB IC ANA Sprachchip prog. Oesterr. A1;GE;SP3
1910209019;65000009236;65000009236_L;ZB IC ANA Sprachchip prog. deutsch D1;GE;SP3
1910369094;65000009237;65000009237_L;ZB IC ANA Sprachchip prog. deutsch D2;EU;SP5
1910366369;65000009242;65000009242_L;ZB IC ANA Sprachchip prog. China C2;EU;SP5
1910364562;65000009243;;ZB IC ANA Sprachchip prog. Frankr. F1;GE;SP4
1910369096;65000009249;65000009249_L;ZB Leiterplatte MH4 Mit Modem;GE;SP2
1910369097;65000009251;65000009251_L;ZB Leiterplatte MH4-STUW mit Zubehoer;GE;SP1
1910208275;65000009256;;ZB Leitung 230V TSI-MH4;GE;SP1
1910208276;65000009257;;ZB Leitung 12V TSI-MH4;AE;SP6
1910364563;65000009260;;ZB TS G7 Ersatz fuer G4 an Relais/Fremd;GE;SP2
1910369098;65000009280;65000009280_L;ZB Sprachchip Deutschland ohne Firma D3;AE;SP6
1910365774;65000009283;65000009283_L;ZB IC ANA Sprachchip prog. dt/engl. D/E;GE;SP4
1910369100;65000009284;65000009284_L;ZB Sprachchip deutsch/englisch D/E;AE;SP6
1910364564;65000009285;;Notrufsystem Amphitech PTU 80;GE;SP2
1910364565;65000009286;;Fahrkorbmikrofon Amphitech ADT MB LC THY;GE;SP2
1910364566;65000009287;;Sprechstelle u. FK Amphitech;GE;SP2
1910369101;65000009293;;ZB Nachrüstset Überspannungsschutz;AE;SP6
1910364568;65000009300;;ZB TS-R-BASE-01 Grundgerät;EU;SP5
1910364569;65000009301;;ZB TS-R-BASE-02 inkl.Fahrkorbsprechst.;GE;SP1
1910369102;65000009325;65000009325_L;ZB Leiterplatte MX SW RGB DMX Controller;AE;SP6
1000211876;65000009326;;ZB Leiterplatte MX HV2012;GE;SP1
1910580488;65000009327;;ZB Leiterplatte MX HV2012 ungeprueft;GE;SP1
1910364913;65000009330;;ZB Leiterplatte MH4-SI 110V AC;GE;SP2
1910364914;65000009331;;ZB Leiterplatte MH4-SI 48V AC/DC;GE;SP2
1910369103;65000009337;;Umrichter Komponenten Konfig.;GE;SP2
1910369091;65000009346;;ZB Leiterplatte MDB;GE;SP1
1910364570;65000009396;;ZB Sprechstelle FW digital BDK;GE;SP1
1910364571;65000009399;;ZB Sprechstelle FW digital FK;GE;SP1
1910364572;65000009400;;ZB Sprechstelle FW digital Zugang;GE;SP1
1910369104;65000009402;;MAX Notruf-Kit nach DIN EN 81-28;GE;SP1
1910364574;65000009411;;ZB System LCMAX EU RS232;EU;SP5
1910364576;65000009420;;ZB Zubehör LCMAX Befestigungssatz Panel;GE;SP2
1910364577;65000009421;;ZB Zubehör LCMAX Befestigungssatz DIN;GE;SP2
1910364579;65000009424;;ZB Zubehör LCMAX Antenne 2000mm;GE;SP2
1910564123;65000009425;;Zubehör MAXv2 Abdeckung IP21;GE;SP1
1910364922;65000009427;;ZB Leiterplatte MAX CAS FK Audio Schalte;GE;SP1
1910364580;65000009439;;ZB Dig. Sprechstellen Set MAX MRL;GE;SP1
1910364581;65000009450;;ZB Set LCMAX V2 EU RS232;GE;SP1
1910369105;65000009475;;MAX Sensor-Kit Fahrkorbdach;GE;SP1
1910564013;6500002880;;ZB Leitungssatz Relais G6;AE;SP6
1910207728;6500003880;;ZB Leitungssatz TCI/TCM G6;GE;SP2
1910564124;6500004880;;ZB Datenuebertragungsleitung G6 MCI;AE;SP6
1910564125;6500004900;;ZB Zusatzteile;GE;SP1
1910364925;6500005670;;ZB Leiterplatte EFB Filter 500V;GE;SP2
1910209249;6500006670;;ZB Bremsansteuerung BSV1;GE;SP1
1910369106;6500006880;;ZB Verbindungsleitung FA1-Karten G6;AE;SP6
1910364927;6500007660;;ZB Leiterplatte U1 Universalplatte;EU;SP5
1910369107;6500007670;6500007670_L;ZB Leiterplatte BSV1;GE;SP1
1910369109;6500009670;6500009670_L;ZB Leiterplatte Eingang Filter Bremse;GE;SP1
1910369110;6500010980;;ZB Haengekabel Befestigung;EU;SP5
1910207730;6500012663;;ZB Leiterplatte R4 Relaisplatte;GE;SP2
1910207731;6500012670;;Umschalter V24;GE;SP2
1910209250;6500013670;;ZB Leiterplatte MH2 ohne synth. Sprache;GE;SP3
1910364129;6500014660;;ZB Netzteil P5;EU;SP5
1910369111;6500014670;6500014670_L;IC DIG ZB Sprachchip Oesterreich lang A1;EU;SP5
1910363472;6500015670;;IC DIG ZB Sprachchip Belg. flaemisch B1;GE;SP2
1910363473;6500021670;;IC DIG ZB Sprachchip niederl. Nl1;GE;SP2
1910207733;6500022670;6500022670_L;IC DIG ZB Sprachchip Deutschl. std D1;GE;SP3
1910364936;6500023870;;ZB Leitung AWG28 16pol. 120mm;GE;SP1
1910564126;6500026670;;ZB Leiterplatte MH2 Netzteil;GE;SP1
1910564127;6500027670;;ZB Leiterplatte MH2 CPU;GE;SP1
1910207734;6500028660;;ZB Leiterplatte R4 Relaisplatte 12V;EU;SP5
1910364938;6500031870;;ZB Datenuebertragungsleitung;GE;SP2
1910363474;6500041010;;ZB Anpassungseinheit Teleservice Gen.6;GE;SP1
1910363475;6500042010;;ZB Telesevice Nachruestgeraet Generation;EU;SP5
1910369113;6500047870;;ZB Leitung FA Bus;AE;SP6
1910363478;6500052870;;ZB Klemmensatz TCI;AE;SP6
1910364943;6500053870;;ZB Telefonanschlussleitung;EU;SP5
1910364944;6500055870;;ZB Telefonkaskadierleitung Q;EU;SP5
1910364945;6500061870;;ZB Anpassungsleitung AW1;EU;SP5
1910207735;6500070030;;ZB TCI/TCM Tester;AE;SP6
1910363479;6500072030;;Modem Telesevice-Zentralger.Generation 6;GE;SP2
1910364147;6500072870;;ZB TAE6 Verlaengerung;EU;SP5
1910207736;6500074030;;Voice-Modem 33600;AE;SP6
1910207737;6500074870;;ZB Leitungssatz Modem;GE;SP1
1910207738;6500082870;;ZB Kabelsatz MH2;AE;SP6
1910207739;6500084870;;ZB Modemleitung TAE6;GE;SP2
1910365803;6500085870;;ZB Modemleitung RJ-12;GE;SP1
1910207740;6500086870;;ZB Datenleitung V.24 9/25pol;GE;SP2
1910364951;6500088870;;ZB Versorgungsleitung MH2-Modem;EU;SP5
1910564014;6500090036;;ZB Teleservice mit Sprache;AE;SP6
1910364952;6500096870;;ZB Leitung RS-232 MH2-Modem;GE;SP1
1910207741;6500098870;;ZB Leitungssatz Modem Nachruestung;AE;SP6
1910207742;6500099030;;ZB Diagnosegeraet I;AE;SP6
1910207743;6500099870;;ZB Datenuebertragungsleitung G6;AE;SP6
1910364139;6500908850;;TS Schild 215x165 Achtungshinweis;GE;SP1
1910207744;6500909980;;Winkel 100x3x50;AE;SP6
1910363480;6500912980;;Befestigungswinkel 86,5x70x2;AE;SP6
1910207745;6508001660;;ZB Glättung;GE;SP2
1910364954;6508601750;;ZB Leiterplatte Glaettung;GE;SP2
1910368577;65100001128;;ZB Leiterplatte MP Portmodul;EU;SP5
1910365059;65100003135;;ZB Isostop 16M/63A 60Hz;EU;SP5
1910047706;65100004029;;ZB Leiterplatte MC1 HV2 voll;GE;SP1
1910147685;65100004578;;ZB Leiterplatte Bering. Delta Contr. Hyd;EU;SP5
1910208279;65100006083;;Klemmensatz Federleiste fuer Buskabel;GE;SP4
1910047808;65100007524;;ZB Leiterplatte RJA Schachtbus-Adapter;GE;SP1
1910047806;65100007568;;ZB Leiterplatte MPP Schacht Parallel;GE;SP1
1910209272;65100009204;65100009204_L;ZB Leiterplatte SR2R Sicherheitsschalt.;GE;SP1
1910047705;65100009216;;ZB Leiterplatte MS2 Stockwerkmodul VOLL;GE;SP1
1910209181;65100009217;;ZB Leiterplatte MS2 Stockwerkmodul TEIL;GE;SP1
1910364957;65100009218;;ZB Leiterplatte MS2 Stockwerkmodul 48V;GE;SP1
1910208280;65100009221;;ZB Leiterplatte MC2;GE;SP1
1910047708;65100009223;;ZB Leiterplatte MF3;GE;SP1
1910047809;65100009224;65100009224_L;ZB Leiterplatte MC3 Microcomputer MHC2;GE;SP1
1910208281;65100009227;;ZB Leiterplatte DRFS;GE;SP1
1910364958;65100009228;;ZB Leiterplatte BFS;GE;SP1
1910364959;65100009230;;ZB Leiterplatte LK Veroderung;GE;SP1
1910364960;65100009231;;ZB Leiterplatte MC2 CPU m. Sockel für SR;GE;SP1
1910364961;65100009232;;ZB Leiterplatte MF4 Fahrkorbmodul Flach;GE;SP1
1910047814;65100009235;;ZB Leiterplatte RJ45FK Verteiler FK-Dach;GE;SP1
1910047818;65100009237;;ZB Leiterplatte MS4 Stockwerkmodul;GE;SP1
1910364962;65100009243;;ZB Leiterplatte MC2 CPU voll HV2 48V;GE;SP1
1910364963;65100009245;;ZB Leiterplatte RJA Schacht-Adap. FOCUS;GE;SP1
1910364964;65100009246;;ZB Leiterplatte MC3 ohne Software;EU;SP5
1910364965;65100009251;"65100009251_L; 65100009251_P";ZB Leiterplatte MHC Grundsoftware;AE;SP6
1910369448;65100009251-01;;ZB Leiterplatte MHC Anlagen Spez.;EU;SP5
1910364966;65100009253;;ZB Leiterplatte TSL Überspannungsschutz;GE;SP1
1910365957;65100009257;65100009257_L;ZB Leiterplatte Umsetzer Verzoegerungsk.;GE;SP1
1910208282;65100009263;;ZB Bremsansteuerung BS3;GE;SP1
1910364593;65100009265;;ZB Bremsansteuerung 4;EU;SP5
1910364969;65100009285;;ZB Leiterplatte X85;GE;SP1
1910364970;65100009287;;ZB Leiterplatte A89 Summer EVO-F;GE;SP1
1910364971;65100009288;;ZB Leiterplatte CAN2CAN;GE;SP1
1910364594;65100009293;;Haltewinkel;EU;SP5
1000231596;65100009298;;ZB Leiterplatte MHC2 ohne Software;GE;SP1
1910369450;65100009298-01;;ZB Leiterplatte MHC2 Anlagen Spez.;ES;SP2
1000092375;65100009300;;ZB Leiterplatte MPSP Portmodul;GE;SP1
1910364972;65100009302;;ZB Leiterplatte RJA Schacht-Adap. PHOEN;GE;SP1
1910356780;65100009306;;ZB Leiterplatte MC3 Microcomputer TCM;GE;SP1
1910364973;65100009311;;ZB Leiterplatte MS2 Feuerwehraufzug;EU;SP5
1910369452;65100009336;;ZB Leiterplatte MHC2 SIM;GE;SP1
1910369453;65100009346;;ZB Leiterplatte MC3 Microcomputer DB;GE;SP1
1910364974;6510001670;;ZB Leiterplatte Oe Optokoppler;EU;SP5
1910207746;6510001680;;ZB Leiterplatte MFS Schnittstelle;GE;SP2
1910047710;6510002690;;ZB Leiterplatte MP TCM-MP/1-V3;GE;SP1
1910363482;6510004680;;ZB Leiterplatte MS1 Stockwerkmodul;GE;SP1
1910364975;6510005670;;ZB Leiterplatte Z2 Zentralplatte;EU;SP5
1910364976;6510005680;;ZB Leiterplatte MFK1 Fahrkorbmod.Step;EU;SP5
1910364977;6510006670;;ZB Leiterplatte Z3 Zentralplatte;EU;SP5
1910047645;6510006680;;ZB Leiterplatte MW1 Sollwertgeber;GE;SP1
1910321614;6510007680;;ZB Leiterplatte MB2.1 Bremssteuerung;GE;SP1
1910209252;6510008680;;ZB Leiterplatte MB2.2 Bremssteuerung;GE;SP1
1910207748;6510009680;;ZB Leiterplatte MI1 Optokoppler;GE;SP1
1910209161;6510010680;;ZB Eprom Satz MW1;GE;SP3
1910207749;6510012660;;ZB Leiterplatte ZW;GE;SP1
1910366410;6510012680;6510012680_L;ZB Eprom auftragsspezifisch;GE;SP2
1910364978;6510013670;;ZB Leiterplatte DC Decoder;AE;SP6
1910364979;6510014660;;ZB Leiterplatte ZST;EU;SP5
1910363490;6510016670;;ZB Leiterplatte MR Relaisplatte;GE;SP1
1910364980;6510016680;;ZB Leiterplatte E 224 Schnittstelle;EU;SP5
1910363491;6510017670;;ZB Leiterplatte MN Netzgeraet;GE;SP1
1910363492;6510018670;;ZB Leiterplatte MQ Abfrageplatte;GE;SP1
1910207750;6510019670;;ZB Leiterplatte MB Bremsstreuerung;GE;SP1
1910207751;6510020680;;ZB Eprom Satz E60/2;;SP4
1910363494;6510022670;;ZB Leiterplatte MJ Optokoppler;GE;SP1
1910363495;6510023670;;ZB Leiterplatte MO Optokoppler;GE;SP1
1910564210;6510025680;P1E=EU Löschvermerk;ZB Leiterplatte MB2.3 Bremssteuerung;EU;SP5
1910368620;6510026660;;ZB Leiterplatte Relaisplatte 5 Relais;EU;SP5
1910368663;6510027660;;ZB Leiterplatte Relaisplatte 8 Relais;EU;SP5
1910048483;6510027680;;ZB Bremsansteuerung 2;GE;SP1
1910047285;6510031680;;ZB Leiterplatte MF1 Fahrkorbplatte;GE;SP1
1910047287;6510032670;;ZB Leiterplatte MD Dig Sollwertgeb. 1;EU;SP5
1910047616;6510032680;;ZB Leiterplatte MF1 STEP Fahrkorbplatte;GE;SP1
1910047283;6510033670;;ZB Leiterplatte MB1 Bremssteuerung;GE;SP1
1910363509;6510033680;;ZB Leiterplatte MF2 Fahrkorbplatte;GE;SP1
1910047617;6510034680;;ZB Leiterplatte Step MF2 Fahrkorbplatte;GE;SP1
1910047659;6510035680;;ZB Leiterplatte MN3 Netzgeraet;GE;SP1
1910209253;6510037670;6510037670_L;ZB Leiterplatte MA1.1 Grundpl. Standanz.;GE;SP1
1910364983;6510037680;;ZB Netzteil Zusatz Fahrkorb 24V/6A;GE;SP1
1910207752;6510038670;;ZB Leiterpl.SA.Ob.MA1.2 ob,un;GE;SP3
1910207753;6510038680;;ZB Leiterplatte Zentralplatte MZ/M3TK;AE;SP6
1910207755;6510040670;;ZB Leiterplatte Standanz. Obert. MA1.4;AE;SP6
1910207756;6510041670;;ZB Leiterplatte P4 Netzgeraet;GE;SP2
1910207757;6510042670;;ZB Leiterpl.SA.Ob.MA1.2 li,re;GE;SP3
1910047289;6510043670;;ZB Leiterplatte MD Dig Sollwertgeb. 1,6;GE;SP1
1910047545;6510044670;;ZB Leiterplatte ME Notstromplatte;GE;SP1
1910207758;6510044680;;ZB Leiterplatte MA1.7 Standanzeige;GE;SP1
1910207759;6510045670;;ZB Leiterplatte Standanz. Obert. MA1.5;EU;SP5
1910363511;6510046672;;ZB Leiterplatte MA1.5 Typ X-X;GE;SP1
1910364987;6510047670;;ZB Leiterplatte Standanz. MA1.6 Obert.;EU;SP5
1910364988;6510049672;;ZB Leiterplatte MA1.6 Typ X-X;EU;SP5
1910364989;6510052660;;ZB Leiterplatte Gruppenplatte;EU;SP5
1910209254;6510052680;;ZB Leiterplatte MS2-KOMP Stockwerksmodul;GE;SP1
1910364990;6510053660;;ZB Leiterplatte R3 Relaisplatte;EU;SP5
1910365959;6510056670;6510056670_L;ZB Leiterplatte MDC Dekoderplatte;GE;SP1
1910207766;6510056680;;ZB Eprom Satz E60/2 TCM;GE;SP3
1910363512;6510057670;;ZB Leiterplatte MG1 Gruppenauftrenn.;GE;SP1
1910364992;6510061660;;ZB Leiterplatte R7 Relaisplatte;EU;SP5
1910209026;6510061680;6510061680_L;ZB Eprom Satz MZ1;GE;SP3
1910363515;6510063680;;ZB Leiterplatte MS Stockwerkmodul;EU;SP5
1910209255;6510064680;;ZB Leiterplatte MNH Stromversorgung;GE;SP1
1910047711;6510066680;;ZB Leiterplatte MF4 Fahrkorbmodul 2,54;GE;SP1
1910363520;6510067670;;ZB Leiterplatte MZ Zentralplatte;GE;SP1
1910207769;6510067680;;ZB Leiterplatte MF4 Fahrkorbmodul 3,96;GE;SP1
1910364994;6510070670;;ZB Leiterplatte MVH Rueckwandplatte;GE;SP1
1910209256;6510073680;;ZB Leiterplatte MA1.1 Standanz. Grundpos;GE;SP1
1910207770;6510074670;;ZB Leiterplatte MV Rueckwandplatte;GE;SP1
1910364995;6510074680;;ZB Leiterplatte BT Bedientableau;GE;SP1
1910207771;6510075680;;ZB Leiterplatte MD1 Dig. Sollwertgeber;GE;SP1
1910047709;6510079680;;ZB Leiterplatte MV6 Rueckwandplatte;GE;SP1
1910364996;6510080660;;ZB Leiterplatte Input IP;EU;SP5
1910364997;6510081660;;ZB Leiterplatte OP Output;EU;SP5
1910047692;6510081680;;ZB Leiterplatte MQ1 Relais u. Abfrage;GE;SP1
1910209162;6510082680;6510082680_L;ZB Leiterplatte MM;GE;SP1
1910369131;6510085680;6510085680_L;ZB Leiterplatte MH1 Netzgeraet 5V/12V;GE;SP1
1910364999;6510088670;;ZB Leiterplatte MFK1 Fahrkorbmodul;EU;SP5
1910365000;6510089660;;ZB Leiterplatte SF Sonderfahrt;EU;SP5
1910365001;6510091660;;ZB Leiterplatte Gruppenpl.  G2;EU;SP5
1910207774;6510091680;;ZB Leiterplatte FA1;GE;SP1
1910209257;6510093680;;ZB Leiterplatte MS2-KOMP 24V Stockw.Mod.;GE;SP1
1910365002;6510096670;;ZB Adapterplatte TC/ TCI;EU;SP5
1910365003;6510098670;;ZB Leiterplatte MVF Rueckwandplatte;EU;SP5
1910047707;6510098680;;ZB Leiterplatte MZ1 Zentralplatte Gruppe;GE;SP1
1910364149;6510101140;;Abdeckmaske MA1.3;GE;SP1
1910364151;6510102140;;Abdeckmaske 66x56 MA1.2;GE;SP1
1910364153;6510104140;;Abdeckmaske Pfeil;GE;SP2
1910365801;6510110140;;Abdeckmaske Standanzeige MA9;EU;SP5
1910365007;6510656760;;Leiterplatte BT;EU;SP5
1910117774;65190007497;65190007497_L;ZB Leiterplatte SR2 Sicherheitsschaltung;GE;SP1
1910047799;65190007502;65190007502_L;ZB Leiterplatte RFS2 Flache Schachtgrube;GE;SP1
1910364595;65190008195;;ZB Leiterplatte MSM2 Sondertexte;GE;SP2
1910365009;65190009202;;ZB Leiterplatte TF2 Telefonkarte;GE;SP1
1910209273;65190009206;65190009206_L;ZB Leiterplatte RFS 2 Synergy;GE;SP1
1910208283;65190009207;;ZB Leiterplatte MSM2 Sprache Synergy deu;GE;SP1
1910207777;6519009660;;ZB Leiterplatte TF Telefonplatte;GE;SP1
1910365010;6519011660;;ZB Leiterplatte Feuerwehrschaltung;GE;SP2
1910365011;6519013660;;ZB Leiterplatte NA Anlaufverriegelung;EU;SP5
1910363522;6519015662;;ZB Tuersteuerung MT mit Zubehoer;GE;SP1
1910207779;6519031010;;ZB Leiterplatte Selektive Türsteuerung;GE;SP2
1910207780;6519031660;;ZB Leiterplatte TF1 Telefonkarte;GE;SP1
1910209258;6519041010;;ZB Geschwindigkeit Wächter GWA1;GE;SP1
1910369133;6519043010;6519043010_L;ZB Bremsueberwachungsmodul TCI;GE;SP1
1910369136;65200000003;;ZB Zentraleinheit CP RS232/CAN/DI/DO B&R;GE;SP2
1910369137;65200000004;;ZB Zentraleinheit SafeLogic SI/SO B&R;GE;SP1
1910369145;65200000005;;ZB Hubmodul Powerlink/LWL/SO B&R;GE;SP1
1910365070;65200000006;;ZB Fahrkorbmodul Powerlink/LWL/CAN B&R;GE;SP1
1910364597;65200000007;;ZB Schachtmodul Powerlink/SI B&R;GE;SP2
1910364598;65200000010;;ZB Display Power Panel 10.1 Touch B&R;GE;SP1
1910369147;65200000013;;ZB KVE Fahrkorb-Modul TWIN4;GE;SP2
1910364599;65200000014;;ZB KVE Schachtbox TWIN4;EU;SP5
1910364600;65200000037;;ZB TSD-Box;AE;SP6
1910364602;65200000047;;ZB KVE Schachtbox TWIN4 A17.5;GE;SP2
1910369149;65200000073;65200000073_L;ZB TSD56V-Box A17.5;GE;SP4
1910369148;65200000086;;Aufkleber Feuerwehraufzug;GE;SP1
1910207781;6520002660;;ZB Leiterplatte GAF Zentr. Speicherpl.;GE;SP2
1910564015;6520009660;;ZB Leiterplatte GZ Zentralplatte;AE;SP6
1910363523;6520010660;;ZB Leiterplatte MG Gruppenplatte;GE;SP1
1910208284;65230002902;;ZB Leiterplatte MG3 Zentralplatte Gruppe;GE;SP1
1910369150;65280009203;65280009203_L;AGILE Terminal Ausführung 1;GE;SP1
1910365079;65280009205;;AGILE PoE Schalter;GE;SP2
1910369157;65290004301;65290004301_L;ZB Eprom Satz Gruppe MG3;GE;SP2
1910047698;65290008211;;Eprom Satz CPI Synchron und Asynchron;GE;SP1
1910365081;65290009201;;ZB Software 6MF4 HS;GE;SP2
1910369158;65290009202;65290009202_L;EPROM CPI Synchron;EU;SP5
1910369160;65290009203;65290009203_L;EPROM CPI Asynchron;EU;SP5
1910365074;65290009207;;Link Kabel 9pol;GE;SP1
1910208285;65290009208;;USB-RS232 Kabel;AE;SP6
1910368664;65290009209;;Hardlock USB Memory;GE;SP1
1910564128;65290009210;;CD-Disk;AE;SP6
1910364604;65290009223;;ZB Controller Satz für KMB/RMB;EU;SP5
1910369458;65290009232;;ZB EPROM Leiterplatte RMC3;GE;SP1
1910369168;65290009235;65290009235_L;EPROM programmiert MC3;GE;SP2
1910209028;6529001080;6529001080_L;ZB Software 1MF4 HS;AE;SP6
1910363524;6530443430;;Schwungringnabe D48;EU;SP5
1910564017;6530444430;;Schwungringnabe D55x111;AE;SP6
1910363525;6530481430;;Schwungringnabe SA2 W149B;GE;SP1
8001332264;65310009233;;Motor DTE140S009 16,0 340 00;AE;SP6
8001332268;65310009236;;Motor DTE180S601 18,5 340 00;AE;SP6
8001332278;65310009250;;Motor ML 13.0 400 TW130 00;EU;SP5
8000921073;65310009254;;Motor C 5,2 400 TW45C 01;GE;SP2
8000921074;65310009255;;Motor C 7,0 400 TW45C 01;GE;SP2
8000921201;65310009256;;Motor C 5,2 400 TW63B 01;GE;SP2
8000921202;65310009257;;Motor C 7,0 400 TW63B 01;GE;SP1
8001292803;65310009259;;Motor ML 6,8 400 TW63B 01;EU;SP5
8001292804;65310009260;;Motor ML 13,0 400 TW63B 01;EU;SP5
8001332199;65310009272;;ZB Motor EMOD TW130/160;GE;SP4
8001332280;65310009278;;Motor E 18,5 330 TW130/160 00;EU;SP5
8001332281;65310009279;;Motor E 23,5 330 TW130/160 00;EU;SP5
1910363526;6531014030;;Türmotor F2/1;EU;SP5
1910363527;6531060020;;ZB Flanschmotor LNLA180LA20G ISO16M ACVV;GE;SP2
1910207782;6531061020;;ZB Getriebemotor;GE;SP1
1910363529;6531062020;;ZB Motor 230/400V 750 U/min;GE;SP2
1910207783;6531083010;;ZB Motor SU05-M1B8;AE;SP6
1910363530;6531091010;;ZB Flanschmotor 10kW FV AC2;EU;SP5
1910363532;6531098030;;Schneckengetriebe S11KM;EU;SP5
1910365062;65320006105;;Netzfilter für Türantriebe F5 und F2/1;EU;SP5
1910208286;65320009201;;ZB Türmotor F2/1 u.Regelgerät F12;AE;SP6
1910208287;65320009204;;SinusfilterFN530-4/99;GE;SP1
1910363534;6534014010;;Gleichstrommotor;GE;SP1
1910207785;6534015010;;ZB Motor K5;GE;SP1
1910364605;65390000871;;Steuergeraet Lichtgitter Pana40 Plus 3D;EU;SP5
1910208289;65390000877;;Netzteil fuer Lichtgitter Memco 620;GE;SP1
1910208291;65390006004;;Montagefuss fuer Adapter des SR-Modul;EU;SP5
1910207786;6539603670;;Motorschutzgeraet INT69 52A 121;GE;SP1
1910208292;65400000018;;Leuchte Spheera LED warmweiss 3700K;AE;SP6
1910364606;65400000019;;Leuchte Spheera LED kaltweiss 5000K;GE;SP2
1910208293;65400000024;;LED Lampe 12V 3W;GE;SP1
1910208294;65400000026;;ZB LED Lichtleiste doppelt 2x10W;EU;SP5
1910208295;65400000027;;ZB LED Lichtleiste einzeln 1x10W;EU;SP5
1910208296;65400000028;;ZB Verbindungsleitung 200 mm;GE;SP1
1910208297;65400000029;;ZB Verbindungsleitung 330 mm;GE;SP2
1910365067;65400000030;;ZB Verbindungsleitung 660 mm;GE;SP2
1910208298;65400000031;;ZB Verbindungsleitung 1000 mm;GE;SP1
1910208299;65400000032;;ZB Anschlussleitung 5000 mm;GE;SP1
1910208300;65400000033;;3LED Spot;GE;SP1
1910364607;65400000034;;Halogen Spot;GE;SP1
1910207787;6540001670;;ZB Leiterplatte MH Hilfsstromquelle;GE;SP1
1910207788;6540002670;;ZB Leiterplatte Hilfsstromquelle MH;GE;SP1
1910363543;6540004660;;ZB Temperatur Ueberwachung DAF;EU;SP5
1910365768;65410002779;;Netzgeraet 400V 3Ph 24VDC 4A;GE;SP1
1910046648;65410003700;;ZB Netzgeraet MN9 24V/10A;GE;SP1
1910365767;65410004590;;Netzteil 230V/40V 1ph DC 100VA;GE;SP1
1910364609;65410009201;;Trafo 1PH 400V/230V ohne N;GE;SP2
1910364610;65410009202;;Trafo 1PH 90-264V /12V 60VA;GE;SP1
1910364612;65410009203;;Trafo 1PH 110-240V /50V 50VA;GE;SP1
1910364613;65410009205;;Ladestrombegrenzung MN6;GE;SP1
1910561462;65410009208;;Spannversorgung MN6 24V/6,5A 180/105V,4A;GE;SP1
1910561463;65410009209;;Spannversorgung MN7 24V/6,5A;GE;SP1
1910364177;6541006670;;Ansteueruebertrager 800V 4KV;EU;SP5
1910363546;6541007670;;Stromwandler LA255-S;GE;SP1
1910207789;6541022010;;Trafo 1Ph Setb.200;GE;SP2
1910207790;6541026010;;ZB Netzteil einphasig Sonderausfuehrung;GE;SP1
1910365078;6541032010;;Netzgeraet einphasig Sonderausfuehrung;GE;SP1
1910363548;6541034010;;Trafo 3Ph 140VA;GE;SP2
1910363549;6541036010;;Trafo 3Ph 320VA;GE;SP2
1910207791;6541040010;;Trafo 1PH 240V/12V 75-150VA elektronisch;GE;SP1
1910207792;6541055010;;Netzteil 230VAC 24VDC;GE;SP1
1910047714;6541062010;;Netzgeraet 400V/ 24VDC/ 10A;GE;SP1
1910364179;6541063010;;Netzgeraet RDRKS 30K 3ph /24VDC 30A;EU;SP5
1910047813;6541064010;;Netzgeraet  MN7  24V/6A;EU;SP5
1910365082;6545033660;;ZB Leiterplatte f.Lichtschr. m.Fotothyr.;EU;SP5
1910364180;6545046660;;Türsteuergerät TSG 40;EU;SP5
1910364182;6545047660;;Türsteuergerät TSG 24;EU;SP5
1910365085;6545612750;;Leiterplatte REL;EU;SP5
1910207796;6550030010;;ZB Tuerinspektion;GE;SP1
1910369175;6550038010;6550038010_L;ZB Grenztaster mit EL.RST;EU;SP5
1910363551;6550040010;;Positionsschalter Ex 13 PH-V-180°;GE;SP2
1910207797;6550101980;;Halteblech 153x57x2;AE;SP6
1910365088;6550406420;;Ablaufring 29x10,5;GE;SP1
1910363552;6550906980;;Mitnehmer 45x15x0,8;EU;SP5
1910207798;6551001180;;ZB Kontaktbuegel;GE;SP2
1910207799;6551005050;;ZB Deckel Plexiglas;GE;SP3
1910363554;6551011600;;ZB Kontaktelement R;GE;SP1
1910363559;6551012600;;ZB Kontaktelement links;GE;SP3
1910365089;6551014400;;ZB Rollenhebel Typ 6551/3;GE;SP2
1910207800;6551018010;;ZB S2D-Riegel R;EU;SP5
1910207801;6551019010;;ZB S2D Riegel L;AE;SP6
1910363562;6551020010;;ZB Riegel S2D Ex R;EU;SP5
1910207802;6551021010;;ZB Riegel S2D Ex L;EU;SP5
1910207803;6551022010;;ZB Riegel S2D IP65 R;EU;SP5
1910363563;6551023010;;ZB Riegel S2D IP65 L;GE;SP3
1910365091;6551100050;;Deckel Plexiglas 137x113x2;EU;SP5
1910207804;6551302500;;Rollenbuchse 8,1x22x17,5;GE;SP1
1910363564;6551308300;;Hebelwelle EX fuer S2D-Riegel;GE;SP2
1910363565;6551401940;;Tellerfeder 20x10x0,80;EU;SP5
1910364181;6551901950;;Dichtung fuer E-Raum des S2D-Riegel EX;GE;SP1
1910208301;65520000678;;ZB Halteblech;AE;SP6
1910365103;65520009203;;Reflexions-Lichtschranke PRK 92 Ex;GE;SP2
1910207805;6552006010;;Notbremsschalter rot;GE;SP1
1910207806;6552008010;;Kippschalter schwarz Typ 6552/3 KA;GE;SP2
1910363568;6552048670;;Sendeleiste Stecker weiss;GE;SP2
1910363570;6552049670;;Empfaengerlichtleiste Stecker blau;GE;SP2
1910207807;6552052670;;Lichtgitter Pana 194 Plus Send. 194-str.;GE;SP1
1910207808;6552053670;;Lichtgitter Pana 194 Plus Empf. 194-str.;GE;SP1
1910363571;6552054670;;Steuergeraet Pana 194 Plus 194-str.;EU;SP5
1910207809;6552055670;;Netzteil PS1;EU;SP5
1910363572;6552078010;;Lichtschranke RK18/2-G;GE;SP2
1910207810;6552079010;;Lichtschranke RLK 91-6;GE;SP1
1910007397;6552087010;;ZB Gabellichtschranke Anschluss 5m;GE;SP1
1910207811;6552089010;;Trennschaltgeraet;GE;SP2
1910363585;6552091010;;Drehimpulsgeber Dig Set 2x64 Imp.2mm;GE;SP1
1910207812;6552092010;;Drehimpulsgeber Dig Set 2x64 Imp.6mm;GE;SP1
1910207813;6552903580;;Reflektor M31x46;GE;SP1
1910207814;6552904580;;Reflektor 40x180;GE;SP1
1910207815;6552906580;;Reflektor Nr.102;GE;SP1
1910207816;6552907580;;Reflektor TK30x50;GE;SP1
1910208302;65540006561;;ZB Schalter TKSB Ersatz;GE;SP4
1910364185;6554008010;;Türkontakt 6554/8 TK2/8;AE;SP6
1910364186;6554009010;;ZB Türkontakt TK3;EU;SP5
1910365104;6554025010;;Kontaktbruecke 6554 TK2;EU;SP5
1910207817;6554026010;;ZB Kontaktbruecke TMS;EU;SP5
1000105015;6554031010;batch4;ZB Schalter mit Bruecke;GE;SP1
1910365098;6554032010;;ZB Bruecke;GE;SP1
1910363587;6554033010;;ZB Schalter ohne Bruecke;GE;SP1
1910364188;6554034010;;ZB Tuerschalter WZ-B;GE;SP2
1910207818;6554036010;;ZB Riegelschalter;AE;SP6
1910363588;6554037010;;ZB Schalter;GE;SP1
1910564129;6554901930;;Klemmscheibe M4;AE;SP6
1910208303;65560009201;;Riegel S1D rechts;GE;SP1
1910208304;65560009202;;Riegel S1D links;GE;SP1
1910207819;6556003010;;ZB S1D Riegel 6556/K-L;AE;SP6
1910207820;6556004010;;ZB S1D Riegel 556 K-R;AE;SP6
1910207821;6556008400;;ZB Rollenhebel;AE;SP6
1910207822;6556011400;;Notentriegelungsschl. S1D-Riegel Exz.;GE;SP1
1910363602;6556040010;;S1D Riegel L quer;AE;SP6
1910207823;6556041010;;S1D-Riegel 6556/2 SA 1 R;GE;SP2
1910363603;6556044010;;S1D Riegel 6556/2 SA 2K-L;EU;SP5
1910363605;6556045010;;ZB S1D Riegel R;EU;SP5
1910364202;6556101050;;Deckel für S1D Riegel Gehäuse;EU;SP5
1910207824;6556901580;;Schiebefenster fuer ZB S1D Riegel;AE;SP6
1910207825;6556902580;;Steckfenster;AE;SP6
1910365096;65570009202;;Naeherungsschalter induktiv 3Draht GW15;GE;SP1
1910365099;65570009203;;Naeherungsschalter induktiv 2Draht GW15;GE;SP1
1910207827;6557002700;;ZB Schaltmagnet Typ8091/2;AE;SP6
1910207828;6557003700;;"""ZB SchaltmagnetTyp 8091/3
""";GE;SP1
1910047238;6557005010;;Magnetschalter bistabil 2-polig 3,5m;GE;SP1
1910207830;6557007010;;ZB Magnetschalter 1W Leitung 1,5m;GE;SP1
1910209164;6557018010;;Magnetschalter bistabil 2-polig 8m;GE;SP1
1910207831;6557019010;;Magnetschalter Typ 98 Kabellaenge 0,3m;GE;SP1
1910207832;6557020010;;Magnetschalter 8055/18;GE;SP1
1910209165;6557025010;;Magnetschalter 1S Gabelweite 20;GE;SP1
1910207834;6557029010;;Infrarot Sensor 12-24V AC 14-30V DC 60mA;GE;SP1
1910363612;6557031010;;Auswertegeraet;AE;SP6
1910047713;6557032010;;Wegsensor induktiv analog 9V;GE;SP1
1910207835;6557034010;;ZB Schaltverstaerker;GE;SP1
1910207836;6557035010;;Magnetschalter 1W Gabelweite 20;GE;SP1
1910207837;6557036010;;Magnetschalter 1W Gabelweite 15;GE;SP1
1910195444;6557037010;;ZB Trennschaltverstaerker KFD2-SR-Ex2;GE;SP4
1910207838;6557038010;;Wegsensor induktiv;GE;SP1
1910208305;65600001175;;ZB Leiterplatte 136mm Doppelpf. MA10 rot;GE;SP1
1910208306;65600002982;;Kappe V2A Symbol Tür auf;GE;SP4
1910365108;65600003744;;Senkschraube M4x25 ISK;GE;SP1
1910365109;65600004522;;ZB Leiterplatte MGT ohne Streuscheiben;AE;SP6
1910369179;65600007346;;ZB Leiterplatte Doppelpf. MA10 gn 136mm;AE;SP6
1910147690;65600007768;;ZB Leiterplatte MKA;GE;SP1
1910364618;65600009209;;Zielwahl 10er-Tastatur Frontplatte eckig;GE;SP2
1910364619;65600009210;;Zielwahl 10er-Tastatur Saeule;GE;SP2
1910364620;65600009211;;Zielwahl Elektroniksatz eckig;GE;SP2
1910364622;65600009212;;Zielwahl Elektroniksatz Saeule;GE;SP2
1910364623;65600009217;;ZB Zielwahl 10er-Tastatur Mauerk.;GE;SP2
1910364625;65600009225;;Zielwahl Elektroniksatz Saeule ohne Kab.;GE;SP2
1910365117;65600009240;;Taster MT42 t/b;EU;SP5
1910365119;65600009253;;ZB Taster RT42 Sammelbestell. Graviert;GE;SP2
1910364626;65600009255;;ZB Anzeige RA42 Notruf Hoeren/Sprechen;GE;SP2
1910365121;65600009256;;ZB Taster RT42 Tür Auf graviert;GE;SP2
1910365122;65600009257;;ZB Taster RT42 Tür Zu graviert;GE;SP2
1910365123;65600009258;;ZB Taster RT42 Alarm graviert;GE;SP2
1910364627;65600009263;;Ring RT42 gruen 7mm Aluminium;GE;SP2
1910365125;65600009270;;ZB Blindelement RT42;EU;SP5
1910364630;65600009271;;"Anzeigeelement ""KEIN ZUTRITT"" VD42";GE;SP1
1910365126;65600009283;;ZB Taster RT42 RT Sammelbestell. geprägt;GE;SP2
1910365127;65600009285;;ZB Taster RT42 RT Tür Zu geprägt;GE;SP2
1910365128;65600009286;;ZB Taster RT42 RT Tür Auf geprägt;GE;SP2
1910365129;65600009289;;ZB Taster RT42 RT Pfeil Auf geprägt;GE;SP2
1910365130;65600009290;;ZB Taster RT42 RT Pfeil Auf/Ab geprägt;GE;SP2
1910365131;65600009293;;ZB Taster RT42 RT geprägt Ventilator;GE;SP2
1910365132;65600009294;;ZB Taster RT42 bl geprägt Sammelbestell.;GE;SP2
1910365133;65600009297;;ZB Taster RT42 bl geprägt Ventilator;GE;SP2
1910365134;65600009298;;ZB Taster RT42 bl geprägt Pfeil Auf;GE;SP1
1910365135;65600009299;;ZB Taster RT42 bl geprägt Pfeil Auf/ Ab;GE;SP2
1910365136;65600009300;;ZB Taster RT42WG RT gep. Sammelbestell.;GE;SP2
1910364633;65600009301;;ZB Anzeige RA42WG Notruf Hoeren/Sprechen;GE;SP2
1910365138;65600009302;;ZB Taster RT42WG RT geprägt Tür Auf;GE;SP2
1910365139;65600009303;;ZB Taster RT42WG RT geprägt Tür Zu;GE;SP1
1910365140;65600009304;;ZB Taster RT42WG gelb geprägt Alarm;GE;SP2
1910365141;65600009305;;ZB Taster RT42WG RT geprägt Ventilator;GE;SP2
1910365142;65600009306;;ZB Blindelement RT42WG;GE;SP2
1910365143;65600009308;;ZB Taster RT42WG RT geprägt Pfeil Auf/Ab;GE;SP1
1910365144;65600009309;;ZB Taster RT42WG RT geprägt Pfeil Auf;GE;SP1
1910365145;65600009310;;ZB Taster RT42WG bl gep Sammelbestellung;GE;SP2
1910365146;65600009311;;ZB Taster RT42WG bl geprägt Tür Auf;GE;SP2
1910365147;65600009312;;ZB Taster RT42WG bl geprägt Tür Zu;GE;SP2
1910365148;65600009314;;ZB Taster RT42WG bl geprägt Pfeil Auf/Ab;GE;SP2
1910365149;65600009315;;ZB Taster RT42WG bl geprägt Pfeil Auf;GE;SP1
1910364634;65600009316;;ZB Anzeige RA42 Überlast;GE;SP2
1910365106;65600009319;;MT42 Taster Taktil/Braile;GE;SP2
1910364636;65600009359;;Klapprosette für Profilzylinder IP43;GE;SP2
1910365153;65600009362;;ZB Taster RT42 BL WG TAK+BRA SAMMELBEST.;EU;SP5
1910364637;65600009368;65600009368_L;Display Standanzeige 5,7 Zoll Farbe unpr;GE;SP1
1910369180;65600009368-01;;Display Standanzeige 5,7 Zoll Farbe prog;ES;SP2
1910369181;65600009369-01;;Display Standanzeige 5,7 Zoll Farbe E16;ES;SP2
1910366743;65600009370;65600009370_L;Display DSC Touch 5,7 Zoll Farbe unprog.;GE;SP1
1910369182;65600009370-01;;Display DSC Touch 5,7 Zoll Farbe prog.;GE;SP2
1910564130;65600009371_L;;Display DSC Touch 5,7 Zoll Farbe E16;GE;SP1
1910369183;65600009371-01;;Display DSC Touch 5,7 Zoll Farbe E16;GE;SP4
1910364639;65600009372;65600009372_L;Display Standanzeige 10,4 Zoll Farbe unp;GE;SP1
1910369184;65600009372-01;;Display Standanzeige 10,4 Zoll Farbe pro;GE;SP2
1910564131;65600009373_L;;Display Standanzeige 10,4 Zoll Farbe E16;GE;SP1
1910369186;65600009374;65600009374_L;Display DSC Touch 10,4 Zoll Farbe unprog;GE;SP1
1910369187;65600009374-01;;Display DSC Touch 10,4 Zoll Farbe prog.;GE;SP2
1910369188;65600009375-01;;Display DSC Touch 10,4 Zoll Farbe E16;GE;SP4
1910364640;65600009376;65600009376_L;Display Standanzeige 15,0 Zoll Farbe unp;GE;SP1
1910369189;65600009376-01;;Display Standanzeige 15,0 Zoll Farbe pro;GE;SP2
1910564132;65600009377_L;;Display Standanzeige 15,0 Zoll Farbe E16;GE;SP1
1910369190;65600009377-01;;Display Standanzeige 15,0 Zoll Farbe E16;GE;SP2
1910364641;65600009378;65600009378_L;Display DSC Touch 15,0 Zoll Farbe unprog;GE;SP1
1910369191;65600009378-01;;Display DSC Touch 15,0 Zoll Farbe prog.;;SP4
1910369192;65600009379-01;;Display DSC Touch 15,0 Zoll Farbe E16;GE;SP2
1910365166;65600009396;;Taster RT42wg flach blau takt Rollstuhl;GE;SP2
1910365167;65600009397;;Taster RT42wg flach ohne Beschriftung;GE;SP2
1910365168;65600009398;;Taster RT42wg flach blau taktil Kommi;GE;SP2
1910365169;65600009399;;Taster RT42wg flach blau tak+brail Kommi;GE;SP2
1910364644;65600009400;;Anzeige RA42wg flach weiß Notlicht 12V;GE;SP2
1910364655;65600009401;;Anzeige RA42wg flach ge/gn Notrufanzeige;GE;SP2
1910364656;65600009402;;Anzeige RA42wg flach FW-Helm Belgien;EU;SP5
1910364658;65600009403;;Anzeige RA42wg flach kein Zutritt 24V;GE;SP2
1910364659;65600009408;;Schluesseltaster RT42wg RAFI rot fl. Gr.;GE;SP2
1910364660;65600009413;;Schluesselblende RT42wg ohne LED-Bohrung;GE;SP1
1910364661;65600009414;;Schluesselblende RT42wg mit LED-Bohrung;GE;SP1
1910369193;65600009415;65600009415_L;ZB Schluesselblende RT42wg mit LED;GE;SP4
1910364671;65600009418;;ZB Schluesselblende RT42wg mit LED 1.1;GE;SP2
1910365177;65600009426;;Ring RT42 gruen 6mm Kunststoff;GE;SP2
1910369194;65600009433-01;;Display Touch 10,4 Farbe prog.;EU;SP5
1910364675;65600009451;;ZB Gong mit Gehaeuse auf FK;GE;SP2
1910365766;65600009462;;ZB Summer Rufquittierung EN81-70 ext;GE;SP1
1910364676;65600009479;;"Display Touch Weiß/Chrom 7""";GE;SP1
1910364677;65600009480;;"Display Touch Weiß/Chrom 12""";GE;SP1
1910364679;65600009483;;"Display Touch schwarz 12"" o. Kamera";GE;SP1
1910364683;65600009484;;"Display Touch weiß/chrom 7"" o. Kamera";AE;SP6
1910564018;65600009485;;"Display Touch weiß/chrom 12"" o. Kamera";AE;SP6
1910563986;6560001140;;Schutzglas 53x70 rot Schieber <=Bl.2,5;AE;SP6
1910363614;6560002010;;ZB Signalleuchte Ex Glasklar;GE;SP1
1910207839;6560002700;;Summer 12/24V Piezo Aufbau;GE;SP1
1910365190;6560005010;;ZB Tuer-Auf-Taster MT42;EU;SP5
1910207840;6560005140;;Schutzglas 67x50 gruen fuer Schieber;EU;SP5
1910363615;6560005700;;Summer 12/24V Piezo d=21mm p=17,5mm;GE;SP2
1910207841;6560006700;;Gong 12-24V UC;EU;SP5
1910207842;6560008700;;ZB Sprechstelle FKD;GE;SP1
1910365195;6560010010;;ZB Tuer-Zu-Taster MT42;EU;SP5
1910365196;6560015010;;ZB Ventilatortaster MT42;EU;SP5
1910365197;6560020010;;ZB Taster MT42;GE;SP2
1910364199;6560039010;;Nothaltschalter MK 42 rot;GE;SP2
1910365198;6560056010;;ZB Auf-Taster MT42;EU;SP5
1910365199;6560061010;;ZB Ab-Taster MT42;EU;SP5
1910365200;6560066010;;ZB auf/ab Taster MT42;EU;SP5
1910365201;65610009215;;Taster Kronenberg XLQW 24V Bez.-1;EU;SP5
1910365202;65610009216;;Taster Kronenberg XLQW 24V Bez.0;GE;SP1
1910365203;65610009217;;Taster Kronenberg XLQW 24V Bez.1;GE;SP1
1910365204;65610009221;;Taster Kronenberg XLQW 24V Bez.E;EU;SP5
1910365205;65610009225;;Taster Kronenberg XLQW 24V Bez.O;GE;SP2
1910365206;65610009226;;Taster Kronenberg XLQW 24V Bez.U;EU;SP5
1910208310;65610009227;;Alarmtaster Kronenberg XLQW 12V;GE;SP1
1910208311;65610009228;;Taster Kronenberg XLQW 24V Pfeil Auf;GE;SP1
1910208312;65610009229;;Taster Kronenberg XLQW 24V Pfeil AB;GE;SP2
1910208313;65610009230;;Taster Kronenberg XLQW 24V TürAuf;GE;SP1
1910365207;65610009231;;Taster Kronenberg XLQW 24V TürZu;GE;SP1
1910208314;65610009232;;Taster Schäfer B50R XL 30V Bez.-1;AE;SP6
1910208315;65610009233;;Taster Schäfer B50R XL 30V Bez.0;GE;SP1
1910208316;65610009234;;Taster Schäfer B50R XL 30V Bez.1;GE;SP1
1910365208;65610009240;;Taster Schäfer B50R XL 30V Bez.E;EU;SP5
1910208317;65610009242;;Taster Schäfer B50R XL 30V Bez.O;EU;SP5
1910208318;65610009244;;Alarmtaster Schäfer B50R XL 12V;GE;SP1
1910208319;65610009245;;Taster Schäfer B50R XL 30V TürAuf;GE;SP1
1910208320;65610009246;;Taster Schäfer B50R XL 30V Pfeil AB;GE;SP2
1910208321;65610009247;;Taster Schäfer B50R XL 30V Pfeil Auf;AE;SP6
1910208322;65610009248;;Taster Schäfer B50R XL 30V TürZu;AE;SP6
1910208323;65610009249;;Schlüsselschalter Kronenberg rund HJK13;GE;SP2
1910208324;65610009250;;Schlüsselschalter Schäfer rund HJK13;GE;SP1
1910364684;65610009251;;Beleuchtungsfeld 24V Telefon Kronenberg;EU;SP5
1910364686;65610009252;;Beleuchtungsfeld 24V Sprechen Kronenberg;EU;SP5
1910364695;65610009253;;Beleuchtungsfeld 24V Telefon Schäfer;GE;SP1
1910364700;65610009254;;Beleuchtungsfeld 24V Sprechen Schäfer;GE;SP1
1910207843;6561006010;;Druckknopftaster 6561KR Ex;EU;SP5
1910363616;6561013010;;ZB Signalleuchte 6561 LG rot;EU;SP5
1910364201;6561032010;;Kippschalter 561/UR;GE;SP2
1910363617;6561901590;;Schlosszylinder SA;EU;SP5
1910365174;65620009202;;Schild Feuerwehr 20x20;EU;SP5
1910365214;6562021610;;ZB Knopf Vandalensicher grün;AE;SP6
1910365215;6562022610;;ZB Knopf rot;EU;SP5
1910363618;6562025600;;ZB Schlüsselumschalter;EU;SP5
1910363619;6562078600;;ZB Leuchtknopf;EU;SP5
1910365218;6562099600;;ZB Knopf glasklar Vandalensicher;GE;SP1
1910369054;6562506043;;Druckknopf neutral;GE;SP2
1910364206;6562890070;;Hutmanschette H34-3;AE;SP6
1910363620;6562890071;;Hutmanschette H40-11;EU;SP5
1910364224;6562890072;;Hutmanschette H50-2;AE;SP6
1910363621;6562901120;;Blende;EU;SP5
1910365230;6562901940;;Blattfeder 20x5,4x0,2;EU;SP5
1910207845;6562902160;;Schliesszylinder 6562/SU;EU;SP5
1910363622;6562907580;;Lichtfeld farblos transparent;EU;SP5
1910363623;6562908580;;Lichtfeld rot;AE;SP6
1910363624;6562912510;;Endstueck 20x14,4;EU;SP5
1910369060;6562916580;;Kappe glasklar;GE;SP2
1910369061;6562918510;;Huelse D17,7xD16,35x17,2;GE;SP2
1910363625;6562919850;;Rosette D25xd17,5x7;GE;SP1
1910364215;6563413251;;O Ring 124-3;AE;SP6
1910365232;65640009212;;ZB Tasterplatte MT42 sonder;GE;SP2
1910364702;65640009230;;Profilhalbzylinder T40mm Schliessung C;GE;SP2
1910364704;65640009231;;Profilhalbzylinder T40mm Schliessung D;GE;SP2
1910365186;65660009211;;ZB Außenknopfkasten LINK Feuer France;GE;SP2
1910365187;65660009212;;ZB Außenknopfkasten LINK Feuer Belgium;GE;SP1
1910365188;65660009215;;Tastplatte Behindertensymbol Link;GE;SP2
1910364705;65660009218;;ZB AKK Link Pfeil Auf blau;GE;SP1
1910364706;65660009219;;ZB AKK Link Pfeil ab blau;GE;SP2
1910364709;65660009224;;ZB AKK Link Pfeil auf+Pfeil ab blau;GE;SP2
1910364711;65660009229;;Gehaeuse Link feuerfest Schachtvorderw.;EU;SP5
1910364712;65660009328;;ZB AKK Step C Pfeil ab 4509;GE;SP5
1910364713;65660009332;;ZB AKK Step C Pfeil auf/ab 4509;EU;SP5
1910365211;65660009482;;ZB AKK Feuerwehr Frankreich;GE;SP1
1910364714;65660009489;;Glasscheibe Feuerwehr Belgien;GE;SP1
1910369198;65660009507;65660009507_L;ZB AKK STEP 4x kein Element MAX;AE;SP6
1910364715;65660009544;;ZB Anzeigekasten-Satz IP20 Zugang;EU;SP5
1910369199;65660009556;65660009556_L;ZB Anzeigekasten 16Seg. blau/weiss oval;AE;SP6
1910364716;65660009563;;Deckplatte 110x280 ov 2BT BF;EU;SP5
1910364717;65660009565;;Deckplatte 110x330 ov 4BT BF;GE;SP2
1910369195;65660009566;;ZB Anzeigekasten 16Seg. blau/weiss Aufp.;EU;SP5
1910364718;65660009612;;Deckplatte Feuerwehr EN81-72 oval;EU;SP5
1910364719;65660009698;;ZB AKK Feuerwehr Frankreich oval;AE;SP6
1910364720;65660009733;;SLIMLOP Step blau 1A-1T auf;AE;SP6
1910364721;65660009749;;Halteblech TK-Logo 60 AKK;GE;SP1
1910369200;65660009765;65660009765_L;ZB Anzeigekasten 16Seg.S ov bl/ws 4301;AE;SP6
1910364725;65660009777;;ZB SLIMLOP Step blau 1A-1T auf 1Family;AE;SP6
1910208325;65660009778;;ZB SLIMLOP Step blau 1A-1T ab 1Family;EU;SP5
1910364726;65660009779;;ZB SLIMLOP Step blau 1T auf 1Family;GE;SP1
1910208326;65660009780;;ZB SLIMLOP Step blau 1T ab 1Family;EU;SP5
1910364727;65660009781;;ZB SlimLOP ohne Anzeige ohne Taster;GE;SP1
1910364729;65660009826;65660009826_L;ZB SlimLIOP blau STEP auf+ab;AE;SP6
1910364733;65660009827;;ZB SlimLIOP blau STEP auf/ab;GE;SP1
1910369201;65660009828;65660009828_L;ZB SlimLIOP blau STEP auf;GE;SP1
1910369064;65660009829;65660009829_L;ZB SlimLIOP blau STEP ab;GE;SP1
1910369065;65660009830;65660009830_L;ZB SlimLIOP blau STEP auf+ab+S;GE;SP1
1910369066;65660009831;65660009831_L;ZB SlimLIOP blau STEP auf/ab+S;GE;SP1
1910369202;65660009832;65660009832_L;ZB SlimLIOP blau STEP auf+S;AE;SP6
1910364735;65660009833;;ZB SlimLIOP blau STEP ab+S;GE;SP1
1910364736;65660009835;;ZB SlimLIOP blau BLUETON auf/ab;AE;SP6
1910364741;65660009836;;ZB SlimLIOP blau BLUETON auf;GE;SP1
1910369203;65660009842;65660009842_L;ZB SlimLIOP schwarz STEP auf+ab;AE;SP6
1910369067;65660009843;65660009843_L;ZB SlimLIOP schwarz STEP auf/ab;GE;SP1
1910369068;65660009844;65660009844_L;ZB SlimLIOP schwarz STEP auf;GE;SP1
1910369069;65660009845;65660009845_L;ZB SlimLIOP schwarz STEP ab;AE;SP6
1910369204;65660009846;65660009846_L;ZB SlimLIOP schwarz STEP auf+ab+S;GE;SP1
1910369205;65660009847;65660009847_L;ZB SlimLIOP schwarz STEP auf/ab+S;GE;SP1
1910369070;65660009848;65660009848_L;ZB SlimLIOP schwarz STEP auf+S;GE;SP2
1910364742;65660009851;;ZB SlimLIOP schwarz BLUETON auf/ab;EU;SP5
1910364743;65660009852;;ZB SlimLIOP schwarz BLUETON auf;GE;SP2
1910369071;65660009858;65660009858_L;ZB SlimLOP STEP auf+ab;GE;SP1
1910369072;65660009859;65660009859_L;ZB SlimLOP STEP auf/ab;GE;SP1
1910369073;65660009860;65660009860_L;ZB SlimLOP STEP auf;AE;SP6
1910369074;65660009861;65660009861_L;ZB SlimLOP STEP ab;AE;SP6
1910369076;65660009862;65660009862_L;ZB SlimLOP STEP auf+ab+S;GE;SP1
1910369077;65660009863;65660009863_L;ZB SlimLOP STEP auf/ab+S;GE;SP1
1910563987;65660009864;65660009864_L;ZB SlimLOP STEP auf+S;GE;SP1
1910364746;65660009865;;ZB SlimLOP STEP ab+S;EU;SP5
1910369196;65660009866;;ZB SlimLOP BLUETON auf+ab;GE;SP1
1910365257;65660009901;;ZB AKK LOP51;GE;SP2
1910364748;65660009905;;ZB Anzeige LIP50;GE;SP2
1910369197;65660010006;;ZB Deckplatte AKK VAR gesamt;EU;SP5
1910363626;6566129063;;Deckplatte 1 Knopf-Beschr. Aufzug 190x35;AE;SP6
1910364216;6566690035;;V Ring V80;GE;SP1
1910365765;65670002049;;Schutzglas 60x60 R3 rot buendig;GE;SP2
1910364750;65670002051;;Schutzglas 120x60 R3 rot buendig;GE;SP1
1910364751;65670002053;;Schutzglas 180x60 R3 rot buendig;GE;SP1
1910364752;65670002054;;Traegerblech MA7 waagrecht;GE;SP1
1910364753;65670002055;;Traegerblech MA3 waagrecht;EU;SP5
1910364754;65670002056;;Traegerblech MA5 senkrecht;GE;SP1
1910364756;65670002057;;Traegerblech MA10 senkrecht;GE;SP2
1910365764;65670002088;;Traegerblech MA9;GE;SP2
1910365264;65670003021;;Abschirmblech fuer Leuchtpfeil LP4848;EU;SP5
1910364757;65670009202;;Schutzglas glasklar 16Segment;GE;SP1
1910364760;65670009203;;Traegerblech Anzeige 16Segment;GE;SP1
1910364763;65670009227;;"Schutzglas 210x155 f. Christ 10.4""";EU;SP5
1910364764;65670009253;;ZB Anzeigekasten;EU;SP5
1910208327;65670009260;65670009260_L;ZB AZK 16 Segment Symbole 4301;AE;SP3
1910364768;65670009261;;ZB AZK 16 Segment Symbole 4509;AE;SP6
1910364774;65670009262;;Ausserbetriebanzeige Einbahnsymbol;GE;SP2
1910364778;65670009263;;Terminal 5,7 Zoll Schutzglas;GE;SP2
1910364784;65670009264;;Terminal 10,4 Zoll Schutzglas;GE;SP2
1910364788;65670009265;;Terminal 15 Zoll Schutzglas;GE;SP2
1910369208;65670009266;65670009266_L;ZB Anzeigekasten 16Seg.S re bl/ws 4301;AE;SP6
1910364798;65670009269;;ZB AZK 16Seg waagerecht schwarz 4301;AE;SP6
1910369209;65670009270;65670009270_L;ZB AZK 16Seg senkrecht schwarz 4301;AE;SP3
1910369210;65670009272;65670009272_L;ZB SlimLIP waagerecht blau 280x100x26;GE;SP1
1910369078;65670009273;65670009273_L;ZB SlimLIP waagerecht schwarz 280x100x26;AE;SP6
1910369079;65670009274;65670009274_L;ZB SlimLIP senkrecht blau 280x100x26;AE;SP6
1910369211;65670009275;65670009275_L;ZB SlimLIP senkrecht schwarz 280x100x26;GE;SP2
1910369206;65670009315;;Schutzglas Anzeige 7zoll grau;GE;SP1
1910363627;6568000064;;Ausser Betrieb Anzeige;EU;SP5
1910364799;65680001129;;Deckplatte 280x110 W AZ120;EU;SP5
1910209265;65680001290;;Beschriftungselem.I TKE classic;GE;SP3
1910208329;65680001620;;Schlüsselblende C mit roter LED;GE;SP3
1910208330;65680001621;;Schlüsselblende m.Diode Quittung Basic;EU;SP5
1910364800;65680001940;;Gehaeuse 290x78 Aussenknopfkasten;EU;SP5
1910364806;65680002457;;ZB Mikrofonelement STEP B o. Verstaerker;GE;SP2
1910364810;65680004595;;ZB Schlüsseltaster T40mm o.Quittung;GE;SP2
1910369214;65680004596;65680004596_L;ZB Schlüsseltaster T40mm mit Quittung;GE;SP2
1910369215;65680004597;65680004597_L;ZB Schluesselschalter T40mm mit Quittung;GE;SP2
1910208331;65680004692;;Schlüsselblende C rote LED mit Kabel;GE;SP1
1910369216;65680004693;65680004693_L;ZB Schluesselblende mit LED STEP Basic;EU;SP5
1910208332;65680004694;;ZB Schlüsseltaster o.Q. Sch A T40 Basic;EU;SP5
1910208333;65680004695;;ZB Schluesseltaster m.Q. Sch A T40 Basic;EU;SP5
1910208334;65680004696;;ZB Schlüsselschalter m.Q. Sch A T40 Bas;EU;SP5
1910364811;65680004697;;ZB Schlüsseltaster o.Q. Sch B T40 Basic;EU;SP5
1910364812;65680004698;;ZB Schlüsselschalter m.Q. T40 Solid;GE;SP2
1910369217;65680004700;65680004700_L;ZB Schlüsselschalter m.Q. Sch.B T40 Bas;EU;SP5
1910208335;65680004701;;Schluesseltaster o.Q. Sch.A T40 Class;GE;SP3
1910364813;65680004702;;ZB Schlüsseltaster m.Q. T40 Solid;GE;SP2
1910208336;65680004703;;ZB Schlüsseltaster m.Q. Sch.A T40 Class;GE;SP3
1910046388;65680004704;;ZB Schluesselschalter m.Q. Sch.A T40 Cla;GE;SP3
1910369218;65680004705;65680004705_L;ZB Schlüsseltaster o.Q. Sch.B T40 Class;GE;SP3
1910369081;65680004706;65680004706_L;ZB Schluesselschalter m.Q. Sch.B T40 Cla;GE;SP1
1910364816;65680004707;;ZB Schlüsseltaster m.Q. Sch.B,C,D;GE;SP2
1910369219;65680004708;65680004708_L;ZB Bügel Schlüsselschalter T40mm;GE;SP1
1910369220;65680004709;65680004709_L;ZB Bügel Schlüsseltaster T40mm;GE;SP3
1910580485;65680004711;;ZB Leiterplatte STS T40 Schalter Klemme;GE;SP1
1910365353;65680004712;;ZB Leiterplatte STS T40 Taster Stift;GE;SP1
1910365354;65680004713;;ZB Leiterplatte STS T40 Schalter Stift;GE;SP1
1910369221;65680004714;65680004714_L;ZB Schlüsseltaster m.Q. Sch.B T40 Basic;EU;SP5
1910364825;65680005073;;Deckplatte 110x280 S 2SM;EU;SP5
1910364831;65680005203;;ZB Deckplatte 110x280 S 2SM;GE;SP2
1910208337;65680005440;;Tastplatte C Bezeichnung U;GE;SP3
1910369222;65680005978;65680005978_L;ZB Schluesseltaster o.Q. Sch A T40 Klm.;GE;SP3
1910208338;65680005979;;ZB Schluesseltaster m.Q. Sch A T40 Klm.;GE;SP3
1910369223;65680005980;65680005980_L;ZB Schlüsselschalter m.Q. Sch A T40 Klm;GE;SP4
1910364835;65680005981;;ZB Schlüsselschalter m.Q.Sch A T40 Sol.;GE;SP1
1910364836;65680005982;;ZB Schlüsseltaster m.Q. Sch A T40 Solid;GE;SP3
1910208339;65680006079;;Rahmen 4,2mm grün Step;GE;SP1
1910369469;65680006155;65680006155_L;ZB Beschriftungselement 40x40 Feuerwe. C;GE;SP4
1910365294;65680006157;;Beschriftungsschild 31x31 Feuerwehr;GE;SP1
1910365364;65680006186;;ZB Leiterplatte Beleuchtungsfeld gn/ye;GE;SP1
1910369225;65680006251;65680006251_L;ZB Schluesselschalter Dreikant 8mm FW;GE;SP3
1910365365;65680006797;;ZB Leiterplatte SG1 Summerplatine;AE;SP6
1910369226;65680007049;65680007049_L;ZB Schlüsseltaster o.Q. Sch.A T40;GE;SP4
1910208340;65680007051;;ZB Schluesselschalter m.Q. Sch.A T40;AE;SP6
1910364838;65680007054;;ZB Schluesselschalter m.Q. Sch.B T40 Klm;GE;SP4
1910209266;65680007263;65680007263_L;ZB Summer f. Rufquittierung EN81-70 B;GE;SP2
1910364839;65680008632;;ZB Beschriftungselement unbeleuchtet 6C;GE;SP2
1910364840;65680009212;;Einlegefolie 8 16Segment blau;GE;SP1
1910208341;65680009214;;ZB Rahmen 8C mit Deckglas farblos;GE;SP1
1910364842;65680009215;;Befestigungsrahmen Anzeige 12;GE;SP1
1910364843;65680009216;;ZB Schlüsseltaster Synergy flache Grube;AE;SP6
1910364844;65680009219;;ZB Notlicht STEP C flach 12V;GE;SP1
1910208342;65680009220;;ZB Standanzeige STA3 blau 17,5mm;GE;SP1
1910208343;65680009221;;ZB Weiterfahrtanzeige Step 3c blau;GE;SP1
1910365309;65680009222;;Rahmen 2A C flach;GE;SP1
1910365377;65680009224;;ZB Leiterplatte Beleuchtung weiss 12V;GE;SP1
1910047837;65680009225;;ZB Taster STEP C flach blau     1;GE;SP1
1910208345;65680009226;;ZB Alarmtaster C flach 1OE/1S;GE;SP1
1910365379;65680009228;;ZB Taster STEP C fl. blau Brai/takt.Kom.;GE;SP2
1910365380;65680009229;;ZB Taster STEP C Braille/Taktil kom.;GE;SP2
1910364847;65680009230;;Befestigungsrahmen 160x78,6x22,5x1;GE;SP1
1910365313;65680009233;;Distanzscheibe 12;GE;SP1
1910208346;65680009236;;ZB Taster STEP C rot 1;GE;SP1
1910047836;65680009237;;ZB Taster STEP C flach blau    0;GE;SP1
1910047838;65680009238;;ZB Taster STEP C flach blau 2;GE;SP1
1910047839;65680009239;;ZB Taster STEP C flach blau 3;GE;SP1
1910208350;65680009240;;"ZB Taster STEP C flach blau ""4""";GE;SP1
1910047841;65680009241;;ZB Taster STEP C flach blau 5;GE;SP1
1910208352;65680009242;;ZB Taster STEP C flach blau 6;GE;SP1
1910047843;65680009243;;TASTE STEP CLASSIC BLUE LINE 7;GE;SP1
1910365383;65680009244;;"ZB Taster STEP C flach blau ""8""";GE;SP1
1910365384;65680009245;;"ZB Taster STEP C flach blau ""9""";GE;SP1
1910365385;65680009246;;"ZB Taster STEP C flach blau ""10""";GE;SP1
1910365386;65680009247;;"ZB Taster STEP C flach blau ""11""";GE;SP1
1910365387;65680009248;;"ZB Taster STEP C flach blau ""12""";GE;SP1
1910365388;65680009249;;"ZB Taster STEP C flach blau ""13""";GE;SP1
1910365389;65680009250;;"ZB Taster STEP C flach blau ""14""";AE;SP6
1910365390;65680009251;;"ZB Taster STEP C flach blau ""15""";AE;SP6
1910365391;65680009252;;"ZB Taster STEP C flach blau ""16""";AE;SP6
1910365392;65680009253;;"ZB Taster STEP C flach blau ""17""";AE;SP6
1910365393;65680009254;;"ZB Taster STEP C flach blau ""18""";AE;SP6
1910365394;65680009255;;"ZB Taster STEP C flach blau ""19""";AE;SP6
1910365395;65680009256;;"ZB Taster STEP C flach blau ""20""";EU;SP5
1910365396;65680009257;;"ZB Taster STEP C flach blau ""21""";EU;SP5
1910365397;65680009258;;"ZB Taster STEP C flach blau ""22""";EU;SP5
1910365398;65680009259;;"ZB Taster STEP C flach blau ""23""";EU;SP5
1910047849;65680009262;;ZB Taster STEP C flach blau     -1;GE;SP1
1910365399;65680009263;;ZB Taster STEP C flach blau     1/2;AE;SP6
1910365400;65680009266;;"ZB Taster STEP C flach blau ""1U""";GE;SP2
1910365401;65680009267;;"ZB Taster STEP C flach blau ""-2""";GE;SP1
1910365402;65680009268;;"ZB Taster STEP C flach blau ""2/3""";GE;SP2
1910365403;65680009269;;"ZB Taster STEP C flach blau ""2U""";GE;SP1
1910365404;65680009270;;"ZB Taster STEP C flach blau ""-3""";GE;SP1
1910365405;65680009271;;"ZB Taster STEP C flach blau ""3/4""";GE;SP1
1910365406;65680009272;;"ZB Taster STEP C flach blau ""-4""";EU;SP5
1910365407;65680009273;;"ZB Taster STEP C flach blau ""4/5""";GE;SP2
1910365408;65680009274;;"ZB Taster STEP C flach blau ""-5""";AE;SP6
1910365409;65680009275;;"ZB Taster STEP C flach blau ""5/6""";GE;SP1
1910365410;65680009276;;"ZB Taster STEP C flach blau ""A""";GE;SP1
1910365411;65680009277;;"ZB Taster STEP C flach blau ""A1""";GE;SP2
1910365412;65680009278;;"ZB Taster STEP C flach blau ""A2""";GE;SP2
1910365413;65680009279;;"ZB Taster STEP C flach blau ""A3""";GE;SP2
1910047847;65680009280;;ZB Taster STEP C flach blau  Pfeil;GE;SP1
1910047848;65680009281;;ZB Taster STEP C flach blau Pfeil auf/ab;GE;SP1
1910365414;65680009282;;"ZB Taster STEP C flach blau ""B""";GE;SP1
1910365415;65680009283;;"ZB Taster STEP C flach blau ""B1""";GE;SP1
1910365416;65680009284;;"ZB Taster STEP C flach blau ""B2""";GE;SP1
1910365417;65680009285;;"ZB Taster STEP C flach blau ""B3""";GE;SP1
1910365418;65680009286;;"ZB Taster STEP C flach blau ""B4""";GE;SP2
1910365419;65680009289;;"ZB Taster STEP C flach blau ""BG""";EU;SP5
1910365420;65680009290;;"ZB Taster STEP C flach blau ""C""";EU;SP5
1910365421;65680009292;;"ZB Taster STEP C flach blau ""D""";GE;SP1
1910365422;65680009293;;"ZB Taster STEP C flach blau ""DG""";GE;SP1
1910047845;65680009294;;ZB Taster STEP C flach blau   Tür zu;GE;SP1
1910047846;65680009295;;ZB Taster STEP C flach blau   Tür auf;GE;SP1
1910208358;65680009296;;ZB Taster STEP C flach blau E;GE;SP1
1910208359;65680009297;;ZB Taster STEP C flach blau EG;GE;SP1
1910365423;65680009298;;"ZB Taster STEP C flach blau ""ES""";GE;SP2
1910365424;65680009299;;"ZB Taster STEP C flach blau ""E0""";AE;SP6
1910365425;65680009300;;"ZB Taster STEP C flach blau ""E1""";GE;SP1
1910365426;65680009301;;"ZB Taster STEP C flach blau ""E2""";AE;SP6
1910365427;65680009302;;"ZB Taster STEP C flach blau ""E3""";GE;SP1
1910365428;65680009303;;"ZB Taster STEP C flach blau ""G""";GE;SP1
1910365429;65680009304;;"ZB Taster STEP C flach blau ""GF""";GE;SP1
1910365430;65680009305;;"ZB Taster STEP C flach blau ""H""";GE;SP1
1910365431;65680009308;;"ZB Taster STEP C flach blau ""IP""";EU;SP5
1910365432;65680009309;;"ZB Taster STEP C flach blau ""K""";GE;SP1
1910365433;65680009310;;"ZB Taster STEP C flach blau ""KG""";GE;SP1
1910365434;65680009311;;"ZB Taster STEP C flach blau ""LG""";GE;SP2
1910365435;65680009313;;"ZB Taster STEP C flach blau ""OG""";GE;SP1
1910365437;65680009315;;"ZB Taster STEP C flach blau ""P1""";GE;SP1
1910365438;65680009316;;"ZB Taster STEP C flach blau ""P2""";GE;SP1
1910365439;65680009317;;"ZB Taster STEP C flach blau ""P3""";AE;SP6
1910365440;65680009318;;"ZB Taster STEP C flach blau ""P4""";GE;SP2
1910365441;65680009321;;ZB Taster STEP C flach blau Telefon;EU;SP5
1910365442;65680009322;;"ZB Taster STEP C flach blau ""R""";EU;SP5
1910365443;65680009325;;"ZB Taster STEP C flach blau ""S""";AE;SP6
1910365444;65680009326;;"ZB Taster STEP C flach blau ""SS""";GE;SP2
1910365445;65680009327;;"ZB Taster STEP C flach blau ""U""";GE;SP1
1910365446;65680009328;;"ZB Taster STEP C flach blau ""UG""";GE;SP1
1910365447;65680009329;;"ZB Taster STEP C flach blau ""U1""";GE;SP1
1910365448;65680009330;;"ZB Taster STEP C flach blau ""U2""";GE;SP1
1910365449;65680009331;;ZB Taster STEP C flach blau Ventilator;GE;SP1
1910365450;65680009332;;"ZB Taster STEP C flach blau ""Z""";GE;SP1
1910365451;65680009333;;"ZB Taster STEP C flach blau ""Z1""";GE;SP2
1910365452;65680009336;;"ZB Taster STEP C rot ""0""";GE;SP1
1910208360;65680009337;;ZB Taster STEP C rot 2;GE;SP1
1910208361;65680009338;;ZB Taster STEP C rot 3;GE;SP1
1910208362;65680009339;;ZB Taster STEP C rot 4;GE;SP1
1910208363;65680009340;;ZB Taster STEP C rot 5;GE;SP1
1910208364;65680009341;;ZB Taster STEP C rot 6;GE;SP1
1910365453;65680009342;;"ZB Taster STEP C rot ""7""";GE;SP1
1910365454;65680009343;;"ZB Taster STEP C rot ""8""";GE;SP1
1910365455;65680009344;;"ZB Taster STEP C rot ""9""";GE;SP1
1910365456;65680009345;;"ZB Taster STEP C rot ""10""";GE;SP1
1910365457;65680009346;;"ZB Taster STEP C rot ""11""";GE;SP1
1910365458;65680009347;;"ZB Taster STEP C rot ""12""";GE;SP1
1910365459;65680009348;;"ZB Taster STEP C rot ""13""";GE;SP1
1910365460;65680009349;;"ZB Taster STEP C rot ""14""";GE;SP1
1910365461;65680009350;;"ZB Taster STEP C rot ""15""";GE;SP1
1910365462;65680009351;;"ZB Taster STEP C rot ""16""";GE;SP1
1910365463;65680009352;;"ZB Taster STEP C rot ""17""";AE;SP6
1910365464;65680009353;;"ZB Taster STEP C rot ""18""";AE;SP6
1910365465;65680009354;;"ZB Taster STEP C rot ""19""";GE;SP1
1910365466;65680009355;;"ZB Taster STEP C rot ""20""";AE;SP6
1910365467;65680009356;;"ZB Taster STEP C rot ""21""";GE;SP1
1910365468;65680009357;;"ZB Taster STEP C rot ""22""";AE;SP6
1910365469;65680009358;;"ZB Taster STEP C rot ""23""";EU;SP5
1910365470;65680009361;;"ZB Taster STEP C rot ""-1""";GE;SP1
1910365471;65680009362;;"ZB Taster STEP C rot ""1/2""";GE;SP2
1910365472;65680009364;;"ZB Taster STEP C rot ""1H""";GE;SP1
1910365473;65680009365;;"ZB Taster STEP C rot ""1U""";GE;SP1
1910365474;65680009367;;"ZB Taster STEP C rot ""-2""";GE;SP1
1910365475;65680009368;;"ZB Taster STEP C rot ""2/3""";AE;SP6
1910365476;65680009369;;"ZB Taster STEP C rot ""2U""";GE;SP1
1910365477;65680009370;;"ZB Taster STEP C rot ""-3""";GE;SP1
1910365478;65680009371;;"ZB Taster STEP C rot ""3/4""";AE;SP6
1910365479;65680009372;;"ZB Taster STEP C rot ""-4""";AE;SP6
1910365480;65680009373;;"ZB Taster STEP C rot ""4/5""";AE;SP6
1910365481;65680009375;;"ZB Taster STEP C rot ""5/6""";GE;SP2
1910365482;65680009376;;"ZB Taster STEP C rot ""A""";AE;SP6
1910208365;65680009380;;ZB Taster STEP C rot Pfeil;GE;SP1
1910208366;65680009381;;ZB Taster STEP C rot Pfeil auf/ab;GE;SP1
1910365483;65680009382;;"ZB Taster STEP C rot ""B""";GE;SP1
1910365484;65680009383;;"ZB Taster STEP C rot ""B1""";GE;SP1
1910365485;65680009384;;"ZB Taster STEP C rot ""B2""";GE;SP1
1910365486;65680009385;;"ZB Taster STEP C rot ""B3""";AE;SP6
1910365487;65680009386;;"ZB Taster STEP C rot ""B4""";GE;SP2
1910365488;65680009389;;"ZB Taster STEP C rot ""BG""";GE;SP1
1910365489;65680009390;;"ZB Taster STEP C rot ""C""";EU;SP5
1910365490;65680009392;;"ZB Taster STEP C rot ""D""";GE;SP1
1910365491;65680009393;;"ZB Taster STEP C rot ""DG""";GE;SP1
1910208367;65680009394;;ZB Taster STEP C rot Tür zu;GE;SP1
1910208368;65680009395;;ZB Taster STEP C rot Tür auf;GE;SP1
1910208369;65680009396;;ZB Taster STEP C rot E;GE;SP1
1910208370;65680009397;;ZB Taster STEP C rot EG;GE;SP1
1910365492;65680009398;;"ZB Taster STEP C rot ""ES""";EU;SP5
1910365493;65680009399;;"ZB Taster STEP C rot ""E0""";GE;SP1
1910365494;65680009400;;"ZB Taster STEP C rot ""E1""";GE;SP1
1910365495;65680009401;;"ZB Taster STEP C rot ""E2""";GE;SP1
1910365496;65680009402;;"ZB Taster STEP C rot ""E3""";AE;SP6
1910364849;65680009403;;"ZB Taster STEP C rot ""G""";GE;SP1
1910365497;65680009404;;"ZB Taster STEP C rot ""GF""";EU;SP5
1910365498;65680009405;;"ZB Taster STEP C rot ""H""";GE;SP1
1910365499;65680009407;;"ZB Taster STEP C rot ""HP""";EU;SP5
1910365500;65680009409;;"ZB Taster STEP C rot ""K""";GE;SP1
1910365501;65680009410;;"ZB Taster STEP C rot ""KG""";GE;SP1
1910365502;65680009413;;"ZB Taster STEP C rot ""OG""";GE;SP1
1910365503;65680009414;;"ZB Taster STEP C rot ""P""";GE;SP1
1910365504;65680009415;;"ZB Taster STEP C rot ""P1""";AE;SP6
1910365505;65680009416;;"ZB Taster STEP C rot ""P2""";AE;SP6
1910365506;65680009417;;"ZB Taster STEP C rot ""P3""";EU;SP5
1910365507;65680009419;;"ZB Taster STEP C rot ""PB""";GE;SP2
1910365508;65680009420;;"ZB Taster STEP C rot ""PG""";GE;SP2
1910365509;65680009421;;"ZB Taster STEP C rot ""Phone""";GE;SP2
1910365510;65680009422;;"ZB Taster STEP C rot ""R""";GE;SP1
1910365511;65680009425;;"ZB Taster STEP C rot ""S""";GE;SP1
1910365512;65680009427;;"ZB Taster STEP C rot ""U""";GE;SP1
1910365513;65680009428;;"ZB Taster STEP C rot ""UG""";GE;SP1
1910365514;65680009429;;"ZB Taster STEP C rot ""U1""";GE;SP1
1910365515;65680009430;;"ZB Taster STEP C rot ""U2""";GE;SP1
1910365516;65680009431;;"ZB Taster STEP C rot ""Ventilator"" (fan)";GE;SP1
1910365517;65680009432;;"ZB Taster STEP C rot ""Z""";GE;SP1
1910365518;65680009434;;"ZB Taster STEP C rot ""Z2""";GE;SP1
1910364850;65680009436;;ZB Anzeige 8C 16Segment blau;GE;SP2
1910208371;65680009437;;ZB Lautsprecherelement STEP flach;GE;SP1
1910364856;65680009438;;ZB Mikrofonelement STEP flach o.Verstärk;GE;SP1
1910365521;65680009439;;ZB Leitung AWG26 4pol 130mm FBL;GE;SP1
1910208372;65680009440;;ZB Anzeige 40x40 Notruf C flach gn/ye;GE;SP1
1910208373;65680009441;;ZB Standanzeige STEP C blau;AE;SP6
1910365522;65680009442;;ZB Taster STEP C fl. blau Kommission;GE;SP2
1910365523;65680009443;;ZB Taster STEP C rot Kommission;GE;SP2
1910208374;65680009444;;ZB Taster STEP C flach blau Neutral;GE;SP1
1910208375;65680009445;;ZB Taster STEP C rot neutral;GE;SP1
1910365524;65680009450;;ZB Leiterplatte MA5 rot Abwandlung;GE;SP2
1910046384;65680009455;;ZB Rahmen Step C neutral flach;GE;SP1
1910208376;65680009459;;ZB Taster STEP C Brail/Tak rot 0;GE;SP1
1910047823;65680009460;;ZB Taster STEP C fla. Brail/Tak blau   0;GE;SP1
1910047833;65680009461;;ZB Taster STEP C fl Tak bla  Tür zu;GE;SP1
1910208379;65680009462;;ZB Taster STEP C Tak rot Tür zu;GE;SP1
1910365526;65680009464;;"ZB Taster STEP C rot ""24""";EU;SP5
1910365527;65680009466;;"ZB Taster STEP C rot ""26""";EU;SP5
1910365528;65680009469;;"ZB Taster STEP C rot ""F""";EU;SP5
1910365529;65680009472;;"ZB Taster STEP C rot ""O""";GE;SP1
1910365530;65680009473;;"ZB Taster STEP C rot ""ZG""";GE;SP1
1910356639;65680009477;;ZB Taster STEP C Brail/Tak rot    1;GE;SP1
1910356640;65680009478;;ZB Taster STEP C Brail/Tak rot    2;GE;SP1
1910208382;65680009479;;ZB Taster STEP C Brail/Tak rot 3;GE;SP1
1910208383;65680009480;;ZB Taster STEP C Brail/Tak rot 4;GE;SP1
1910208384;65680009481;;ZB Taster STEP C Brail/Tak rot 5;GE;SP1
1910365531;65680009482;;"ZB Taster STEP C Brail/Tak rot ""6""";GE;SP1
1910365532;65680009483;;"ZB Taster STEP C Brail/Tak rot ""7""";GE;SP1
1910365533;65680009484;;"ZB Taster STEP C Brail/Tak rot ""8""";GE;SP1
1910365534;65680009485;;"ZB Taster STEP C Brail/Tak rot ""9""";GE;SP1
1910365535;65680009486;;"ZB Taster STEP C Brail/Tak rot ""10""";GE;SP1
1910365536;65680009487;;"ZB Taster STEP C Brail/Tak rot ""11""";GE;SP1
1910365537;65680009488;;"ZB Taster STEP C Brail/Tak rot ""12""";GE;SP1
1910365538;65680009489;;"ZB Taster STEP C Brail/Tak rot ""13""";GE;SP2
1910365539;65680009490;;"ZB Taster STEP C Brail/Tak rot ""14""";GE;SP1
1910365540;65680009491;;"ZB Taster STEP C Brail/Tak rot ""15""";GE;SP1
1910365541;65680009492;;"ZB Taster STEP C Brail/Tak rot ""16""";GE;SP1
1910365542;65680009493;;"ZB Taster STEP C Brail/Tak rot ""17""";GE;SP1
1910365543;65680009494;;"ZB Taster STEP C Brail/Tak rot ""18""";GE;SP1
1910365544;65680009495;;"ZB Taster STEP C Brail/Tak rot ""19""";GE;SP1
1910365545;65680009496;;"ZB Taster STEP C Brail/Tak rot ""20""";GE;SP2
1910365546;65680009497;;"ZB Taster STEP C Brail/Tak rot ""21""";GE;SP1
1910365547;65680009498;;"ZB Taster STEP C Brail/Tak rot ""22""";GE;SP2
1910365548;65680009499;;"ZB Taster STEP C Brail/Tak rot ""23""";GE;SP2
1910365549;65680009502;;"ZB Taster STEP C Brail/Tak rot ""26""";GE;SP1
1910365550;65680009503;;"ZB Taster STEP C Brail/Tak rot ""-1""";GE;SP1
1910365551;65680009504;;"ZB Taster STEP C Brail/Tak rot""-2""";GE;SP1
1910365552;65680009505;;"ZB Taster STEP C Brail/Tak rot ""-3""";GE;SP1
1910365553;65680009506;;"ZB Taster STEP C Brail/Tak rot ""-4""";GE;SP1
1910365554;65680009507;;"ZB Taster STEP C Brail/Tak rot ""-5""";GE;SP2
1910365555;65680009508;;"ZB Taster STEP C Brail/Tak rot ""A""";EU;SP5
1910365556;65680009512;;"ZB Taster STEP C Brail/Tak rot ""B""";GE;SP1
1910365557;65680009513;;"ZB Taster STEP C Brail/Tak rot ""B1""";GE;SP2
1910365558;65680009514;;"ZB Taster STEP C Brail/Tak rot ""B2""";GE;SP2
1910365559;65680009515;;"ZB Taster STEP C Brail/Tak rot ""B3""";EU;SP5
1910365560;65680009519;;"ZB Taster STEP C Brail/Tak rot ""C""";EU;SP5
1910365561;65680009520;;"ZB Taster STEP C Brail/Tak rot ""CP""";GE;SP2
1910365562;65680009521;;"ZB Taster STEP C Brail/Tak rot ""D""";GE;SP1
1910365563;65680009522;;"ZB Taster STEP C Brail/Tak rot ""DG""";GE;SP1
1910208385;65680009525;;ZB Taster STEP C Brail/Tak rot E;GE;SP1
1910365564;65680009527;;"ZB Taster STEP C Brail/Tak rot ""E1""";GE;SP1
1910365565;65680009528;;"ZB Taster STEP C Brail/Tak rot ""E2""";GE;SP1
1910365566;65680009529;;"ZB Taster STEP C Brail/Tak rot ""E3""";GE;SP1
1910208386;65680009530;;ZB Taster STEP C Brail/Tak rot EG;GE;SP1
1910365567;65680009532;;"ZB Taster STEP C Brail/Tak rot ""F""";GE;SP2
1910365568;65680009534;;"ZB Taster STEP C Brail/Tak rot ""G""";GE;SP1
1910365569;65680009535;;"ZB Taster STEP C Brail/Tak rot ""GF""";EU;SP5
1910365570;65680009536;;"ZB Taster STEP C Brail/Tak rot ""H""";AE;SP6
1910365571;65680009538;;"ZB Taster STEP C Brail/Tak rot ""HP""";GE;SP1
1910365572;65680009540;;"ZB Taster STEP C Brail/Tak rot ""K""";GE;SP1
1910365573;65680009541;;"ZB Taster STEP C Brail/Tak rot ""KG""";EU;SP5
1910365574;65680009543;;"ZB Taster STEP C Brail/Tak rot ""M""";AE;SP6
1910365575;65680009545;;"ZB Taster STEP C Brail/Tak rot ""OG""";GE;SP1
1910365576;65680009546;;"ZB Taster STEP C Brail/Tak rot""O""";AE;SP6
1910365577;65680009547;;"ZB Taster STEP C Brail/Tak rot ""P""";AE;SP6
1910365578;65680009548;;"ZB Taster STEP C Brail/Tak rot ""P1""";AE;SP6
1910365579;65680009549;;"ZB Taster STEP C Brail/Tak rot ""P2""";GE;SP2
1910365580;65680009550;;ZB Taster STEP C Brail/Tak rot     P3;GE;SP2
1910365581;65680009551;;"ZB Taster STEP C Brail/Tak rot ""P4""";GE;SP2
1910365582;65680009553;;"ZB Taster STEP C Brail/Tak rot ""PG""";GE;SP2
1910365583;65680009554;;"ZB Taster STEP C Brail/Tak rot ""R""";GE;SP2
1910365584;65680009556;;"ZB Taster STEP C Brail/Tak rot ""RJ""";EU;SP5
1910366541;65680009557;;"ZB Taster STEP C Brail/Tak rot ""S""";GE;SP1
1910366542;65680009559;;"ZB Taster STEP C Brail/Tak rot ""U""";GE;SP1
1910366543;65680009560;;"ZB Taster STEP C Brail/Tak rot ""U1""";GE;SP1
1910366544;65680009561;;"ZB Taster STEP C Brail/Tak rot ""U2""";GE;SP1
1910366545;65680009562;;"ZB Taster STEP C Brail/Tak rot ""UG""";GE;SP1
1910366546;65680009563;;"ZB Taster STEP C Brail/Tak rot ""Z""";GE;SP1
1910366547;65680009564;;"ZB Taster STEP C Brail/Tak rot ""ZG""";GE;SP1
1910366548;65680009571;;"ZB Taster STEP C Brail/Tak rot ""3G""";GE;SP2
1910366549;65680009573;;"ZB Taster STEP C Brail/Tak rot ""1U""";GE;SP1
1910366550;65680009574;;"ZB Taster STEP C Brail/Tak rot ""2U""";GE;SP2
1910366551;65680009577;;"ZB Taster STEP C flach blau ""24""";AE;SP6
1910366552;65680009578;;"ZB Taster STEP C flach blau ""25""";EU;SP5
1910366553;65680009579;;"ZB Taster STEP C flach blau ""26""";EU;SP5
1910366554;65680009580;;"ZB Taster STEP C flach blau ""D1""";GE;SP2
1910366555;65680009581;;"ZB Taster STEP C flach blau ""D2""";GE;SP2
1910364860;65680009584;;"ZB Taster STEP C flach blau ""M""";GE;SP1
1910366557;65680009586;;"ZB Taster STEP C flach blau ""ZG""";GE;SP1
1910366558;65680009589;;"ZB Taster STEP C flach blau ""3G""";EU;SP5
1910047824;65680009590;;ZB Taster STEP C fla. Brail/Tak blau   1;GE;SP1
1910047825;65680009591;;ZB Taster STEP C fla. Brail/Tak blau   2;GE;SP1
1910047826;65680009592;;ZB Taster STEP C fla. Brail/Tak blau   3;GE;SP1
1910047827;65680009593;;ZB Taster STEP C fla. Brail/Tak blau   4;GE;SP1
1910047828;65680009594;;ZB Taster STEP C fla. Brail/Tak blau   5;GE;SP1
1910366559;65680009595;;"ZB Taster STEP C fla. Brail/Tak blau""6""";GE;SP1
1910366560;65680009596;;"ZB Taster STEP C fla. Brail/Tak blau""7""";GE;SP1
1910366561;65680009597;;"ZB Taster STEP C fla. Brail/Tak blau""8""";GE;SP1
1910366562;65680009598;;"ZB Taster STEP C fla. Brail/Tak blau""9""";GE;SP1
1910366563;65680009599;;"ZB Taster STEP C fla. Brail/Tak blau""10""";GE;SP1
1910366564;65680009600;;"ZB Taster STEP C fla. Brail/Tak blau""11""";GE;SP1
1910366565;65680009601;;"ZB Taster STEP C fla. Brail/Tak blau""12""";GE;SP1
1910366566;65680009602;;"ZB Taster STEP C fla. Brail/Tak blau""13""";GE;SP1
1910366567;65680009603;;"ZB Taster STEP C fla. Brail/Tak blau""14""";GE;SP1
1910366568;65680009604;;"ZB Taster STEP C fla. Brail/Tak blau""15""";GE;SP1
1910366569;65680009605;;"ZB Taster STEP C fla. Brail/Tak blau""16""";GE;SP1
1910366570;65680009606;;"ZB Taster STEP C fla. Brail/Tak blau""17""";GE;SP1
1910366571;65680009607;;"ZB Taster STEP C fla. Brail/Tak blau""18""";GE;SP1
1910366572;65680009608;;"ZB Taster STEP C fla. Brail/Tak blau""19""";GE;SP1
1910366573;65680009609;;"ZB Taster STEP C fla. Brail/Tak blau""20""";GE;SP1
1910366574;65680009610;;"ZB Taster STEP C fla. Brail/Tak blau""21""";AE;SP6
1910366575;65680009611;;"ZB Taster STEP C fla. Brail/Tak blau""22""";AE;SP6
1910366576;65680009612;;"ZB Taster STEP C fla. Brail/Tak blau""23""";AE;SP6
1910366577;65680009613;;"ZB Taster STEP C fla. Brail/Tak blau""24""";AE;SP6
1910366578;65680009614;;"ZB Taster STEP C fla. Brail/Tak blau""25""";AE;SP6
1910366579;65680009615;;"ZB Taster STEP C fla. Brail/Tak blau""26""";AE;SP6
1910047830;65680009616;;"ZB Taster STEP C fla. Brail/Tak blau""-1""";GE;SP1
1910366581;65680009617;;"ZB Taster STEP C fla. Brail/Tak blau""-2""";GE;SP1
1910366582;65680009618;;"ZB Taster STEP C fla. Brail/Tak blau""-3""";GE;SP1
1910366583;65680009619;;"ZB Taster STEP C fla. Brail/Tak blau""-4""";AE;SP6
1910366584;65680009620;;"ZB Taster STEP C fla. Brail/Tak blau""-5""";GE;SP2
1910366585;65680009621;;"ZB Taster STEP C fla. Brail/Tak blau""A""";GE;SP1
1910366586;65680009622;;"ZB Taster STEP C fla. Brail/Tak blau""A1""";GE;SP1
1910366587;65680009625;;"ZB Taster STEP C fla. Brail/Tak blau""B""";GE;SP1
1910366588;65680009626;;"ZB Taster STEP C fla. Brail/Tak blau""B1""";GE;SP1
1910366589;65680009627;;"ZB Taster STEP C fla. Brail/Tak blau""B2""";GE;SP1
1910366590;65680009628;;"ZB Taster STEP C fla. Brail/Tak blau""B3""";GE;SP1
1910366591;65680009629;;"ZB Taster STEP C fla. Brail/Tak blau""B4""";EU;SP5
1910366592;65680009630;;"ZB Taster STEP C fla. Brail/Tak blau""B5""";AE;SP6
1910366593;65680009631;;"ZB Taster STEP C fla. Brail/Tak blau""BG""";GE;SP1
1910366594;65680009632;;"ZB Taster STEP C fla. Brail/Tak blau""C""";GE;SP1
1910366595;65680009634;;"ZB Taster STEP C fla. Brail/Tak blau""D""";AE;SP6
1910366596;65680009635;;"ZB Taster STEP C fla. Brail/Tak blau""DG""";GE;SP1
1910366597;65680009638;;"ZB Taster STEP C fla. Brail/Tak blau""E""";GE;SP1
1910366598;65680009639;;"ZB Taster STEP C fla. Brail/Tak blau""E0""";AE;SP6
1910366599;65680009640;;"ZB Taster STEP C fla. Brail/Tak blau""E1""";AE;SP6
1910366600;65680009641;;"ZB Taster STEP C fla. Brail/Tak blau""E2""";EU;SP5
1910366601;65680009642;;"ZB Taster STEP C fla. Brail/Tak blau""E3""";GE;SP1
1910208392;65680009643;;ZB Taster STEP C fla. Brail/Tak blau EG;GE;SP1
1910366602;65680009644;;"ZB Taster STEP C fla. Brail/Tak blau""ES""";GE;SP2
1910366603;65680009645;;"ZB Taster STEP C fla. Brail/Tak blau""F""";GE;SP2
1910366604;65680009647;;"ZB Taster STEP C fla. Brail/Tak blau""G""";GE;SP1
1910366605;65680009649;;"ZB Taster STEP C fla. Brail/Tak blau""H""";EU;SP5
1910366606;65680009651;;"ZB Taster STEP C fla. Brail/Tak blau""HP""";EU;SP5
1910366607;65680009653;;"ZB Taster STEP C fla. Brail/Tak blau""K""";GE;SP1
1910366608;65680009654;;"ZB Taster STEP C fla. Brail/Tak blau""KG""";GE;SP1
1910366609;65680009655;;"ZB Taster STEP C fla. Brail/Tak blau""LG""";EU;SP5
1910366610;65680009656;;"ZB Taster STEP C fla. Brail/Tak blau""M""";GE;SP1
1910366611;65680009657;;"ZB Taster STEP C fla. Brail/Tak blau""MZ""";GE;SP2
1910366612;65680009658;;"ZB Taster STEP C fla. Brail/Tak blau""OG""";GE;SP1
1910366613;65680009659;;"ZB Taster STEP C fla. Brail/Tak blau""O""";GE;SP1
1910366614;65680009660;;"ZB Taster STEP C fla. Brail/Tak blau""P""";AE;SP6
1910366615;65680009661;;"ZB Taster STEP C fla. Brail/Tak blau""P1""";AE;SP6
1910366616;65680009662;;"ZB Taster STEP C fla. Brail/Tak blau""P2""";AE;SP6
1910366617;65680009663;;"ZB Taster STEP C fla. Brail/Tak blau""P3""";GE;SP1
1910366618;65680009665;;"ZB Taster STEP C fla. Brail/Tak blau""PB""";GE;SP1
1910366619;65680009667;;"ZB Taster STEP C fla. Brail/Tak blau""R""";EU;SP5
1910366620;65680009668;;"ZB Taster STEP C fla. Brail/Tak blau""RC""";GE;SP2
1910366621;65680009670;;"ZB Taster STEP C fla. Brail/Tak blau""S""";AE;SP6
1910366622;65680009671;;"ZB Taster STEP C fla. Brail/Tak blau""SS""";GE;SP1
1910366623;65680009672;;"ZB Taster STEP C fla. Brail/Tak blau""U""";GE;SP1
1910366624;65680009673;;"ZB Taster STEP C fla. Brail/Tak blau""U1""";GE;SP1
1910366625;65680009674;;"ZB Taster STEP C fla. Brail/Tak blau""U2""";GE;SP1
1910366626;65680009675;;"ZB Taster STEP C fla. Brail/Tak blau""UG""";AE;SP6
1910366627;65680009676;;"ZB Taster STEP C fla. Brail/Tak blau""Z""";EU;SP5
1910366628;65680009677;;"ZB Taster STEP C fla. Brail/Tak blau""ZG""";GE;SP1
1910366629;65680009678;;"ZB Taster STEP C fla. Brail/Tak blau""Z1""";GE;SP1
1910366630;65680009679;;"ZB Taster STEP C fla. Brail/Tak blau""Z2";GE;SP2
1910366631;65680009680;;"ZB Taster STEP C fla. Brail/Tak blau""Z3""";EU;SP5
1910366632;65680009681;;"ZB Taster STEP C fla. Brail/Tak blau""1B""";GE;SP2
1910366633;65680009682;;"ZB Taster STEP C fla. Brail/Tak blau""1G""";GE;SP1
1910366634;65680009683;;"ZB Taster STEP C fla. Brail/Tak blau""2G""";EU;SP5
1910366635;65680009684;;"ZB Taster STEP C fla. Brail/Tak blau""3G""";GE;SP2
1910366636;65680009685;;"ZB Taster STEP C fla. Brail/Tak blau""1H""";GE;SP2
1910366637;65680009686;;"ZB Taster STEP C fla. Brail/Tak blau""1U""";AE;SP6
1910366638;65680009687;;"ZB Taster STEP C fla. Brail/Tak blau""2U""";AE;SP6
1910366639;65680009689;;"ZB Taster STEP C fla. Brail/Tak blau""0B""";GE;SP1
1910208393;65680009690;;ZB Taster STEP C Tak rot Pfeil;GE;SP1
1910208394;65680009691;;ZB Taster STEP C Tak rot Pfeil auf/ab;GE;SP1
1910209183;65680009692;;ZB Taster STEP C Tak rot Tür auf;GE;SP1
1910366640;65680009694;;"ZB Taster STEP C Tak rot ""Ventilator""";GE;SP1
1910356641;65680009695;;ZB Alarmtaster C Tak flach 1OE/1S;GE;SP1
1910047835;65680009696;;ZB Taster STEP C fl Tak bla  Pfeil;GE;SP1
1910047832;65680009697;;ZB Taster STEP C  Tak blau Pfeil auf/ab;GE;SP1
1910047834;65680009698;;ZB Taster STEP C fl Tak bla  Tür auf;GE;SP1
1910366641;65680009699;;ZB Taster STEP C fl Tak bla Telefon;EU;SP5
1910366642;65680009700;;ZB Taster STEP C fl Tak bla   Ventilator;GE;SP1
1910365318;65680009704;;Distanzscheibe Rahmen 6;GE;SP1
1910366644;65680009705;;ZB Leitung 4pol 1600;GE;SP1
1910364861;65680009718;;Deckplatte 4509 110x280 S 4SM;EU;SP5
1910364864;65680009737;;Deckplatte 4509 280x110 W AZ126;EU;SP5
1910366646;65680009739;;"ZB Taster STEP C fl Tak bla ""Rollstuhlf""";GE;SP1
1910366647;65680009740;;"ZB Taster STEP C Tak rot ""Rollstuhlf""";AE;SP6
1910364865;65680009747;;ZB Beleuchtungsfeld STEP C fla.24V weiss;GE;SP2
1910208399;65680009769;65680009769_L;ZB Schlüsselblende C LED blau mit Kabel;GE;SP4
1910364866;65680009771;;"ZB Anzeigeelement ""KEIN ZUTRITT"" flach";GE;SP1
1910369230;65680009775;65680009775_L;ZB Schluesseltaster o.Q. Fw.Belg.T40 C;GE;SP3
1910580484;65680009779;;ZB Leiterplatte STS T40 S Stift W1;GE;SP1
1910365327;65680009786;;ZB Beschriftungselement Step Feuerw.Belg;GE;SP1
1910208400;65680009791;65680009791_L;ZB Schluesselschalter A m.Q. T40 C;GE;SP4
1910365763;65680009793;;ZB Leitung 4pol 5500 Federlst.- AEH;GE;SP1
1910366652;65680009794;;ZB Leitung 4pol 7000 Federlst.- AEH;GE;SP1
1910366653;65680009795;;ZB Leitung 4pol 5500 Federlst.-Federlst.;GE;SP1
1910366654;65680009796;;ZB Leitung 4pol 7000 Federlst.-Federlst.;GE;SP1
1910366655;65680009797;;ZB Leitung STA 14p 4m;GE;SP2
1910364867;65680009798;;Deckplatte 110x280 S 1SM BF;EU;SP5
1910364871;65680009802;;Deckplatte 4509 110x280 S 1SM BF;EU;SP5
1910364873;65680009804;;Deckplatte 4509 110x280 S 3SM BF;EU;SP5
1910369232;65680009819;65680009819_L;ZB Schluesselschalter A m.Q. T40;GE;SP3
1910366658;65680009820;;ZB Leiterplatte STS2;GE;SP1
1910366659;65680009821;;ZB Leiterplatte STS2 Schalter;AE;SP6
1910366660;65680009822;;ZB Leiterplatte STS2 Relaiseing.;GE;SP1
1910364875;65680009823;;Distanzblech Schluesselschalter;GE;SP2
1910208401;65680009824;;ZB Schluesseltaster m.Q. Sch.A T40 C;GE;SP3
1910208402;65680009825;65680009825_L;ZB Schluesselschalter m.Q. Sch.A T40 C;GE;SP3
1910369234;65680009827;65680009827_L;ZB Schluesseltaster o.Q. Fw.Belg.T40;GE;SP2
1910208403;65680009835;;Rasterkralle für KT 40TH;GE;SP1
1910369235;65680009839;65680009839_L;ZB Schluesselschalter m.Q. Fw.Bel. T40-1;GE;SP3
1910364876;65680009856;;Gehäuse 290x88 Aussenknopfkasten;EU;SP5
1910208404;65680009883;;Rahmen 12C;GE;SP1
1910365326;65680009884;;Abdeckkappe 12C;GE;SP1
1910366668;65680009889;;"ZB Taster STEP C Tak rot ""zwei Pfeile""";GE;SP1
1910366669;65680009890;;ZB Taster STEP C fl blau     zwei Pfeile;GE;SP1
1910366670;65680009891;;"ZB Taster STEP C fl Tak bl ""zwei Pfeile""";GE;SP1
1910366671;65680009892;;"ZB Taster STEP C flach blau ""RESET""";GE;SP1
1910366672;65680009893;;"ZB Taster STEP C rot ""RESET""";GE;SP2
1910364877;65680009903;;ZB Anzeigeelement EN81-72 STEP flach;GE;SP1
1910366674;65680009904;;ZB Taster STEP C flach blau Ladezeit;GE;SP1
1910366675;65680009905;;ZB Taster STEP C fl Taktil blau Ladezeit;AE;SP6
1910364878;65680009906;;ZB ext. Summer f. Rufquittierung B;EU;SP5
1910366677;65680009907;;ZB Leiterplatte SG1 ext. Summer;GE;SP1
1910369236;65680009908;65680009908_L;ZB Schluesselschalt A EN81-70 m.Q. T40;GE;SP1
1910366680;65680009909;;ZB Schlüsseltaster A EN81-70 o.Qui. T40;GE;SP3
1910364880;65680009910;;ZB Schlüsseltaster B EN81-70 o.Qui. T40;GE;SP4
1910369212;65680009911;;ZB Schlüsseltaster A EN81-70 m.Q. T40;GE;SP1
1910364881;65680009914;;ZB Schluesselblende STEP EN81-70 LED 1.1;GE;SP4
1910369237;65680009918;65680009918_L;ZB Mikrofon STEP EN81-70;GE;SP2
1910364882;65680009921;;ZB Lautsprecherelement STEP EN81-70 fl.;GE;SP1
1910364883;65680009922;;ZB Schluesselblende STEP EN81-70 LED;GE;SP4
1910369213;65680009924;;Abdeckmaske 12 4x weiss;GE;SP1
1910564019;65680009941;;ZB Taster 0 S;ES;SP1
1910564020;65680009942;;ZB Taster 7 S;ES;SP1
1910564021;65680009943;;ZB Taster 8 S;ES;SP1
1910564022;65680009944;;ZB Taster 9 S;ES;SP1
1910564023;65680009945;;ZB Taster -1 S;ES;SP1
1910564024;65680009946;;ZB Taster -2 S;ES;SP1
1910564025;65680009947;;ZB Taster EG S;ES;SP1
1910366687;6568001030;;ZB Taster Classic;GE;SP2
1910366688;6568001870;;ZB Leitung 10pol 300MM;GE;SP2
1910207846;6568003012;;ZB Blindelement STEP Basic;EU;SP5
1910207847;6568003870;;ZB Leitung AWG26 4pol 1200mm FBL;GE;SP1
1910207848;6568004030;;ZB Blindelement STEP Classic;GE;SP1
1910369238;6568004040;6568004040_L;ZB Rahmen I;GE;SP1
1910366409;6568004870;;ZB Leitung AWG28 14pol 2600mm FBL;GE;SP1
1910366690;6568004870-01;;ZB Leitung AWG28 14pol 2600mm FBL;EU;SP5
1910209259;6568005010;;ZB Lautsprecherelement SM Basic;AE;SP6
1910369083;6568005030;;ZB Blindelement Loch C;GE;SP2
1910207850;6568005870;;ZB Leitung AWG26 4pol 2600mm FBL;GE;SP1
1910207851;6568006010;;ZB Mikrofonelement Basic;AE;SP6
1910207853;6568006870;;ZB Leitung AWG26 4pol 1600 FB;GE;SP1
1910207854;6568007010;;ZB Gong Basic;GE;SP3
1910207855;6568007030;;ZB Mikrofonelement C;GE;SP3
1910207856;6568007040;;ZB Taster 1C;GE;SP1
1910366692;6568007870;;ZB Leitung 8pol 300;GE;SP2
1910369239;6568008012;6568008012_L;ZB Blindelement Sprechstelle Basic;EU;SP5
1910207857;6568008030;;ZB Gongelement C;GE;SP3
1910369240;6568008040;6568008040_L;ZB Rahmen 3C;GE;SP4
1910207858;6568009030;;ZB Weiterfahrtanzeige 3.2C/0 Aktiv;GE;SP1
1910366696;6568009870;;ZB Leitung AWG26 4pol 700mm FBL;GE;SP1
1910364226;6568012030;;ZB Beschriftungsele 3C unbel.;GE;SP4
1910364229;6568013030;;ZB Beschriftungsele. 3C bel.;GE;SP2
1910580483;6568013660;;ZB Sprechstellenverstaerker STL;GE;SP1
1910366701;6568016012;;ZB Beschriftungsfeld 120x40 unbel. Basic;GE;SP4
1910366702;6568021012;;ZB Beschriftungselement 40x40 bel. Basic;GE;SP4
1910207860;6568022870;;ZB Leitung 4pol 1200;GE;SP1
1910207861;6568023010;;ZB Ventilatortaster;AE;SP6
1910207862;6568023030;;ZB Anzeige 6.1 Standard TCM C;AE;SP6
1910207863;6568023870;;ZB Leitung 4pol 300;GE;SP1
1910207864;6568024660;;ZB Leiterplatte MSA Adapterplatte;AE;SP6
1910207865;6568024870;;ZB Leitung 4pol 2600;GE;SP1
1910207866;6568025010;;ZB Taster Tür-Zu Basic;EU;SP5
1910207867;6568027010;;ZB Ruftaster auf;EU;SP5
1910207868;6568028010;;ZB Ruftaster ab;AE;SP6
1910207869;6568029030;;ZB Weiterfahrtanzeige 3.21 C 1 Aktiv;GE;SP1
1910369245;6568030030;6568030030_L;ZB Standanzeige 8 30mm Classic;GE;SP1
1910366709;6568033660;;ZB Leiterplatte MA3 WFA+STA grün waagr.;GE;SP1
1910369399;6568034030;6568034030_L;ZB Notlicht C;GE;SP3
1910366711;6568034660;;ZB Leiterplatte MA5 WFA+STA grün senkr.;EU;SP5
1910366712;6568035660;;ZB Leiterplatte MA3 WFA grün waagr.;GE;SP2
1910207870;6568036010;;ZB TS Anzeige;EU;SP5
1910366713;6568036030;;ZB Ab-Taster C;EU;SP5
1910207871;6568037010;;ZB Sprechstelle TS mit Deckplatte;GE;SP1
1910366714;6568037030;;ZB Auf-Taster C;EU;SP5
1910363629;6568038010;;ZB Sprechstelle TS ohne Deckplatte;GE;SP1
1910207872;6568042010;;ZB Sprechstellen Step-Modul;GE;SP4
1910366717;6568043010;;ZB Taster Basic;EU;SP5
1910369490;6568045010;;ZB Ventialtortaster Basic;AE;SP6
1910363630;6568054010;;ZB Anzeige 7.1;GE;SP2
1910207875;6568057010;;ZB Alarmtaster S NO/NC Vandalensicher;GE;SP1
1910207876;6568058010;;ZB Taster Tür auf Vandalensicher;AE;SP6
1910209166;6568059660;;ZB Standanzeige MA7 Rot;GE;SP1
1910366720;6568060660;;ZB Leiterplatte MA9 Standanzeige Gruen;GE;SP1
1910366722;6568061010;6568061010_L;ZB Taster neutral S;GE;SP1
1910209167;6568061660;;ZB Leiterplatte MA9 Standanzeige rot;GE;SP1
1910369248;6568062660;6568062660_L;ZB Leiterplatte STA Adapter TCI/TCM;GE;SP1
1910366725;6568063010;;ZB Blindelement Neutral S;AE;SP6
1910366726;6568069010;;ZB Taster Ventilator S;GE;SP1
1910207880;6568069660;;ZB Leiterplatte MA3 WFA+STA rot waagr.;GE;SP1
1910366727;6568070010;;ZB Taster Tür zu Vandalensicher;GE;SP1
1910207881;6568071010;;ZB Taster auf/ab S;ES;SP5
1910207882;6568072010;;ZB Taster auf S;GE;SP3
1910207883;6568073010;;ZB Taster ab S;ES;SP3
1910366728;6568075660;;ZB Leiterplatte Beleuchtungsfeld rot;GE;SP1
1910366729;6568076660;;ZB Leiterplatte Beleuchtungsfeld grün;GE;SP2
1910366730;6568078660;;ZB Leiterplatte MA5 WFA+STA rot senkr.;GE;SP1
1910366731;6568079660;;ZB Leiterplatte MA3 WFA rot waagr.;GE;SP1
1910366732;6568080660;;ZB Leiterplatte MA5 WFA rot senkr.;GE;SP1
1910207884;6568084010;;ZB Standanzeige 40x40 CAN-Bus Basic;AE;SP6
1910207885;6568085010;;ZB Weiterfahrtanzeige 3.21B/1 Aktiv;AE;SP6
1910363632;6568092010;;ZB Gehaeuse 240/78;GE;SP2
1910363634;6568101040;;Rahmen 1 Taster;EU;SP5
1910207887;6568101050;;Abdeckkappe I Stepmodul;GE;SP1
1910207888;6568101140;;Schluesselblende ohne Quittung Basic;AE;SP6
1910207889;6568101160;;Wippe Makrolon2405 natur;AE;SP6
1910363635;6568101180;;Buegel 48,5x36,8x1,6;GE;SP2
1910207890;6568101580;;ZB Rahmen 8B mit Deckglas gruen;GE;SP1
1910207891;6568102050;;Abdeckkappe V;GE;SP1
1910564026;6568102140;;Schlüsselblende mit Quitt. ohne LED;GE;SP1
1910207892;6568102580;;ZB Rahmen 8C mit Deckglas Rot;GE;SP1
1910363640;6568103040;;Rahmen Step Basic;AE;SP6
1910366740;6568103050;;Abdeckkappe VI;GE;SP1
1910207893;6568104050;;Befestigungskappe 1 (Step Modul);GE;SP1
1910207894;6568104140;;Schlüsselblende ohne Quittung C;GE;SP1
1910363641;6568105050;;Befestigungskappe VI (Step Modul);GE;SP1
1910363645;6568105140;;Schlüsselblende C mit Loch ohne LED;GE;SP1
1910363646;6568107040;;Rahmen 5;AE;SP6
1910363647;6568108040;;Rahmen 6;GE;SP1
1910564134;6568115040;;Lautsprecherfront vandalensichere Ausf.;AE;SP6
1910363648;6568117040;;Rahmen Step C;GE;SP1
1910363651;6568118040;;Rahmen 2A C;GE;SP2
1910207895;6568118050;;Tastplatte C;GE;SP1
1910363652;6568119040;;Rahmen 3C;GE;SP1
1910207896;6568120040;;Rahmen 5C;GE;SP1
1910363653;6568121040;;Rahmen 6C;GE;SP1
1910369250;6568121050;;Tastplatte C Bezeichnung angeben;EU;SP5
1910363654;6568122040;;Rahmen 7C;GE;SP1
1910363658;6568126040;;Befestigungsrahmen 160x100x1;GE;SP2
1910363659;6568130040;;Gehaeuse 240x78;GE;SP1
1910363660;6568131040;;Gehaeuse 340x78;GE;SP2
1910363661;6568901580;;Einlegepapier gruen 32x32;GE;SP1
1910363662;6568901940;;Rastfeder aus gehaertetem Federbandstahl;GE;SP2
1910364273;6568902580;;Einlegeschild Stockwerk;EU;SP5
1910207897;6568902940;;Toleranzausgleichsfeder;GE;SP1
1910363664;6568903580;;Filterfolie gruen 31,5x31,5;GE;SP1
1910207898;6568904580;;Filterfolie gruen 31,5x111,5;GE;SP1
1910564135;6568905580;;Einlegeschild Filmfolie 151,3x31,5x0,1;GE;SP1
1910364263;6568905950;;Gummidichtung 36x36x5;EU;SP5
1910363665;6568906580;;Filterfolie gruen 31,5x151,5;GE;SP1
1910366763;6568907580;;Einlegepapier gruen;GE;SP1
1910363667;6568908580;;Distanzscheibe Plexiglas klar;GE;SP1
1910364274;6568914582;;Einlegeschild 111x31;GE;SP2
1910364275;6568915580;;Einlegeschild 31x31;GE;SP2
1910364276;6568920580;;Einlegeschild Sonder;EU;SP5
1910363670;6568928580;;Scheibe klar 7;GE;SP2
1910364269;6568931580;;Schild Stockwerksbezeichnung 81,7x81,7;GE;SP2
1910364277;6568933580;;Einlegeschild Stockwerksbeschriftung;GE;SP2
1910363672;6568934580;;Einlegepapier 31,5x151,5 gruen;GE;SP1
1910363674;6568936580;;Filterfolie rot;GE;SP1
1910363675;6568937580;;Filterfolie rot 6;GE;SP1
1910363678;6568941580;;Filterscheibe rot 7;EU;SP5
1910363683;6568942580;;Einlegefolie 8;GE;SP1
1910363684;6568944580;;Einlegeschild TS C;GE;SP1
1910364292;6568945580;;Einlegeschild Notruf B;GE;SP2
1910363685;6568946580;;Einlegeschild Notruf C;GE;SP1
1910363686;6568948580;;Streuscheibe weiss transparent;GE;SP2
1910363690;6568950580;;Einlegepapier Rot 7;EU;SP5
1910207900;6570002920;;ZB Kontaktbolzen;EU;SP5
1910207901;6570003010;;ZB Schütz 175V;EU;SP5
1910363692;6570010620;;ZB Verbindungslitze;EU;SP5
1910363695;6570035010;;Leistungsschütz 3TF4844-OAPO  230V;GE;SP2
1910209261;6570035600;6570035600_L;ZB Varistor;GE;SP3
1910363698;6570038600;;RC Entstoerglied 3-fach;GE;SP1
1910207902;6570041600;;Vorsetzblock LAD N01;GE;SP1
1910207903;6570042600;;Vorsetzblock LAD N10;GE;SP1
1910207904;6570043600;;Hilfskontaktblock 2S 2OE ueberlappend;GE;SP1
1910207905;6570044600;;Hilfskontaktblock 2S 2OE;GE;SP1
1910207906;6570045600;;Hilfskontaktblock 4S 0OE;GE;SP1
1910207907;6570046600;;Hilfskontaktblock 0S 4OE;GE;SP1
1910207908;6570047600;;Hilfskontaktblock 1S 1OE;GE;SP1
1910207909;6570048600;;Hilfskontaktblock 1S 1OE an.verz.0,1-30s;GE;SP1
1910363699;6570049010;;Leistungsschütz LP13 6A 3H 1OE 24VDC;GE;SP2
1910207910;6570049600;;Hilfskontaktblock 1S 1OE ab.verz.0,1-30s;GE;SP1
1910207911;6570050600;;Hilfskontaktblock 1S 1OE ab.verz.10-180s;GE;SP1
1910365799;6570051600;;RC Glied LA4 DA2U9 110-240VAC;GE;SP1
1910207912;6570056010;;Wendeschütz LC1 9A 3H 1S 1OE 230V AC;GE;SP1
1910363700;6570059600;;RC Glied 47/0,47/250 VAC;GE;SP2
1910207913;6570061600;;Ueberspannungsbegrenzer 50-127V;GE;SP1
1910207914;6570068010;;Hilfsschuetz 2S 2OE 24VDC CA3-KN BD3;GE;SP1
1910207916;6570603600;;Kontaktkohle CRP3;EU;SP5
1910207917;6570902520;;"""Scheibeaus Moosgummi
""";AE;SP6
1910207918;6570903520;;Vulkolanscheibe;GE;SP1
1910207919;6570904520;;Filzscheibe;AE;SP6
1910207920;6571001180;;Hauptkontaktbuegel;AE;SP6
1910368163;6571001620;;ZB Hauptkontaktbruecke für Typ 6571/1;AE;SP6
1910207921;6571002620;;ZB Hauptkontaktbruecke für Typ 6571/2;AE;SP6
1910563982;6572001600;;Hauptkontaktbuegel;AE;SP6
1910564136;6572011620;;ZB Hauptkontaktbruecke;AE;SP6
1910363702;6576005620;;ZB Federsatz;EU;SP5
1910363703;6576007010;;Ueberstromrelais;GE;SP1
1910369252;6576015010;6576015010_L;Relais BV3046-18-1098;EU;SP5
1910207922;6576017010;;Relais Stromstoss 24VAC 2W 20A schraub;GE;SP1
1910363705;6576034010;;Relais asymetrier 380V;GE;SP1
1910363711;6576045010;;Relais 12VDC 250VAC 8A liegend Print;EU;SP5
1910365798;6576051010;;Zeitrelais Digital;GE;SP1
1910363712;6576052010;;Zeitrelais;GE;SP2
1910207923;6576061010;;Relais 12V-240V universell einsetzbar;GE;SP1
1910365797;6576063010;;Relais EMG 24VUC 2W 6A;GE;SP1
1910207924;6576065010;;Relais Strommessrelais Schnappbef.;GE;SP2
1910207925;6576067010;;Koppelrelais UC 42V;AE;SP6
1910363713;6576072010;;Relais f.ZB Anpassungspl./Schnittstellen;GE;SP2
1910148045;6576079010;;Relais PLC 12VDC 1W 6A;GE;SP1
1910207926;6576080010;;Relais PLC 24VDC 1W 6A;GE;SP1
1910365796;6576081010;;Trennplatte fuer PLC-Relais;GE;SP2
1910365795;6576082010;;Steckbruecke 2pol 6mm;GE;SP1
1910365346;65800001947;;Ersatzsortiment f.Sparschalter Ersatzt.;GE;SP2
1910208405;65800009203;;Umbausatz Kendrion Hubmagnet;GE;SP1
1910363719;6580010010;;ZB Bremsmagnet;GE;SP2
1910207927;6580023010;;ZB Magnetgleitbahn 175V;GE;SP2
1910207928;6580903520;;Anschlagscheibe;GE;SP1
1910364297;6580905520;;Filzring 72x7x5;GE;SP1
1910363721;6580905910;;Druckstueck;GE;SP1
1910364299;6580911520;;Scheibe 12x25x3;EU;SP5
1910369253;6580912520;;Scheibe 16x30x3;EU;SP5
1910364884;65810001133;;Haftmagnet D40 24V DC 470N ED100%;GE;SP1
8001332295;65810009203;;Haftmagnet D130 G172-O ATEX1137X;GE;SP2
8001346240;65810009205;;Haftmagnet D180 G174-O ATEX1137X;GE;SP1
1910207929;6581002010;;ZB Haftmagnet 130 D W191;GE;SP1
1910207930;6581003010;;ZB Haftmagnet 95D;GE;SP2
8001332294;6581004011;;Haftmagnet D130 100/50VDC Mayr;GE;SP1
1910363723;6581012010;;ZB Haftmagnet D 160 EX;EU;SP5
8001292900;6581014010;;Haftmagnet D160 100/50VDC;AE;SP6
8001346209;6581015010;;Haftmagnet D180 100/50VDC;EU;SP5
1910563983;6582001400;;ZB Winkelhebel;EU;SP5
1910207933;6582902520;;"""Zwischenscheibe D72mm 
Vulkol.""";GE;SP1
1910363726;6583006010;;ZB Bremsmagnet BM30;EU;SP5
1910207934;6583902520;;Zwischenscheibe D82mm Vulkol.;GE;SP1
1910207935;6587001010;;Magnetkurve 6587/R-40 V;GE;SP1
1910207936;6587002010;;Riegelmagnetkurve 587/L;GE;SP1
1910366805;6587005010;;ZB Magnetkurve R 180V;GE;SP1
1910207937;6587006010;;ZB Magnetkurve L 180V;GE;SP1
1910207938;6587009010;;Magnetkurve EMT18 IP40;GE;SP1
1910207939;6587010010;;Magnetkurve EMT18 IP54;GE;SP1
1910363727;6587701970;;Zugstange;AE;SP6
1910363728;6589010010;;ZB Daempfer fuer Magnetkurve;GE;SP2
1910363730;6589012010;;ZB Magnetkurve Ex 40V;EU;SP5
1910207940;6591004600;;ZB Kontaktfinger;AE;SP6
1910207941;6591008600;;ZB Stockwerkschalter;EU;SP5
1910363440;6591408410;;Kurve fuer Kopierwerk flach 100mm lang;EU;SP5
1910363443;6591409410;;Kurve fuer Kopierwerk erhöht 75mm lang;EU;SP5
1910363738;6591440430;;Kettenrad Z80;EU;SP5
1910363742;6591601600;;Kontaktbahn 410 mm;GE;SP2
1910364313;6591601640;;Stift fuer ZB Impulsring nach Auftrag;AE;SP6
1910207942;6591609600;;Kontaktbahn 250 mm;EU;SP5
1910363743;6593005980;;ZB Kurvenbefestigung;EU;SP5
1910363750;6593035010;;Schaltkurve 6593/3;EU;SP5
1910209168;6593305300;;Welle 153xD16xM6;EU;SP5
1910364320;6593901140;;Antidröhnstreifen 200;GE;SP1
1910363751;6593905160;;Kurve 1;EU;SP5
1910207943;6593910160;;Schaltkurve 2 RE;EU;SP5
1910207944;6593915520;;Abstandsstueck 30x15x1,5;EU;SP5
1910364889;65960000330;;Verteilerabdeckung IL250;EU;SP5
1910364892;65960000847;;Konsole IL205;GE;SP2
1910364894;65960000848;;Konsolenwinkel IL205;GE;SP2
1910365762;65960000876;;ZB Leitung RS232 9pol BU ST 1,8 m;GE;SP2
1910366819;65960001207;;ZB Busleitung Anzeigeersatz STA4;GE;SP2
1910366820;65960001746;;ZB Leitung Spann.vers. MP 1,5;AE;SP6
1910364895;65960001975;;ZB Gehaeuse halogenfrei MS-Leiterpl.;EU;SP5
1910365356;65960002481;;ZB MS Gehaeuse Can Voll Halogenfrei;EU;SP5
1910369272;65960002706;65960002706_L;ZB Leitung Lokalbus Hauptverteiler DZS;GE;SP4
1910564027;65960003584;;ZB Leitung BDK;AE;SP6
1910366822;65960003801;;ZB Leitung MH3-MM seriell BDK DZS;EU;SP5
1910366823;65960004635;;ZB Leitung BDK Hauptverteiler Notstromv.;EU;SP5
1910364901;65960004730;;ZB Verteilerkonsole MC1/2 AL250;AE;SP6
1910364905;65960004825;;Leitung FLRY 0,5qmm 170mm;EU;SP5
1910208406;65960004848;;ZB Leitung Lokalbus TCM/MC1;GE;SP1
1910366826;65960004850;;ZB Leitung Lokalbus TCM/MC2;GE;SP1
1910364906;65960005093;;ZB Schalteranbau Not-Aus Schacht;GE;SP1
1910369273;65960005317;65960005317_L;Befestigungswinkel Deckplatte AL250;EU;SP5
1910365761;65960005413;;ZB Leitung Spannungsversorgung MP;GE;SP2
1910369274;65960005771;;ZB Stecker Satz Baugruppe MC3;AE;SP6
1910365366;65960005773;;ZB Stecker Satz Baugruppe MH3;GE;SP2
1910564137;65960005928;;ZB Leitung Hauptverteiler DZS CPI;EU;SP5
1910208407;65960005932;;ZB Leitung I-Teil MC1 CPI bei 2xS1750 6m;GE;SP1
1910208408;65960005954;;ZB Leitung I-Teil I60MA 25p. API;AE;SP6
1910366831;65960005955;;ZB Leitung I-Teil MC1 Isostop16M;GE;SP2
1910208409;65960005961;;ZB Leitung Impulsgeber CPI 9 pol.;AE;SP6
1910366832;65960006058;;ZB Leitung Adapter Montagebox Aufbaulam.;EU;SP5
1910364910;65960006111;;ZB Traegerplatte MSM AL250/300;GE;SP1
1910364911;65960006112;;ZB Trägerplatte MC3 AL250;EU;SP5
1910364912;65960006113;;ZB Traegerplatte MF3 AL250;EU;SP5
1910364915;65960006114;;ZB Traegerplatte MF4 AL250/300;GE;SP1
1910564133;65960006167_L;;ZB Leitung Verlaengerung Geberanschluss;GE;SP1
1910366837;65960006385;;ZB Leitung Programmierung Sprache MSM2;EU;SP5
1910564138;65960006911_L;;ZB Leitung Verlaengerung Impulsg. 9pol.;GE;SP1
1910564028;65960007467;;ZB Stecker Bruecke Sicherheitskreis;AE;SP6
1910564029;65960007468;;ZB Leitung Riegel Sicherheitskreis 4m;AE;SP6
1910366838;65960007560;;ZB Leitung MSM2-LS;GE;SP1
1910366839;65960007571;;ZB Leitung Beringer Hydraulik MC2-MVH;GE;SP1
1910365382;65960007588;;ZB Gehäuse MS-Voll ohne-Sicherheitsk.;GE;SP2
1910365370;65960007589;;ZB Gehäuse MS-Teil ohne-Sicherheitsk.;GE;SP1
1910564139;65960007590;;ZB Leitung Riegel Sicherheitsk. 8m ST/BU;EU;SP5
1910366345;65960009202;;ZB Leitung CAT5 5m ST-ST;Z0;SP1
1910561466;65960009204;;ZB Leitung CAT5 15m ST-ST;GE;SP1
1910564140;65960009206;;ZB Leitung Schacht parallel 15m ST-ST;AE;SP6
1910366842;65960009209;;ZB Leitung MH4 GT-DZS;GE;SP1
1910366843;65960009210;;ZB Leitung MH4 DZS-SI;GE;SP1
1910369275;65960009213;65960009213_L;ZB Leitung AWG28 20pol FBL MKA DZS;GE;SP3
1910208410;65960009216;;ZB Leitung Aufzugswärter MH4;GE;SP1
1910208411;65960009217;;ZB Leitung 12V Teleservice MH4;AE;SP6
1910208412;65960009220;;ZB Leitung MH4-Netzteil;AE;SP6
1910208413;65960009222;;ZB Leitung 230V / 24V Teleservice MH4;AE;SP6
1910564141;65960009223;;ZB Leitung Verbindung MH4-FA1;AE;SP6
1910366844;65960009226;;ZB Leitung MPP BUS BDK1800;GE;SP1
1910208414;65960009227;;ZB Leitung Missbrauchserk. TS MH4;AE;SP6
1910365760;65960009228;;ZB Leitung AWG28 20pol FBL MKA MC1 MC2;GE;SP2
1910365519;65960009241;;ZB Stecker Bruecke Sprechstelle BDK1800;GE;SP2
1910564030;65960009254;;ZB Leitung BDK 2000 Inverterbox;AE;SP6
1910366846;65960009255;;ZB Leitung MH4 GT-DZS1;GE;SP1
1910366847;65960009256;;ZB Leitung MH4 DZS1-SI;GE;SP1
1910364917;65960009264;;ZB Haengekabel SPIRIT W11+W12;GE;SP2
1910564142;65960009303;;ZB Leitung Ueberwachung STuer 8m -BU;AE;SP6
1910564031;65960009305;;ZB Leitung Ueberwachung STuer 4m ST-BU;GE;SP1
1910564032;65960009307;;ZB Stecker Bruecke Ueberwachung STuer ST;AE;SP6
1910564143;65960009310;;ZB Leitung DZS CPI;GE;SP1
1910364919;65960009312;;ZB Gehaeuse MS-Voll o.Sich.kreis CAT5;GE;SP1
1910364924;65960009313;;ZB Gehaeuse MS-Teil o.Sich.kreis CAT5;GE;SP1
1910366852;65960009315;;ZB Leitung Schluesselschalter S87.2;EU;SP5
1910208415;65960009324;;ZB Leitung Adapter Montagefahrtbox;EU;SP5
1910369254;65960009335;;ZB Leitung Schachtbus Spannungsvers. W30;EU;SP5
1910364928;65960009338;;Befestigungskonus Deckplatte AL300;GE;SP1
1910366855;65960009347;;ZB Leitungssatz Kondensator MH4 BDK1800;GE;SP1
1910364929;65960009350;;Grubensteuerstelle Franz. Ausfuehrung;GE;SP2
1910366857;65960009416;;ZB Adapter LCD Anzeige Schachtbus;GE;SP1
1910366858;65960009417;;ZB Leitung WFA-Fahrkorb MC3-FKVT;GE;SP2
1910366859;65960009418;;ZB Leitung WFA-Fahrkorb FKVT-WFA;GE;SP1
1910366860;65960009419;;ZB Leitung WFA-Fahrkorb FKVT-WFA Dula;GE;SP2
1910365759;65960009424;;ZB Aderleitung 800mm blau AEH-AEH;EU;SP5
1910564033;65960009483;;ZB Leitung Begrenzer GBTK-6023F-BDK-X1;GE;SP2
1910209034;65960009486;65960009486_L;Grubensteuerstelle mit Verteilerkasten;GE;SP1
1910209035;65960009499;65960009499_L;ZB Verbindungsleitung CPI:X906-ESA:X220;GE;SP4
1910209036;65960009500;65960009500_L;ZB Grubensteuerstelle fr. m.Verteilerbox;GE;SP1
1910369255;65960009517;;ZB LS Abs.Steuer.Licht BDK2000 Syn/EVO-F;GE;SP1
1910366863;65960009550;;ZB Leitung Anschluß DC/AC schuko offen;EU;SP5
1910209037;65960009585;65960009585_L;ZB Leitung Schachtlicht 10m Eur-Stecker;AE;SP6
1910366864;65960009587;;ZB Leitung Schachtlicht 10m UK;GE;SP2
1910369277;65960009601;65960009601_L;ZB Leitung W68.2 V1;EU;SP5
1910364930;65960009613;;Grubensteuerstelle UK m.Verteilerbox;GE;SP2
1910364931;65960009614;;Grubensteuerstelle CH m.Verteilerbox;GE;SP2
1910208416;65960009624;;ZB Leitung Montagefahrtbox 25m;AE;SP6
1910364933;65960009659;;Grubensteuerstelle dänische Ausführung;GE;SP2
1910364934;65960009660;;Grubensteuerstelle Denm. m.Verteilerbox;GE;SP2
1910366870;65960009675;;ZB Busleitung LS2 auf CPI;GE;SP2
1910208417;65960009677;;ZB Leitung Geber Beringer Hydr konfek.6m;GE;SP1
1910365381;65960009694;;Zusatz Grubenst.m.Vert.Synergy-e 1,6m/s;GE;SP2
1910365758;65960009698;;ZB Leitung TCM-CPI-2300;GE;SP1
1910364935;65960009736;;Traegerblech 52x62.5x2;EU;SP5
1910366873;65960009764;;ZB Leitung STEP Gong + WFA gemeinsam;EU;SP5
1910369278;65960009782;65960009782_L;ZB Leitung CAN Bus Anz. FK-V.kast.24V_0V;EU;SP5
1910364937;65960009791;;ZB Montagefahrtadapter BDK2000 MHC;GE;SP1
1910564034;65960009792;;ZB Leitung CAN-Bus BDK2000 MHC-RPI;GE;SP1
1910208418;65960009794;;ZB Leitungssatz Varistor 24V;AE;SP6
1910364939;65960009834;;ZB Lautsprecher AL300 MHC;EU;SP5
1910366878;65960009836;;ZB Leitungssatz intern LINK AL300 MHC;GE;SP2
1910366879;65960009865;;ZB Leitung W70.5 AL275/AL300/ILvar MHC;AE;SP6
1910208419;65960009869;;ZB Prüfadapter -RPI-Inverterbox- Bremse;GE;SP1
1910366880;65960009884;;ZB Netzteil G11.1 Inverterbox RPI;GE;SP1
1910369256;65960009916;;ZB LS Außer Betr. BDK2000 MHC Syn/EVO-F;GE;SP1
1910369257;65960009917;;ZB LS K36 BDK2000 MHC Syn/EVO-F;GE;SP1
1910366883;65960009925;;ZB Leitungssatz Sich.4pol. BDK2000 MHC;EU;SP5
1910208420;65960009935;;ZB Leitung 8-pol. mit Sub-D-Stecker;GE;SP1
1910366649;65960009948;;ZB Leit. W40.3 V1 AL275/AL300/ILvar MHC;EU;SP5
1910366885;65960009986;;ZB Leitungssatz NEU Brandfall BDK2000;GE;SP1
1910369258;65960009988;;ZB LS BF BDK2000-160 MHC2;GE;SP1
1910366650;65960009989;;ZB LS BF CH Var.1 BDK2000 MHC Syn/EVO-F;AE;SP6
1910364940;65960010036;;Grundkoerper AL275 LED;EU;SP5
1910364942;65960010049;;Makrolonblende LED AL275;EU;SP5
1910366664;65960010064;;ZB Leit. W40.3 V2 AL275/AL300/ILvar MHC;EU;SP5
1910364946;65960010066;;ZB Verteilerkopf EvoF Standard V1;GE;SP1
1910366892;65960010091;;ZB Leitungssatz MSM2 AL275 MHC;AE;SP6
1910366651;65960010099;;ZB MS-Gehaeuse MS4;GE;SP1
1910208421;65960010104;;ZB Leitungssatz NTC BDK2000;GE;SP1
1910364947;65960010118;;ZB Montagefahrtadapter BDK2000-160 MHC;GE;SP2
1910364948;65960010119;;ZB Anschlusskasten Haengek. EvoF L;GE;SP1
1910366895;65960010127;;ZB Leitungssatz F14 BDK2000 Syn/EVO-F;GE;SP2
1910364949;65960010128;;Grubensteuerstelle m.Inst-Box EVO-F;GE;SP2
1910364950;65960010130;;Grubensteuerstelle m.Inst-Box EVO-F UK;GE;SP2
1910366898;65960010136;;ZB Leitung CAT5 3m ST-ST grün;GE;SP1
1910366899;65960010145;;ZB Leitung CAT5 5m ST-ST grün;GE;SP2
1910366900;65960010146;;ZB Leitung CAT5 7,5m ST-ST grün;EU;SP5
1910366901;65960010157;;ZB Endschalter unten Fahrkorb EVO-F;GE;SP1
1910366684;65960010158;;ZB Schalter Fahrkorbarretierung EVO-F;GE;SP1
1910366685;65960010159;;ZB Fangschalter unten EVO-F;GE;SP1
1910366904;65960010160;;ZB Leitung K8A Tuerschalter;GE;SP1
1910366686;65960010166;;ZB L-satz Fremdbelueftung 1phasig MCMV2;GE;SP2
1910366906;65960010180;;ZB Leitung CanBus F9-Türantrieb Zugang 1;GE;SP2
1910368691;65960010183;65960010183_L;Y-Adapter 2xRJ45-6pin 8P6C-8P8C SlimLop;GE;SP1
1910366909;65960010184;65960010184_L;Leitung RJ45 6 polig 600 SlimLop;GE;SP1
1910369282;65960010185;65960010185_L;Leitung 4-polig SlimLop l=75;GE;SP1
1910364953;65960010186;65960010186_L;Leitung 2-polig SlimLop X6/X7;GE;SP1
1910366914;65960010189;65960010189_L;Leitung 6-polig WMSL3.5/6 SlimLine l=600;GE;SP2
1910366915;65960010193;;ZB Leitungssatz BKK mit MF4 - FKVT;AE;SP6
1910369087;65960010196;65960010196_L;Leitung 4-polig SlimLop l=1500;GE;SP1
1910366918;65960010206;;ZB Leitungssatz intern ILvar. EVO-F;EU;SP5
1910366919;65960010207;;ZB Leitungssatz X40.20 ILvar. EVO-F;AE;SP6
1910369259;65960010231;;ZB Leit. W21.3 V1 AL275/AL300/ILvar MHC;GE;SP1
1910366921;65960010262;;ZB Leitung 8pol 1000mm;GE;SP1
1910366922;65960010263;;ZB Leitung 10pol 1000mm;GE;SP1
1910366923;65960010281;;ZB Leitung Lokalbus MC2-MH4 MCM;GE;SP1
1910369283;65960010283;;ZB Schalter Notentr.Schachttuer S2-Sn;EU;SP5
1910369260;65960010285;;ZB Leitungssatz 4pol. BDK2000-160 MHC;GE;SP1
1910366925;65960010325;;ZB Leitung E.COR TWR-CPI l=3m;EU;SP5
1910364967;65960010371;;Schwenkhebelgriff Häwa Schrank;GE;SP1
1910208422;65960010380;;ZB Leitung Türschalter Zug.DS Synergy;GE;SP1
1910208423;65960010381;;ZB Leitung Türschalter Zug.HS Synergy;GE;SP1
1910369261;65960010407;;ZB LS X9.3:30-32 BDK2000-160 MHC;GE;SP1
1910364968;65960010487;;Leitung 2-polig SlimLOP-X101/3-4 l=3m;GE;SP1
1910364981;65960010489;;Wegsensor induktiv analog 9V mit X801;GE;SP1
1910366931;65960010493;;ZB Leitungssatz K46 Verteilerkopf;EU;SP5
1910366932;65960010515;;ZB Bus-Leitung F9 Synergy A DS;AE;SP6
1910366933;65960010516;;ZB Leitung F9 Antrieb FKVT 24V-LT-TU 2m;GE;SP1
1910366934;65960010518;;ZB Leitung F9 Antrieb FKVT 24V-LT Z.2 4m;EU;SP5
1910364982;65960010535;;ZB Verteilerkopf Syn-MHC Standard;EU;SP5
1910365757;65960010560;65960010560_L;ZB Aderleitung 5000mm blau Molex-Kontakt;GE;SP4
1910366936;65960010566;;Zuleitung Schachtlicht l=10m IP54;GE;SP2
1910365756;65960010567;;ZB Leitungssatz W90 KVE;EU;SP5
1910208424;65960010575;;ZB Leitung 24V DC Notrufs.Max 5m (1);GE;SP1
1910208426;65960010577;;ZB Leitung MAX Zusatzoptionen 5m;GE;SP1
1910364986;65960010603;;ZB Inspektionssteuerung SG CAN-Bus;GE;SP1
1910364991;65960010604;;Gehaeuse Kabelkanal 350x130x61;EU;SP5
1910365008;65960010617;;ZB Verteiler Inspektionssteuerung SG;GE;SP2
1910365012;65960010618;;ZB Verteiler Inspektionssteuer. SG SYN;GE;SP2
1910564035;65960010639;;ZB Stecker Bruecke Riegelkreis NECD15;GE;SP1
1910366940;65960010679;;ZB Leitung Notlicht 2xSTEP;GE;SP1
1910366941;65960010689;;ZB Leitung VS-Platte Sprechstelle lang;EU;SP5
1910365018;65960010694;;ZB Inspektionssteuerung SG CAN-Bus V2;GE;SP1
1910365020;65960010702;;ZB Schachtbeleuchtung LED;EU;SP5
1910366705;65960010711;;ZB MS-Gehaeuse TCM Grubenzg. IP54;GE;SP1
1910369262;65960010712;;ZB MS-Gehaeuse Can Voll Grubenzg.;EU;SP5
1910365021;65960010740;;ZB Verteiler Schachtgrube konfigurierbar;GE;SP2
1910366707;65960010745;;ZB Schalter STOP Schalter MR;EU;SP5
1910366948;65960010768;;ZB Leitung W40.1 AL250,IKK S1200A;GE;SP1
1910208427;65960010787;;ZB Kabelsatz Notrufsys. TCI/3rd Party 5m;GE;SP1
1910365022;65960010804;;ZB Montagefahrtadapter MCM S1200AB;GE;SP2
1910366703;65960010861;;ZB MS4-Gehaeuse EN81-72;GE;SP1
1910366951;65960010897;;ZB Leitung W43 VF7 CAN 3000;GE;SP1
1910366952;65960010898;;ZB Leitung Verteilerkopf W50.4 VF7 CAN;GE;SP2
1910366953;65960010908;65960010908_L;ZB Leitung MS4 Display 5500;GE;SP2
1910366955;65960010912;;ZB Leitung Notruftast. NC SPACE MC3 1600;AE;SP6
1910366956;65960010916;;ZB Leitung W50 VF7 CAN;GE;SP2
1910366957;65960010921;;ZB Leitung RJ45 Display 4500;GE;SP1
1910366958;65960010969;;ZB Leitung W50.10 VF7 CAN;GE;SP1
1910369263;65960010970;;ZB Leitung W50.10D VF7 CAN;GE;SP1
1910369264;65960010975;;ZB Leitung RJ45 Display 6500;GE;SP1
1910366961;65960010977;;ZB Leitung Taster SPACE 2600;GE;SP1
1910369265;65960010978;;ZB Leitung Taster SPACE 5500;EU;SP5
1910366710;65960010982;;ZB LS VF7 Zugang-1 Verteilerkopf;GE;SP1
1910366964;65960011009;;ZB Leitung BDK 2000 Inverterbox W80.1;GE;SP2
1910365755;65960011013;;ZB Leitung Lokalbus MH4-MC1;AE;SP6
1910365754;65960011071;;ZB Summer EN81-72/73;GE;SP2
1910366715;65960011072;;ZB Schalter  W89.1 Teleskopschürze R4-EM;GE;SP1
1910366968;65960011076;;ZB Leitung W89.2 Teleskopschürze R4-EM;GE;SP1
1910369267;65960011118;;ZB Gehaeuse MH4-GT Schacht;EU;SP5
1910369268;65960011146;;ZB Leitungssatz MH4 EVO MHC2 6m;GE;SP2
1910366971;65960011197;;ZB Leitung L-CAN-BUS MHC2;GE;SP1
1910366972;65960011204;;ZB Leitung L-CAN-BUS-D MHC2;GE;SP1
1910369269;65960011210;;Set Kabelkanal gelocht verzinkt;GE;SP2
1910369270;65960011265;;ZB Leitung CCR-Moxa 5m;GE;SP2
1910369271;65960011333;;ZB Leitung MSM2 Adapter Schachtbus;EU;SP5
1910365753;65960011414;;ZB Leitung W03 VK2 FVT-CAN NT200;GE;SP1
1910366976;65960011420;;ZB Leitung W43 VF7 CAN MHC2;GE;SP1
1910366977;65960011456;;Logo TKE 2021 80x66x2,0 1.4301 vertikal;GE;SP1
1910366978;65960011460;;Logo TKE 2021 60x1.5 1.4301 vertikal;GE;SP1
1910366979;65960011461;;Logo TKE 2021 60x2.0 1.4301 vertikal;GE;SP1
1910366980;65960011463;;Logo TKE 2021 40x2.0 1.4301 vertikal;EU;SP5
1910366981;65960011464;;Logo TKE 2021 110x1.5 1.4301 vertikal;GE;SP2
1910366982;65960011465;;Logo TKE 2021 110x2.0 1.4301 vertikal;EU;SP5
1910366983;65960011469;;Logo TKE 2021 80x66x1,5 1.4301 vertikal;EU;SP5
1910366984;65960011564;;ZB Leitungssatz MAX-V2 MC1/MC2 5m;GE;SP1
1910366985;65960011565;;ZB Leitungssatz MAX-V2 MC3 12m;GE;SP1
1910366986;65960011566;;ZB Leitungssatz MAX-V2 MC3 20m;GE;SP1
1910366987;65960011567;;ZB Leitungssatz MAX-V2 TCI 5m;GE;SP1
1910369089;6596001890;;ZB Leitung YR 6x0,8/ 4-pol 2600;GE;SP1
1910366989;6596003890;;ZB Leitung YR 10x0,8/8pol. 2600;GE;SP2
1910366990;6596004890;;ZB Leitung YR 3x0,8 3pol 2600;AE;SP6
1910366991;6596005890;;ZB Leitung YR 10x0,8/12pol 2600;GE;SP2
1910363752;6596006070;;ZB Schutzglas;GE;SP1
1910366993;6596007890;;ZB Leitung YR 3x0,8/2pol 2600;GE;SP1
1910366994;6596008890;6596008890_L;ZB Leitung MV6-ESA 1510;GE;SP2
1910365794;6596011890;6596011890_L;ZB Leitung Telefon;GE;SP4
1910366996;6596014890;;ZB Leitung YR 6x0,8/8pol. 2600;EU;SP5
1910209038;6596015660;6596015660_L;Grubensteuerstelle;GE;SP1
1910207945;6596015890;;ZB Steuerleitung 1200;EU;SP5
1910564144;6596022980;;ZB Flachleitungsaufhaengung HFK1;AE;SP6
1910564036;6596023980;;ZB Flachleitungsaufhaengung;AE;SP6
1910363753;6596024980;;ZB Haengekabelbefestigung;GE;SP2
1910363755;6596028040;;Gehaeuse MS2;GE;SP1
1910366999;6596029890;;ZB Leitung Impulsgeber;EU;SP5
1910367000;6596034890;;ZB Leitungssatz F2;GE;SP2
1910564037;6596037980;;ZB Rundleitungsaufhaengung;GE;SP1
1910365793;6596040890;;ZB Leitung Schachtbus MZ1;GE;SP2
1910365792;6596041890;6596041890_L;ZB Leitung Schachtbus kompakt;AE;SP6
1910365791;6596043890;6596043890_L;ZB Leitung Spannungsversorgung Kompakt;AE;SP6
1910369289;6596061890;6596061890_L;ZB Busleitung ANZ.TCI-ADAP;EU;SP5
1910365790;6596064890;;ZB Leitung API/CPI;GE;SP1
1910365789;6596065890;;ZB Leitung API TCM 1,5 PE 1,5m;EU;SP5
1910365788;6596066890;;ZB Leitung API TCM 1,0 var.;GE;SP2
1910365787;6596067890;;ZB Leitung API TCM 1,5 PE var.;GE;SP2
1910207948;6596070890;6596070890_L;ZB Leitung MV6-ESA 550mm;GE;SP4
1910364327;6596080010;;ZB MS Gehaeuse;EU;SP5
1910207949;6596083890;;ZB Leitung MH2 Klemmen L2000;AE;SP6
1910207950;6596084890;;ZB Leitung MH2 BDK;AE;SP6
1910369292;6596090880;6596090880_L;ZB Leitung FK TCI MF1-MF2-MA1.x;EU;SP5
1910564145;6596091890;;ZB Leitung Magnetventil 12m;GE;SP1
1910364315;6596095010;;ZB MS-Gehaeuse TCM teilbestückt;GE;SP1
1910564146;6596095890;;ZB Leitung Istwertgeber Beringer 12m;AE;SP6
1910363758;6596096010;;ZB MS-Gehaeuse Can Voll;GE;SP1
1910364328;6596096014;;ZB MS Gehaeuse Can Abw.;EU;SP5
1910367029;6596097010;;ZB MS-Gehaeuse TCM IP54;GE;SP2
1910363764;6596101590;;Riegelhaken Platine 42,5x30x1,5 verzinkt;GE;SP2
1910209213;6596101870;;ZB Leitung Schachtlicht 10m;GE;SP2
1910209214;6596102870;6596102870_L;Verbindungsleitung Stecker/Buchse 2m;GE;SP1
1910363765;6596103580;;Schutzglas 50x120 R3 grün;GE;SP2
1910367017;6596103870;;Anschlussleitung h-fr Litzen/Buchse 10m;EU;SP5
1910209039;6596104870;6596104870_L;Verbindungsleitung h-fr Steck./Buchse 2m;GE;SP1
1910363770;6596105580;;Schutzglas 50x120 rot;GE;SP1
1910363773;6596106580;;Schutzglas 50x120 rot lackiert;GE;SP2
1910363774;6596107580;;Schutzglas rot;EU;SP5
1910363775;6596108110;;Traegerblech Sprechstelle Step;GE;SP2
1910363776;6596170050;;Deckel Fahrkorbverteilerkasten;GE;SP2
1910367024;6596201220;;Scharnierbolzen 60x28x2 verzinkt;EU;SP5
1910363777;6596201250;;Lagerblock;GE;SP2
1910363778;6596908980;;Schieber 140x65x1;GE;SP2
1910365023;65990001440;;ZB Tuer Elegant BDK1800 Schlüssel;GE;SP1
1910365028;65990001447;;Deckplatte oben Bedienkasten DZS;GE;SP2
1910366734;65990001452;;Abdeckrahmen Bedienkasten DZS;GE;SP2
1910365029;65990002428;;ZB Notbremssteuerung NBS;EU;SP5
1910365030;65990002858;;ZB Standardbausatz 3Spr.m.Mhsp.;GE;SP2
1910369293;65990004775;;ZB Klemmenkasten NBS;GE;SP1
1910404821;65990007398;65990007398_L;Tuerblech Standard BDK 1800 DZS;EU;SP5
1910404807;65990007403;65990007403_L;Baugruppentraeger BDK 1800 DZS;EU;SP5
1910369294;65990007407;;Deckplatte unten Siemens BDK 1800 DZS;EU;SP5
1910365031;65990007951;;Traegerblech Leiterpl. MH4 BDK 1800 DZS;GE;SP2
1910365032;65990007953;;Deckplatte unten BDK 1800 DZS MH4;GE;SP1
1910365033;65990007956;;Haltewinkel fuer Akku BDK 1800 DZS;GE;SP2
1910365034;65990009204;;Buegel fuer Zaehlereinbau BDK1800 MH4;GE;SP2
1910369295;65990009207;;ZB Schalterkonsole BDK1800 MH4;GE;SP1
1910365752;65990009238;;Gehaeuse MKA;GE;SP1
1910365751;65990009245;;Klemmblech MKA Gehaeuse;GE;SP2
1910208428;65990009247;;Distanzring Fallenschloss BDK1800;GE;SP1
1910369301;65990009260;65990009260_L;Tuerblech 4301 BDK2000;EU;SP5
1910365035;65990009262;;Deckplatte oben BDK2000;GE;SP2
1910365036;65990009263;;Deckplatte unten BDK2000;GE;SP2
1910365037;65990009264;;Schalterkonsole BDK2000 MH4;EU;SP5
1910365039;65990009269;;Baugruppentraeger BDK2000;GE;SP2
1910365040;65990009313;;Deckel Zusatzbox Inverter CPI..F;GE;SP1
1910365042;65990009334;;Deckplatte oben BDK1800 DZS1 ohne MKA;GE;SP1
1910366758;65990009347;;ZB Schwimmerschalter Schachtgrube;GE;SP1
1910365043;65990009358;;ZB Tasche Dokumente Synergy;EU;SP5
1910365045;65990009367;;ZB Blech Set2 Gehaeuse a.d.Wand BDK2000;GE;SP1
1910365046;65990009381;;ZB Zusatzbox lang Inverter CPI..FS;GE;SP2
1910365750;65990009416;;Anschlusskonsole 2fach Schaltschrank;GE;SP2
1910365047;65990009465;;Deckplatte oben BDK2000 MHC;GE;SP1
1910365048;65990009469;;Deckplatte unten BDK2000 MHC;GE;SP1
1910366762;65990009474;;Haltewinkel Schalter S84 BDK2000 MHC;EU;SP5
1910365049;65990009488;;ZB Halterung Dokumententasche CPI..FS;EU;SP5
1910365050;65990009506;;Bodenrahmen MCM;GE;SP1
1910365051;65990009551;;Deckel Zusatzbox kurz Wandbef.;GE;SP2
1910365749;65990009590;;Geraetetafel Gehaeuse DGC-MHC;GE;SP2
1910365748;65990009591;;Deckel Gehaeuse DGC-MHC;GE;SP2
1910369296;65990009632;;ZB Tuer Elegant BDK2000-160;GE;SP1
1910365052;65990009647;;Deckplatte oben BDK2000-160;GE;SP1
1910365053;65990009649;;Deckplatte unten BDK2000-160;GE;SP1
1910365054;65990009657;;Adapterwinkel Wechselrichter BDK;AE;SP6
1910365055;65990009689;;ZB Tuer S800 Kiemen Hauptschalter;GE;SP2
1910365056;65990009694;;ZB Blechsatz Schrank S800;GE;SP1
1910369302;65990009801;65990009801_L;ZB Schwertsteuerung ohne N1;EU;SP5
1910365057;65990009839;;ZB Tuer Elegant BDK2000-160 3-Kt.;AE;SP6
1910365747;65990009843;;ZB Befestigungsschellen STS;EU;SP5
1910365058;65990009849;;Deckplatte unten BDK2000 EN81-20;AE;SP6
1910369298;65990009955;;Deckplatte oben BDK2000-160 MHC2;AE;SP6
1910363779;6599001160;;ZB Sterngriff;EU;SP5
1910364358;6599001400;;ZB Bremsluefthebel DAF210;GE;SP2
8001292851;6599001860;;BA Notbremssystem NBS de;GE;SP1
1910363781;6599011130;;ZB Tür L Bedienkasten;GE;SP2
1910207952;6599028450;;ZB Adapterplatte 95x45;GE;SP1
1910365786;6599110100;;Baugruppentraeger 3HE 84TE;EU;SP5
1910365785;6599115050;;Deckel fuer Luefter;EU;SP5
1910364332;6599120040;;Abdeckrahmen Bedienkasten;GE;SP2
1910365784;6599128550;;Anschlusskonsole 4fach Schaltschrank;GE;SP2
1910365783;6599134140;;Sockel Standschrank;EU;SP5
1910207953;6599151980;;Schirmungswinkel CPI;GE;SP1
1910363783;6599166140;;Frontplatte 16M;AE;SP6
1910209169;6599201450;;Fuehrungsschiene;GE;SP1
1910207954;6599401430;;Seilwinde D75x23;EU;SP5
1910365782;6599902870;;Kupferlitze;EU;SP5
1910365781;6599935450;;Tragschiene 35x15x497;GE;SP1
1910365780;6599953450;;Schiene 160;EU;SP5
1910365779;6599959980;;T Halter 222;GE;SP2
1910365778;6599961450;;Schiene 290;GE;SP1
1910365777;6599962450;;Schiene 110;EU;SP5
1910365776;6599963450;;Fuehrungsschiene 160x2 PBT UL94V-0;GE;SP1
1910365775;6599965450;;Fuehrungsschiene m. Kartensicherung;GE;SP1
1910561298;unbekannt;batch4;Lichtgitter Set PANA40+,3D,Ultraslim;GE;SP1
1910365060;66100000179;;Leistungsmodule API130 Satz ausgemessen;EU;SP5
1910365061;66100001202;;Aufbau Abtaktwiderstand API40R/60R/90R;EU;SP5
1910365063;66100002006;;Trudeleinrichtung 3x2R 3x0,4kW 100%;GE;SP1
1910367094;66100002635;;ZB Leiterplatte REI fuer API40R;EU;SP5
1910369309;66100002639;66100002639_L;ZB Konsole f.Bremswiderstand BR Form 11;AE;SP6
1910365064;66100002641;;ZB Konsole f.Bremswiderstand BR 22 MFC;GE;SP1
1910369310;66100002642;66100002642_L;ZB Konsole f.Bremswiderstand BR 14 MFC;EU;SP5
1910564147;66100002643;;ZB Konsole f.Bremswiderstand BR 7 MFC;AE;SP6
1910369311;66100002699;66100002699_L;Adapter D-SUB St/Bu 15-polig HV-SV;EU;SP5
1910208429;66100002700;;Adapter D-SUB Bu/St 9-polig HV-SV;GE;SP3
1910208430;66100002701;;Adapter D-SUB St/Bu 15-polig SV-HV;GE;SP1
1910208431;66100002702;;Adapter D-SUB  Bu/St 9-polig SV-HV;GE;SP1
1910365065;66100003034;;Blech Schuetzbefestigung 120x335;GE;SP2
1910365066;66100004408;;ZB Befestigungsteile Bremswiderstand;EU;SP5
1910366781;66100005469;;Bezeichnungsstreifen Stecker KMB;GE;SP2
1910365068;66100005486;;ZB Befestigungsteile Konsole Bremswid..;EU;SP5
1910365069;66100009206;;Zubehoer Umbausatz Nordac auf CPI 15C;EU;SP5
1910209040;66100009244;66100009244_L;ZB Zusatzkarte Bremskontrollschalter RPI;EU;SP5
1910209041;66100009245;66100009245_L;ZB Zusatzkarte Bremskontrollschalter CPI;AE;SP6
1910365071;66110001634;;Drossel Glaettung 10,5A 6,0mH;GE;SP2
1910365072;66110002907;;Geraeteabdeckung CPI10E;EU;SP5
1910365073;66110002915;;Frontplatte CPI10E;GE;SP1
1910366784;66110003940;;Filter Netz 3x10A 440V;GE;SP2
1910365075;66110009241;;Frontplatte CPI10E V3;GE;SP1
1910369312;66110009245;;ZB Frequenzumrichter CPI/MFC 10 E;EU;SP5
1910369313;66120000824;;Frontplatte 1 LT CPI50R;GE;SP2
1910365076;66120000827;;Traegerblech HDI LT CPI50R;EU;SP5
1910365077;66120000992;;Klemmenabdeckung ST CPI50R;EU;SP5
1910367116;66120001855;;Netzfilter 3x36A 460V AC;GE;SP1
1910365080;66120002237;;Leitung VK906 CPI50R;GE;SP2
1910365083;66120002523;;Drossel Filter 36A 1,5mH CPI50R;AE;SP6
1910366792;66120005204;;Abdeckblech Klemmen CPI50R;EU;SP5
1910365084;66120009204;;Haltebuegel Relais CPI 50R;EU;SP5
1910366794;66120009246;;Kabelliste LT CPI50R V3;GE;SP2
1910366797;66120009247;;Kabelliste ST CPI50R V3;EU;SP5
1910366194;66120009276;66120009276_L;ZB Frequenzumrichter CPI50R V3 Sync;GE;SP1
1910367124;66130006131;;Netzfilter 72A 3x480V CPI100R;GE;SP1
1910367125;66130006139;;Drossel Aufbau Netzdrossel CPI100R;GE;SP2
1910365086;66130006316;;ZB Leiterplatte RSR100;GE;SP1
1910365087;66130006441;;Luefterblech LT CPI100R;EU;SP5
1910365090;66130006449;;Traegerblech HDI CPI100R;EU;SP5
1910365092;66130009262;;Drossel Filter 72A 0,75mH CPI100R multi;EU;SP5
1910367129;66130009277;;ZB Leitung VK1.1 Multi;AE;SP6
1910367130;66130009278;;ZB Leitung VK1.1 Single;GE;SP2
1910366801;66130009330;;Kabelsatz Umbau V3 CPI100R;GE;SP2
1910367133;66130009372;;Netzdrossel CPI100R 0,75mH 5S;EU;SP5
1910363701;66130009388;;Netzfilter 72A 3x480V CPI100R LCR;GE;SP2
1000233879;66130009390;66130009390_L;ZB Frequenzumr. CPI100R EN SYN/ASM;GE;SP1
1910365093;66140004555;;Frontplatte ST CPI40E;GE;SP1
1910365094;66140004556;;Klemmenabdeckung ST CPI40E;EU;SP5
1910564148;66140005500;;Bohrschablone CT40G;GE;SP1
1910365095;66140009209;;Frontplatte 4 MFC30 40;AE;SP6
1910365097;66140009247;;Leitungsliste CPI40 V3;EU;SP5
1910365100;66150005162;;Geraeteabdeckung LT CPI60E;EU;SP5
1910365101;66150005168;;Frontplatte ST CPI60E;GE;SP2
1910564149;66150005500;;Bohrschablone CT60G;GE;SP1
1910365102;66150009207;;Frontplatte 4 MFC30 60;AE;SP6
1910564038;66150009215_T;;Frequenzumrichter Grundgeraet CPI60 V3;AE;SP6
1910367149;66160008657;;Ableitblech Waerme Bremswiderstand;AE;SP6
1910365105;66160009223;;ZB Blech Bausatz CPI09FS MC3;GE;SP1
1910365107;66160009291;;Blechset CPI09-CPI32;GE;SP2
1910365110;66170003385;;Frontplatte 1 LT CPI12-26E;GE;SP1
1910365111;66170003386;;Frontplatte 2 LT CPI12-26E;EU;SP5
1910365112;66170003388;;Frontplatte ST CPI12-26E;GE;SP1
1910365113;66170007649;;Frontplatte 1 CPI26F;GE;SP1
1910367157;66170007874;;ZB Leitung VK1 CPI26F;EU;SP5
1910365114;66170008748;;ZB Blech Bausatz CPI09F;GE;SP1
1910367159;66170009211;;ZB Leitungsliste Zusatzbox Inverter;GE;SP2
1910365115;66170009216;;Frontplatte 1 CPI09FS MC3;GE;SP1
1910365116;66170009229;;Frontplatte 4 LT MFC30 15-26;EU;SP5
1910365120;66170009230;;Frontplatte 4 ST MFC30 12-26E;EU;SP5
1910365124;66170009231;;Frontplatte 4 MFC20 12-26;GE;SP1
1910365137;66170009249;;Leitungsliste CPI09F-26F V2;EU;SP5
1910564039;66170009251_T;;ZB Frequenzumrichter CPI26F V2 synchron;AE;SP6
1910367167;66170009341;;Leitungsliste CPI15E/26E V3;GE;SP1
1910369315;66170009356;;ZB Frequenzumrichter CPI/MFC 26 F/FS;EU;SP5
1910564150;66170009999;;Bohrschablone CT09G-CT26G;GE;SP1
1910369316;66180003119;66180003119_L;CPI/MFC15 Grundgerät Refurbished;AE;SP6
1910365150;66180003659;;Kuehlkoerper CPI09-15;GE;SP2
1910209053;66180004474;66180004474_L;Frequenzumrichter asynchron CPI15C ASM;EU;SP5
1910208432;66180009208;;ZB Umbausatz Nordac auf CPI15C;GE;SP3
1910209277;66180009286;66180009286_T;Frequenzumrichter CPI/MFC15 Grund V3;AE;SP6
1910369318;66180009304;;ZB Frequenzumrichter CPI/MFC 15 F/FS;EU;SP5
1910209278;66190003121_L;;Frequenzumrichter CPI/MFC32 Grundgeraet;EU;SP5
1910365151;66190003127;;Kuehlkoerper CPI32;EU;SP5
1910209057;66190004483;66190004483_L;Frequenzumrichter asynchron CPI32C ASM;EU;SP5
1910208433;66190009204;;ZB Umbausatz Nordac auf CPI32C;GE;SP3
1910367183;66200000412;;ZB Leiterplatte RSR;AE;SP6
1910369303;66200006435;66200006435_L;ZB Leiterplatte TMI2;AE;SP6
1910369319;66200006783;66200006783_L;ZB Leiterplatte FMC2 mit DSUB UNC-4-40;AE;SP6
1910208434;66200006785;;ZB Leiterplatte FI mit DSUB UNC-4-40;AE;SP6
1910369320;66200006786;66200006786_L;ZB Leiterplatte TIA mit DSUB UNC-4-40;GE;SP1
1910208435;66200008884;;ZB Leiterplatte Temperaturfuehler CPI;GE;SP1
1910367187;66200008985;;ZB Leiterplatte FDA43;GE;SP1
1910367188;66200009203;;ZB Leiterplatte FMT;GE;SP1
1910365152;66200009208;;ZB Leiterplatte FAM1FN CPI300R;GE;SP1
1910208436;66200009210;;ZB Leiterplatte TIC für LS3;EU;SP5
1910208437;66200009218;;ZB Leiterplatte RFF4060;GE;SP1
1910208438;66200009219;;ZB Leiterplatte RFF130;AE;SP6
1910208439;66200009221;;ZB Leiterplatte RFF180250;EU;SP5
1910367189;66200009225;;ZB Leiterkarte RFF90;AE;SP6
1910209267;66200009227;66200009227_L;ZB Leiterplatte FPC;AE;SP6
1910209280;66200009233;66200009233_L;ZB Aufbau FSR2 mit Modul 100A / 125A;GE;SP1
1910209281;66200009234;66200009234_L;ZB Aufbau FSR2 mit Modul 75A / 125A;GE;SP1
1910366817;66200009235;;ZB Aufbau FSR3 mit Modul 50A;GE;SP1
1910209059;66200009236;66200009236_L;ZB Aufbau HSR2 mit Modul 125A;GE;SP1
1910367197;66200009240;;ZB Leiterplatte KSR ungeprüft;GE;SP1
1910367199;66200009243;"66200009243_L; 66200009243_P";ZB Leiterplatte VQC;GE;SP1
1910366821;66200009244;;ZB Aufbau FSR3 Synergy mit Modul 50A;GE;SP1
1910367201;66200009250;;ZB Leiterplatte FZ6 Leistungsteil;GE;SP2
1910367203;66200009254;66200009254_L;ZB Leiterplatte HDI3;GE;SP1
1910365154;66200009256;;ZB Leiterplatte FDU3;GE;SP1
1910366834;66200009259;;ZB Controller KMB/RMB 207V/103V;GE;SP1
1910367206;66200009262;;ZB Leiterplatte FVT-Single;GE;SP1
1910367207;66200009269;;ZB Leiterplatte VPR2 5.5;GE;SP1
1910367208;66200009270;;ZB Leiterplatte VPR2 7.5;GE;SP1
1910367209;66200009272;;ZB Leiterplatte VPK2 5.5;GE;SP1
1910367210;66200009273;;ZB Leiterplatte VPK2 7.5;AE;SP6
1910209282;66200009276;66200009276_L;ZB Leiterplatte RMC3;GE;SP1
1910365155;66200009283;;ZB Leiterplatte FVT2-Multi;GE;SP1
1910365156;66200009284;;ZB Leiterplatte TMI2 Multi EN+UL;EU;SP5
1910365746;66200009286;;ZB Leiterplatte FVT2-CAN;GE;SP1
1910356709;66200009288;;ZB Leiterplatte HSD1;GE;SP1
1910367212;66200009290;;ZB Leiterplatte VPR1-18;EU;SP5
1910564212;66200009293;;ZB Leiterplatte VPK1-18;GE;SP1
1910564213;66200009295;;ZB Leiterplatte VPS1-18;GE;SP1
1910367213;66200009297;;ZB Leiterplatte VPL1;GE;SP2
1910367214;66200009305;;ZB Leiterplatte FDU6 Ansteuerung;GE;SP1
1910367215;66200009309;;ZB Leiterplatte VIB;AE;SP6
1910208441;66200009315;;ZB Leiterplatte KMB2 207V/207V;EU;SP5
1910366836;66200009318;;ZB Controller KMB/RMB einstellbar;GE;SP1
1910367217;66200009319;66200009319_L;ZB Leiterplatte KMB2 einstellbar;GE;SP1
1910209215;66200009320;66200009320_L;ZB Leiterplatte RMB3 einstellbar;GE;SP1
1910366830;66200009336;;ZB Leiterpl. Set RPI18 VPR1-18+VPM1+VPL1;GE;SP1
1910561467;66200009344;;ZB Leiterplatte IBI;GE;SP1
1910564151;66200009345;;ZB Leiterplatte KE Modul 230VAC 24VDC;GE;SP1
1910209283;66210003123_L;;Frequenzumrichter CPI/MFC48 Grundgeraet;EU;SP5
1910366841;66210009204;;Frequenzumrichter CPI48Ex ASM;EU;SP5
1910209284;66210009219;66210009219_T;Frequenzumrichter CPI/MFC48 Grundg V3;AE;SP6
1910369325;66210009237;;ZB Frequenzumrichter CPI/MFC 40E;EU;SP5
1910365745;66210009241;;ZB Frequenzumrichter CPI/MFC 48;ES;SP5
1910365157;66220008094;;Frontplatte 2 CPI105;GE;SP2
1910564042;66220008444_T;;ZB Frequenzumrichter Grundger. CPI105;EU;SP5
1910209285;66220008623;;ZB Leiterplatte ISR 2;GE;SP1
1910367227;66220009202;;ZB Leiterplatte ISR1 CPI60;GE;SP1
1910366845;66220009221;;Kabelliste CPI 105 mit HSD;EU;SP5
1910365744;66220009222;;ZB Frequenzumrichter CPI/MFC 105;ES;SP5
1910369330;66220009225;;Frontplatte 4 MFC20 105;GE;SP1
1910365158;66230000008;;Drossel Ausgang 70 A 50 µH;AE;SP6
1910365159;66230000010;;Montageblock 1 Filter CPI300R;EU;SP5
1910365160;66230000011;;Montageblock 2 Filter CPI300R;GE;SP2
1910366849;66230000029;;Montageblech FMC Netz CPI300R;EU;SP5
1910365161;66230000030;;Montageplatte Zwischenkreis CPI300R;GE;SP1
1910365162;66230000031;;Luefter gebohrt CPI300R;GE;SP2
1910365163;66230000045;;Busverschienung Transistoren CPI300R;GE;SP2
1910367238;66230000225;;Netzfilter 180A, 3x480V CPI310R;GE;SP2
1910365164;66230000226;;Drossel Kommutierung 0,5mH, 180A CPI310R;EU;SP5
1910365165;66230000301;;Frontplatte Motor CPI310R;EU;SP5
1910366871;66230000395;;Abdeckgitter oben CPI310R;GE;SP1
1910367242;66230000396;;ZB Leitungssatz ext.Widerstand CPI310R;EU;SP5
1910366872;66240009260;;Drossel Netz 0,85 mH / 105 A CPI 155R;EU;SP5
1910367244;66240009263;;Netzfilter 105A, 3x480V CPI 155R;EU;SP5
1910363784;6630001670;;Tacho mit Drehimpulsgeber;GE;SP2
1910208442;66310004221;;ZB Anlaufstrombegrenzung Liftstart 9-3;GE;SP1
1910208443;66310004222;;ZB Anlaufstrombegrenzung Liftstart 24-3;GE;SP1
1910365170;66310004223;;ZB Anlaufstrombegrenzung Liftstart 40-3;GE;SP1
1910208444;66310004514;;ZB Anlaufstrombegrenzung Liftstart 60-3;EU;SP5
1910367247;6631003660;;ZB Leiterplatte AUB Antriebsueberwachung;EU;SP5
1910047660;6631011660;;ZB Leiterplatte ESA Eingangsschnittstel.;GE;SP1
1910207955;6631012660;;ZB Leiterplatte I60MA Rueckwandplatte;GE;SP1
1910367248;6634042660;;ZB Leiterplatte SWR Sollwertgeber;EU;SP5
1910207956;6634060660;;ZB Leiterplatte Geschwindigk.ueberwachg.;EU;SP5
1910307279;6634071660;;ZB Lastmessung LMS1 mit Gehaeuse;GE;SP1
1910367249;6637010660;;ZB Leiterplatte TIDZ;EU;SP5
1910367250;66400000011;;ZB Leitung VK10 RPI 5,5;EU;SP5
1910367251;66400000012;;ZB Leitung VK11 RPI 5,5;EU;SP5
1910564211;66400000021;;ZB Abdeckung VQC;GE;SP1
1910367252;66400000029_L;;ZB Umrichter RPI 5.5;GE;SP1
1910365171;66400000036;;Deckel MFR/MOD BG2;EU;SP5
1910365743;66400000037;;Displayhalter MHC/RPI;GE;SP1
1910369653;66400000047;66400000047_L;ZB Display RPI 5,5/7,5;GE;SP1
1910366908;66400000073;;ZB Kabelsatz RPI BG2 (VPR2);GE;SP2
1910365172;66400000074;;Deckel RPI verzinkt;GE;SP1
1910367257;66410000002_L;;ZB Umrichter RPI 7,5;GE;SP1
1910367258;66440000003;66440000003_L;ZB Umrichter RPI 18;GE;SP1
1910365173;66440000018;;ZB Deckel RPI18 verzinkt;EU;SP5
1910367259;66440000027;;ZB Leitungsliste RPI BG4 ( RPI18 );AE;SP6
1910508693;66600000004;;ZB LS LE Klemmensteuerung TIC CT09G/26G;GE;SP1
1910508694;66600000005;;CT Bremswiderstand 40 Ohm, 2 kW;GE;SP1
1910508699;66600000006;;CT Bremswiderstand 25 Ohm, 4,5 kW;GE;SP1
1910508691;66600000007;;SI -I/O Modul;GE;SP1
1910508687;66600000009;;MCi200 Modul SW TIS3;GE;SP1
1910508702;66600000013;;ZB LS LE Klemmensteuerung TIC CT40G/60G;GE;SP1
1910508688;66600000017;;ZB Leitung W806 CAN E300 IBI 480mm;GE;SP1
1910508701;66600000018;;ZB Kabel W806 CAN E300 IBI 1800mm;GE;SP1
1910508719;66600000028;;RS485 Programmieradapter CT E300;GE;SP1
1910508715;66600000029;;ZB Leitung CAT5 Ethernet 50m;GE;SP1
1910508721;66600000032;;ZB Adapter X906 X96 Synergy CAN IBI;GE;SP1
1910508711;66600000033;;CT Bremswiderstand 40 Ohm, 1,0 kW;GE;SP1
1910508703;66600000034;;CT Bremswiderstand 20 Ohm, 6,0 kW;GE;SP1
1910508712;66600000035;;CT Bremswiderstand 20 Ohm, 8,0 kW;ES;SP5
1910508708;66600000036;;CT Bremswiderstand 15 Ohm, 10,0 kW;ES;SP5
1910508713;66600000037;;CT Bremswiderstand 15 Ohm, 12,0 kW;ES;SP5
1910508722;66600000042;;ZB Leitung CAT6 U/UTP slim 5m;GE;SP1
1910508723;66600000043;;ZB Leitung CAT6 U/UTP slim 10m;GE;SP1
1910508724;66600000044;;Aufkleber TKE Steuerung CT-Umrichter;GE;SP1
1910508685;66610000003;;Frequenzumrichter CT09G Grundgerät;GE;SP1
1910508657;66610000004;;ZB Frequenzumrichter CT09G TIS3;GE;SP1
1910508697;66620000003;;Frequenzumrichter CT26G Grundgerät;GE;SP1
1910508663;66620000005;;ZB Frequenzumrichter CT26G TIS3;GE;SP1
1910363787;6696072890;;ZB Leitung Lokalbus;GE;SP2
1910561299;unbekannt;batch4;Rippenriemen POLY-V L=965, 5-rillig;GE;SP1
1910561300;unbekannt;batch4;Lichtgitter Set E10 36,Diag,TOE,2.7m 2B;GE;SP1
1910365175;68100220149;;Einbauhalbzylinder 41MM O. SCHL. EVVA;AE;SP6
1910208445;68100220150;;Zylinderschlüssel EVVA;GE;SP1
1910366876;68100220400;;Zwischenring 20x13mm;EU;SP5
1910365176;68100220452;;Drehgriff mit VKT-Stift 8mm;GE;SP2
1910365178;68100220465;;Türknopf     eloxiert;EU;SP5
1910208446;68100220666;;Geschw.Begr.TYP 7 D 300;EU;SP5
1910365179;68100220667;;Geschw.Begrenzer TYP 8 D 200;AE;SP6
1910208447;68100220683;;Distanzhülse AD/ID/S = 48,3/41,3/3,0 mm;EU;SP5
1910208448;68100220696;;Führungsschuh 140 mm ohne Einlage;GE;SP1
1910208449;68100220697;;Führungsschuheinlage TYP EM16;GE;SP1
1910365180;68100220703;;Grubenleiter 2830;GE;SP2
1910208450;68100220707;;Schienenöler f. ETN;GE;SP1
1910208451;68100220708;;Führungsschuh 180 mm ETN TYPE HSML;AE;SP6
1910208452;68100220725;;Geschw.Begrenzer LV11 D=200;GE;SP1
1910208453;68100220736;;Halteschuheinlage ETN TYP EM9;GE;SP1
1910208454;68100220746;;Schlüsselschalter T1 S1 MAE 28-Q;GE;SP1
1910208455;68100220749;;Schlüsselschalter S 1 MAE 28-Q;EU;SP5
1910365181;68100220750;;Blechmontagezylinder MB 23G GSP;AE;SP6
1910208456;68100220755;;Zylinderschlüssel MB 23G GSP;GE;SP1
1910208457;68100220758;;Einbauhalbzylinder 46mm o. Schl. EVVA;EU;SP5
1910365182;68100220763;;Feuerwehrzylinderschlüssel;GE;SP2
1910208458;68100220768;;Reglerseilspannrolle;GE;SP1
1910365183;68100220772;;Aufsetzpuffer D=140X100;GE;SP1
1910365184;68100220773;;Aufsetzpuffer D=220/35X80mm;EU;SP5
1910208459;68100220839;;Umlenkrolle D320 X 80/82 mm 4 Seile;GE;SP1
1910208460;68100220845;;Profilhalbzylinder 40,5mm für MS42P;GE;SP1
1910208461;68100220847;;Ölauffangbehälter rot;GE;SP1
1910365189;68100220856;;Führungsschuh für GGW (T 40) A= 5,5 mm;AE;SP6
1910365191;68100220880;;Führungsschuh ETN TYP HSMK 100;GE;SP1
1910365192;68100220881;;Führungsschuheinlage ETN TYP EK 5PE;GE;SP1
1910366935;68100220882;;Umlenkrolle D=450 X 80/82MM gelb;EU;SP5
1910365193;68100220883;;Geschw.Begr. HJ 200 W SBO;GE;SP2
1910208462;68100220891;;Geschwindigkeitsbegrenzer HJ 300 W SBO;AE;SP6
1910208463;68100220892;;Geschwindigkeitsbegr. HJ200 W VN=0,80m/s;GE;SP1
1910208464;68100220900;;Umlenkrolle D=400X58/58 mm 4 Seile;AE;SP6
1910208465;68100220901;;Umlenkrolle D=400X147/147 mm 7 Seile;GE;SP2
1910208466;68100220903;;Umlenkrolle D 320 X 96/98 mm 5 Seile;AE;SP6
1910365194;68100220907;;Führungsschuh ETN TYP WSMKL;AE;SP6
1910365209;68100220908;;Führungsschuheinlage ETN TYP EKL 5 PE;GE;SP2
1910365210;68100220909;;Führungsschuheinlage ETN TYP EKL 9 PE;GE;SP2
1910208467;68100220910;;Führungsschuheinlage TYP EKL 16 PE;GE;SP1
1910365212;68100220921;;Geschwindigkeitsbegrenzer HJ 200 W SBO;GE;SP2
1910365213;68100220922;;Geschindigkeitsbegrenzer R HJ 300 W  SBO;GE;SP2
1910208468;68100220928;;Profilhalbzylinder Fabrikat STUV;GE;SP1
1910208469;68100220933;;Führungsschuheinlage 16 PEC WSMKL;GE;SP1
1910365216;68100220937;;Schienenöler ETN 120/28,6;GE;SP1
1910208470;68100220938;;Führungsschuheinlagen28,6 mm für WSMEL;GE;SP1
1910365217;68100220949;;Führungsschuheinlage 16mm für WSMLN;GE;SP1
1910208471;68100400037;;Steckrelais 24V 11 polig;AE;SP6
1910365219;68100400041;;Steckrelais 14-POL.24V/DC;EU;SP5
1910365220;68100400042;;Steckrelais  230V  11polig;GE;SP2
1910364348;68100400086;;Türverriegelung Kronenberg;GE;SP2
1910366891;68100400150;;"Wechselschalter FR  ""KANT 80""  IP44""";AE;SP6
1910369337;68100400177;;Betriebsstundenzähler 230V  AC;GE;SP2
1910366893;68100400202;;Endschalter ENK-U1Z AHSGU RO50;GE;SP1
1910367289;68100400212;;Grenztaster klein;GE;SP2
1910365222;68100400251;;Reflektor 50x100;GE;SP2
1910367291;68100400282;;Türschalter   IP54;GE;SP1
1910365742;68100400305;;Zusatzkontakt  1 Schließer 380V/10A;AE;SP6
1910208472;68100400327;;Microschalter Rollenendschalter;GE;SP1
1910365223;68100400330;;Relais  EMG 10-REL/KSR-24/21-LC;AE;SP6
1910208473;68100400349;;Rollenhebelschalter;GE;SP1
1910365224;68100400368;;Zusatzkontakt   1 Öffner 380V/10A;AE;SP6
1910365225;68100400400;;Relais PLC-RSC-24DC;EU;SP5
1910208474;68100400409;;Zeitrelais Multifunktion 2-Pol. klemmbar;GE;SP2
1910208475;68100400420;;Grenztaster 500 VAC/10 A;GE;SP1
1910208476;68100400423;;Lichtschranke Reflexion OMRON;GE;SP2
1910365226;68100400434;;LICHTGITTER SENDER;GE;SP2
1910365227;68100400435;;LICHTGITTER EMPFÄNGER;GE;SP2
1910208477;68100400436;;Lichtgitter Steuergerät TELCO;AE;SP6
1910365741;68100400448;;Relaisschraubsockel;GE;SP2
1910208478;68100400456;;Nockenschalter XBC-D1081-2M12;GE;SP1
1910208479;68100400458;;Hilfsschalter ZB5AZ105;AE;SP6
1910365228;68100400460;;Hilfsschalter  ZB5AZ103;AE;SP6
1910367302;68100400461;;Drucktaster Oberteil ZB5AA2,  1S;AE;SP6
1910208480;68100400465;;Stromstoßschalter 230V/16A;GE;SP1
1910367303;68100400467;;Leuchttaster MT42 NIRO MATT;GE;SP1
1910367304;68100400493;;Wipptaster AP 1-Pol. IP44 10 A/250 V;AE;SP6
1910564152;68100400496;;Schlüsselaufnehmer;AE;SP6
1910367305;68100400511;;Grenztaster Bernstein;AE;SP6
1910208481;68100400519;;NOT-AUS-Taster;GE;SP1
1910208482;68100400522;;Hauptschalter TYP VVE0 25A gelb/rot;GE;SP2
1910366927;68100400523;;Hauptschalter TYP VVE2 40A gelb/rot;AE;SP6
1910208483;68100400524;;Hauptschalter TYP VVE3 63A gelb/rot;GE;SP1
1910208484;68100400525;;Hilfskontaktmodul VZ7 12A;GE;SP1
1910365229;68100400547;;IMPULSZÄHLER CI 230V 15443;EU;SP5
1910208485;68100400554;;Hauptschalter TYP VVE4 80A gelb/rot;GE;SP1
1910365231;68100400573;;Schütz TESYS LC1-D95P7;GE;SP2
1910208486;68100400579;;Hilfsschalterblock TESYS LAD-N11-3;GE;SP1
1910208487;68100400581;;Hilfsschalterblock TESYS LAD-N40-3;GE;SP1
1910208488;68100400583;;Hilfsschalterblock TESYS LAD-T23;GE;SP1
1910208489;68100400584;;Hilfsschalterblock TESYS LAD-R23;GE;SP1
1910208490;68100400591;;Hilfsschalterblock TESYS LAD-8N20;AE;SP6
1910365233;68100400597;;Adapter TAE-Stecker;EU;SP5
1910365234;68100400598;;Auswertegerät Lichtgitter MEMCO SERIE743;GE;SP2
1910367312;68100400601;;Wipptaster 10A, 250V 1X Schließer IP 66;GE;SP1
1910365235;68100400608;;Relais PLC-RSC-48DC/21;GE;SP2
1910365236;68100400615;;Drehimpulsgeber mit 12-POL. Stecker;EU;SP5
1910208491;68100400620;;Drehimpulsgeber , Hohlwelle 28mm;GE;SP1
1910208492;68100400621;;Lichtgitter VISOLUX AL2016-P-1650;EU;SP5
1910208493;68100400623;;Drehimpulsgeber Hohlwelle12mm;GE;SP2
1910365237;68100400635;;Schütz TESYS LC1-D188MD;GE;SP1
1910365238;68100400636;;Schütz TESYS LC1-D258MD;GE;SP1
1910365239;68100400642;;PIR-Bewegungssensor AMN 1211;EU;SP5
1910208494;68100400650;;Hilfsschütz TESYS CAD-323 BD;GE;SP1
1910208495;68100400651;;Hilfschütz TESYS CAD-323 E7 48VAC;GE;SP1
1910365240;68100400655;;Schütz  TESYS LC1-D093P7;GE;SP1
1910365241;68100400657;;Schütz TESYS LC1-D253P7;GE;SP1
1910564153;68100400686;;Sprachchip für MH4 programmiert für DE;GE;SP1
1910208497;68100400695;;Umbausatz RT200 auf RT300;GE;SP2
1910564154;68100400696;;Leiterpl. Schlüsseltaster 99;GE;SP1
1910564155;68100400697;;Leiterpl. Schlüsselschalter 99;GE;SP1
1910365242;68100400700;;Kleinrelais 230VAC/1W/6A;GE;SP2
1910365740;68100400704;;Steckrelais 12V  11polig;GE;SP1
1910208498;68100425068;;Reihenklemme EKL0;AE;SP6
1910208499;68100425070;;Reihenklemme EKL2;EU;SP5
1910365243;68100425607;;Widerstandsklemme  27R   WAGO;AE;SP6
1910365244;68100425610;;Steckergehäuse 2POL.;EU;SP5
1910208500;68100425715;;PATCHKABEL für LS3 1,5m;GE;SP1
1910208501;68100425716;;PATCHKABEL für LS3 3,5m;GE;SP1
1910208502;68100425717;;PATCHKABEL für LS3 7,5m;GE;SP1
1910208503;68100425718;;PATCHKABEL für LS3 10m;GE;SP1
1910208504;68100425719;;PATCHKABEL für LS3 15m;GE;SP1
1910208505;68100425728;;PATCHKABEL für LS3 5m;GE;SP1
1910208506;68100425788;;Nothaltschalter im Gehäuse;GE;SP1
1910367325;68100425798;;Anschlusskabel EC2   10m;AE;SP6
1910367326;68100425799;;Verbindungskabel EC 2,3m;EU;SP5
1910208507;68100450048;;Leuchtstoffröhre TLD/15 W/33;GE;SP1
1910208508;68100450049;;Leuchtstoffröhre TLD/18 W/33;GE;SP1
1910365245;68100450095;;Sicherungspatrone    NEOZED   20 A;EU;SP5
1910365246;68100450097;;Sicherungspatrone      NEOZED   35A;GE;SP1
1910208509;68100450098;;Sicherungspatrone NEOZED 50 A;EU;SP5
1910365247;68100450099;;Sicherungspatrone        NEOZED   63A;EU;SP5
1910365248;68100450131;;Leitungsschutzschalter  60H C10;AE;SP6
1910208510;68100450136;;Leitungsschutzschalter 60N B10;AE;SP6
1910208511;68100450141;;Leitungsschutzschalter 60N C16;AE;SP6
1910365249;68100450154;;Sicherung-NH GR.00    125 A  Träge;GE;SP1
1910208515;68100450214;;Leitungsschutzschalter 60N C4;GE;SP1
1910208516;68100450221;;Sicherung NH Größe 00/20 A;GE;SP1
1910365250;68100450222;;Sicherung NH Größe 00/25 A;EU;SP5
1910208517;68100450227;;Leitungsschutzschalter 60N B13;EU;SP5
1910208518;68100450242;;Leuchtanzeige MA28 rot;GE;SP1
1910208519;68100450247;;Glühlampe 24 V 0,6 W;GE;SP1
1910365251;68100450252;;Tasterunterteil Tastkontaktgeber;AE;SP6
1910367331;68100450253;;Leuchttasterunterteil;EU;SP5
1910365252;68100450254;;Meldeleuchteunterteil;AE;SP6
1910367333;68100450257;;Leuchttasteroberteil glasklar;EU;SP5
1910365253;68100450259;;Kippbetätiger für Modulkontakt    rot;AE;SP6
1910208521;68100450298;;Modulkontakt 250 V/10 A;AE;SP6
1910208522;68100450302;;Modulhalter;AE;SP6
1910208523;68100450304;;Schalter Unterteil ZB5AZ009;AE;SP6
1910208524;68100450305;;Schalter ZB5AD2;AE;SP6
1910366966;68100450334;;Umschalter 2-stellig 220V/10A;AE;SP6
1910365254;68100450336;;Glühlampe 5 W 12 V  E14;GE;SP1
1910365255;68100450354;;Systemtelefon SIEDLE HT611-01W;AE;SP6
1910208526;68100450355;;Einbau-Gegensprechstelle TLE 051-01;GE;SP1
1910365256;68100450357;;Leuchtanzeige SIEDLE ZLA611;GE;SP2
1910367340;68100450358;;Taster  SIEDLE ZTA611-0W;EU;SP5
1910365258;68100450361;;Schlüsseltaster - Oberteil;AE;SP6
1910365259;68100450362;;Magnet. Fernauslösung      BODE;GE;SP1
1910208527;68100450368;;Leuchtanzeige MA42 VII;EU;SP5
1910367343;68100450369;;Leuchttaster  MT42 VII;GE;SP1
1910208528;68100450371;;Glimmlampe 230 VAC/0,3 VA BA9S;EU;SP5
1910365260;68100450373;;Leuchtanzeige MA42PVII weiß;EU;SP5
1910365261;68100450374;;Leuchtanzeige MA42PVII  rot;AE;SP6
1910208529;68100450375;;Leuchtanzeige MA42PVII Notlicht;AE;SP6
1910208530;68100450377;;Multi.LED-Lampe 12V grün;GE;SP1
1910365262;68100450378;;Steuertransformator 400VA;GE;SP2
1910208531;68100450401;;FR-Wannenleuchte 1/36 Ind.;AE;SP6
1910208532;68100450406;;PL-C Lampe 26 Watt;AE;SP6
1910208534;68100450415;;Leuchtstoffbalken 1X18 W;GE;SP1
1910365263;68100450430;;LED Anzeige 5mm 24V grün;GE;SP2
1910365265;68100450432;;LED Anzeige 5mm 24V gelb;AE;SP6
1910367347;68100450434;;FI-Schutzschalter 4-Pol.40A/300mA;GE;SP1
1910365266;68100450439;;Schlüsselschalter mit Zylinder abziehbar;AE;SP6
1910367004;68100450440;;Punktmatrix PM 42HF 2 stellig  rot;EU;SP5
1910367006;68100450441;;Connector - Platine binäre Ansteuerung;AE;SP6
1910208536;68100450442;;Leitungsschutzschalter 1A, 1-Pol.;AE;SP6
1910208537;68100450444;;USV-Gerät PC-Planet 400 S / 6Min;GE;SP2
1910365267;68100450459;;Plexiglas DMD35-SP;GE;SP2
1910208539;68100450460;;Plexiglas PMI 56I rot 99x48;GE;SP1
1910208540;68100450463;;Kippschalter MK42 schwarz;GE;SP1
1910208541;68100450464;;Kippschalter MK42 rot;GE;SP1
1910208542;68100450467;;USV-Gerät PC-PLANET 650S;GE;SP1
1910208543;68100450471;;Weiterfahrtsanzeige MA42W-VII rot;AE;SP6
1910365268;68100450472;;LED Anzeige rot 5 mm 24V;AE;SP6
1910365269;68100450481;;Multifunktionsanzeige MA9999;EU;SP5
1910365270;68100450486;;Leitungsschutzschalter 13A,  2-POL;EU;SP5
1910365271;68100450488;;Trafo 1 Phase 400/230, 1000 VA;GE;SP2
1910365272;68100450489;;USV 1100 VA SINUS TYP USDVT 110;GE;SP2
1910365273;68100450491;;Ventilator PAPST;GE;SP1
1910208545;68100450495;;Motorschutzschalter GV2-ME 083 TESYS;EU;SP5
1910208546;68100450496;;Motorschutzschalter GV2-ME 063 TESYS;GE;SP1
1910365274;68100450500;;Steuertransformator  2x200VA;EU;SP5
1910365275;68100450513;;Leuchtfeld LF4824  gelb;GE;SP2
1910365276;68100450546;;Handleuchte PCE;AE;SP6
1910208548;68100450548;;Schlüsselschalter MS42PS1AE;GE;SP1
1910208549;68100450549;;Schlüsseltaster MS42PT1;GE;SP1
1910208550;68100450559;;Netzteil NTA-2 für Oelcon;GE;SP1
1910208551;68100450563;;Taster RT42 IX, M-EBEN / blau;GE;SP1
1910208552;68100450564;;Taster RT42 IX, M-EBEN / rot;GE;SP1
1910208553;68100450565;;RT 42 2M, M-EBEN / blau Alarmglocke;GE;SP1
1910208554;68100450566;;RT42 rot Alarmtaster;GE;SP1
1910365277;68100450567;;RT42 VIII   Anzeigeelement 24V rot;GE;SP1
1910365278;68100450568;;Anzeigeelement RA 42 VIII P-Glasklar;GE;SP2
1910208555;68100450571;;Leuchtstofflampe rund 22W;GE;SP1
1910365279;68100450594;;Anzeigenelement Notruf EN81-70;GE;SP1
1910365280;68100450595;;Anzeigenelement  MA 6434;GE;SP1
1910208556;68100450620;;Weiterfahrtsanzeige MA42 W VII;GE;SP1
1910208557;68100450621;;Taster MT42 VII blau NIRO MATT;GE;SP1
1910365281;68100450628;;Leuchtfeld LF4848  rot;EU;SP5
1910208558;68100450651;;Filterlüfter GKV 1500;GE;SP1
1910365282;68100450654;;USV Gerät SYNCHRO 1000VA;GE;SP2
1910208559;68100450664;;Anzeigeelement RA42 Notruf angenommen;EU;SP5
1910208560;68100450665;;Anzeigeelement RA42VIII Notruf abgegeben;AE;SP6
1910208561;68100450669;;Weiterfahrtsanzeige RA42W blau;GE;SP1
1910365283;68100450672;;FI-LS Kombination 4A;EU;SP5
1910208562;68100450747;;Mini-Lichtleiste EC-2 T5/21W;GE;SP1
1910365284;68100450789;;USV  24VDC ohne AKKU;GE;SP1
1910208564;68100451007;;RT42 blau takt/braille Bez. -2;GE;SP1
1910208565;68100451008;;RT42 blau takt/braille Bez. -1;GE;SP1
1910208566;68100451009;;RT42 blau takt/braile Bez. 0;GE;SP1
1910367034;68100451010;;RT42 blau takt/braille Bez. 1;GE;SP1
1910208567;68100451011;;RT42 blau takt/braille Bez. 2;GE;SP1
1910208568;68100451012;;RT42 blau takt/braille Bez. 3;GE;SP1
1910208569;68100451013;;RT42 blau takt/braille Bez. 4;GE;SP1
1910208570;68100451014;;RT42 blau takt/braille Bez. 5;GE;SP1
1910208571;68100451015;;RT42 blau takt/braille Bez. 6;GE;SP1
1910367035;68100451016;;RT42 blau takt/braille Bez. 7;GE;SP1
1910208572;68100451018;;RT42 blau takt/braille Bez. 8;GE;SP1
1910367036;68100451019;;RT42 blau takt/braille Bez. 9;GE;SP1
1910367038;68100451022;;RT42 blau takt/braile Bez. 11;GE;SP1
1910208573;68100451027;;RT42 blau taktil Bez. Tür auf;GE;SP1
1910208574;68100451028;;RT42 blau taktil Bez. Tür zu;GE;SP1
1910208575;68100451029;;RT42 blau taktil Alarm;GE;SP1
1910208576;68100451030;;RT42 blau taktil Pfeil;GE;SP1
1910208577;68100451031;;RT42 blau taktil Pfeil auf/ab;GE;SP1
1910367363;68100451051;;MT42 Taster takti/braille rot  Bez.   -8;EU;SP5
1910367364;68100451052;;MT42 Taster takti/braille rot  Bez.   -7;EU;SP5
1910367365;68100451053;;MT42 Taster takti/braille rot  Bez.   -6;EU;SP5
1910367366;68100451054;;MT42 Taster takti/braille rot  Bez.   -5;EU;SP5
1910208578;68100451055;;MT42 Taster takti/braille rot Bez. -4;EU;SP5
1910208579;68100451056;;MT42 Taster takti/braille rot Bez. -3;GE;SP1
1910208580;68100451057;;MT42 Taster takti/braille rot Bez. -2;AE;SP6
1910208581;68100451058;;MT42 Taster takti/braille rot Bez. -1;GE;SP1
1910208582;68100451059;;MT42 Taster takti/braille rot Bez. 0;GE;SP1
1910208583;68100451060;;MT42 Taster takti/braille rot Bez. 1;GE;SP1
1910208584;68100451061;;MT42 Taster takti/braille rot Bez. 2;GE;SP1
1910208585;68100451062;;MT42 Taster takti/braille rot Bez. 3;GE;SP1
1910208586;68100451063;;MT42 Taster takti/braille rot Bez. 4;GE;SP1
1910208587;68100451064;;MT42 Taster takti/braille rot Bez. 5;GE;SP1
1910208588;68100451065;;MT42 Taster takti/braille rot Bez. 6;GE;SP1
1910208589;68100451066;;MT42 Taster takti/braille rot Bez. 7;AE;SP6
1910367367;68100451067;;MT42 Taster takti/braille rot  Bez.    8;AE;SP6
1910367368;68100451068;;MT42 Taster takti/braille rot  Bez.    9;AE;SP6
1910367369;68100451069;;MT42 Taster takti/braille rot  Bez.   10;AE;SP6
1910208590;68100451070;;MT42 Taster takti/braille rot Bez. 11;AE;SP6
1910367370;68100451071;;MT42 Taster takti/braille rot  Bez.   12;GE;SP2
1910367371;68100451072;;MT42 Taster takti/braille rot  Bez.   13;GE;SP2
1910208591;68100451073;;MT42 Taster takti/braille rot Bez. 14;EU;SP5
1910208592;68100451075;;MT42 Taster taktil rot Tür auf;GE;SP1
1910208593;68100451076;;MT42 Taster taktil rot Tür zu;GE;SP1
1910208594;68100451077;;MT42 Taster taktil Alarm;GE;SP1
1910208595;68100451078;;MT42 Taster taktil rot Pfeil;GE;SP1
1910208596;68100451079;;MT42 Taster taktil rot Pfeil auf/ab;GE;SP1
1910367372;68100451109;;MT 42 Taster taktil/braille blau Bez. 0;AE;SP6
1910367373;68100451110;;MT42 Taster taktil/braille blau Bez. 1;AE;SP6
1910208597;68100451111;;MT42 Taster taktil/braille blau Bez. 2;AE;SP6
1910367374;68100451112;;MT42 Taster taktil/braille blau Bez. 3;AE;SP6
1910367375;68100451113;;MT42 Taster taktil/braille blau Bez. 4;GE;SP1
1910367376;68100451114;;MT42 Taster taktil/braille blau Bez. 5;AE;SP6
1910367377;68100451115;;MT42 Taster taktil/braille blau Bez. 6;GE;SP1
1910367378;68100451116;;MT42 Taster taktil/braille blau Bez. 7;GE;SP1
1910367379;68100451117;;MT42 Taster taktil/braille blau Bez. 8;GE;SP1
1910367380;68100451118;;MT42 Taster taktil/braille blau Bez. 9;AE;SP6
1910367381;68100451119;;MT42 Taster taktil/braille blau Bez. 10;GE;SP1
1910367382;68100451125;;MT42 Taster taktil   blau    Tür auf;AE;SP6
1910367383;68100451126;;MT42 Taster taktil   blau     Tür zu;GE;SP2
1910208598;68100451127;;MT42 Taster taktil Alarm;AE;SP6
1910208599;68100451128;;MT42 Taster takti blau Pfeil;GE;SP1
1910208600;68100451151;;RT42 blau takt/braille Bez. K;AE;SP6
1910367039;68100451152;;RT42 blau takt/braille Bez. U;GE;SP1
1910208601;68100451153;;RT42 blau takt/braille Bez. E;GE;SP1
1910208602;68100451154;;MT42 Taster takti/braille rot Bez. K;AE;SP6
1910208603;68100451155;;MT42 Taster takti/braille rot Bez. U;GE;SP1
1910208604;68100451156;;MT42 Taster takti/braille rot Bez. E;GE;SP1
1910367385;68100451157;;MT42 Taster takti/braille blau  Bez   K;AE;SP6
1910367386;68100451159;;MT42 Taster takti/braille blau  Bez.  E;AE;SP6
1910367040;68100475386;;Grundmodul 230V Siemens;GE;SP2
1910365285;68100475395;;Reflexkoppler;GE;SP1
1910367042;68100475411;;Frequenzumrichter NORDAC SK 7500/3CT 16A;GE;SP2
1910208605;68100475423;;Spannungsregelung MICOMPACT 16A;EU;SP5
1910208606;68100475441;;Grundmodul 12/24V SIEMENS;GE;SP2
1910208607;68100475442;;LOGO!! DM8 12/24 R Erweiterungsmodul;GE;SP1
1910365286;68100475447;;Überspannungsbegrenzer  40-150A;GE;SP2
1910208608;68100475448;;Überspannungsbegrenzer bis 32A;GE;SP2
1910564043;68100475466_T;;Frequenzumrichter  CPI 60 AU;AE;SP6
1910367392;68100475478;;Netzfilter für CPI 09 AU bis CPI 32 AU;AE;SP6
1910367051;68100475490;;SUB-D-Stecker 9-POLIG;EU;SP5
1910365287;68100475492;;Sanftanlaufgerät      LIFTSTART  Typ12-3;GE;SP1
1910365288;68100475493;;Sanftanlaufgerät      LIFTSTART TYP 24-3;GE;SP1
1910365289;68100475495;;Sanftanlaufgerät      LIFTSTART TYP 40-3;AE;SP6
1910365290;68100475496;;Sanftanlaufgerät      LIFTSTART TYP 60-3;GE;SP2
1910365739;68100475498;;RC-GLIED 115-400V AC, 60VA;GE;SP2
1910208609;68100475501;;Bremswiderstand 22 OHM/1,2 KW;GE;SP1
1910365291;68100475504;;Bremswiderstand 14 OHM/4 KW;GE;SP2
1910208610;68100475787;;Schaltnetzteil 110-240 VAC/40-56V DC 5A;GE;SP1
1910369338;68100480049;68100480049_L;IC EEPROM ST 24C08CP;GE;SP4
1910369344;68100480139;68100480139_L;IC EPROM 27C512 120NS;GE;SP4
1910367060;68100480261;;Codierbrücke Rastermass 2,54mm;EU;SP5
1910208611;68100480265;;Buchsenleiste-4POLIG-PHOENIX;GE;SP1
1910208612;68100480267;;Buchsenleiste-6POL.-PHOENIX grün;AE;SP6
1910208613;68100480268;;Buchsenleiste-2POL.-PHOENIX grün;GE;SP1
1910208614;68100485010;;Textanzeige zu LCD-Aufzugsdisplay;GE;SP1
1910208615;68100485015;;LS-3 EA-Erweiterungsmodul;GE;SP1
1910208616;68100485016;;WAGO Federleiste 4-POLIG;AE;SP6
1910367404;68100485023;;Typenschild dunkelblau;EU;SP5
1910365292;68100485039;;Akustische Rufquittierung EN81-70  AU;AE;SP6
1910208617;68100485043;;CAN-BUS Adapter LS3-TAN;GE;SP1
1910208618;68100485045;;Klemmenmodul 2;AE;SP6
1910208619;68100485049;;Weiterfahrtsanzeige Imola Blau;EU;SP5
1910365293;68100485050;;Weiterfahrtsanzeige Imola rot;EU;SP5
1910367055;68100485052;;Klemmenmodul 5;AE;SP6
1910208620;68100485053;;LS-3 EA-Grundmodul;GE;SP1
1910365295;68100500019;;Gummidämpfer D=45;AE;SP6
1910208622;68100500031;;Schleifbackeneinsätze BATEGU;GE;SP1
1910208623;68100500262;;Haftfett SUNAPLEX 781;GE;SP1
1910209185;68100500263;;Doppelseitiges Klebeband;GE;SP1
1910208624;68100500315;;Distanzhülse DA=57mm / DI=51,2 / 2 LG;AE;SP6
1910208625;68100500325;;Distanzhülse DA=57mm, DI= 51,2mm, L= 5mm;AE;SP6
1910365296;68100500340;;Gummipuffer I-Lamelle;EU;SP5
1910208626;68100500362;;Laufrolle VSL;GE;SP1
1910208627;68100500401;;Aufkleber HINAUSLEHNEN VERBOTEN;GE;SP1
1910208628;68100500416;;Leckölschlauch 16mm;GE;SP1
1910208629;68100601692;;Magnetschalterbefestigung;GE;SP1
1910365297;68100603761;;ACHSHALTER, d= 40-50mm;GE;SP2
1910367409;68100603772;;Achse, d= 50mm, 220 lang;GE;SP2
1910208630;68100603777;;Achse, d= 60mm, 228 lang;AE;SP6
1910365298;68100606631;;Lichtgitterbefestigung VISOLUX;GE;SP1
1910365299;68100606775;;Kabinenbeleuchtung 18W mit Aluraster;EU;SP5
1910208631;68100608662;;Notentriegelung M2TS6-KOMPAKT;AE;SP6
1910209186;68100608678;;Schlitzbeilagen;AE;SP6
1910208632;68100609125;;Türgleiter;EU;SP5
1910365300;68100609144;;Laufrolle;EU;SP5
1910208633;68100654191;;Schnellerregung VSO für VSO 180 V=;EU;SP5
1910208634;68100654194;;Netzgerät CN1000 24V/24V;AE;SP6
1910208635;68100654195;;Netzgerät CN1000 24V/12V;GE;SP1
1910208636;68100654213;;Digitalanzeige Oberteil DA1;EU;SP5
1910208637;68100654215;;Leiterplatte BF 1;EU;SP5
1910208639;68100654229;;E/A Baugruppe 40/56;GE;SP1
1910208642;68100654235;;LS-2 Gruppenmodul;GE;SP1
1910208643;68100654236;;Pegelwandler LPW;EU;SP5
1910208644;68100654237;;E/A Baugruppe 08/08;EU;SP5
1910208645;68100654250;;LS-2 Hauptbaugruppe Schweiz 220V;GE;SP2
1910208646;68100654251;;LS-2 Hauptbaugruppe 48V;AE;SP6
1910208648;68100654256;;Anzeigemodul LAM3 2 Stellen;GE;SP1
1910208649;68100654257;;IF-PRINT ohne Gehäuse;AE;SP6
1910209190;68100656188;;Schlüsseltaster 99;GE;SP1
1910208651;68100656189;;Schlüsselschalter 99;;SP2
1910365301;68100659416;;Inspektionssteuerung LS3;GE;SP2
1910365302;68100700083;;Schütz TESYS  LC1 D25 E7;GE;SP2
1910365303;68100700533;;Zwangstürkontakt AZ 06 B/21;EU;SP5
1910365304;68100703000;;Ventilator - Motor FEMCO;GE;SP2
1910208652;68100703422;;Leuchtanzeige MA42PVIII rot LED 24V;EU;SP5
1910365305;68100703974;;Kodierplatte Türantrieb D6.C / RT 200;AE;SP6
1910208653;68100704474;;Kabel PANA 40 PLUS;GE;SP1
1910208654;68100704553;;Leuchtanzeige MA 42;EU;SP5
1910365306;68100704669;;Notstromgerät Liftronic-NSG-PLUS;GE;SP2
1910365307;68100704685;;Steckkartenhalter SKBI 64/H  5;EU;SP5
1910367061;68100704817;;Laufrolle 10;GE;SP2
1910365308;68100704821;;Inkrementalgeber 512 Impulse;GE;SP2
1910365310;68100704822;;Inkrementalgeber  900 Impulse;GE;SP2
1910365311;68100992014;;Begrenzer HJ200 RW SBO;EU;SP5
1910365312;68100993004;;Mech Satz Typ12 mit Geber 500 Imp.;GE;SP2
1910208657;68101400430;;Magnetband 500mm;GE;SP1
1910208658;68101400512;;Magnetschalter bistabil 250V/3 100W;GE;SP1
1910365314;68101400575;;Wendeschütz TESYS-K IN = 6A/AC3,U=24VDC;GE;SP2
1910365316;68101400654;;Schütz LC1-D18-3 BL;GE;SP2
1910365317;68101400701;;Kleinrelais 12VDC/2W/6A;GE;SP1
1910208659;68101400702;;Kleinrelais 24VDC/2W/6A;GE;SP1
1910365319;68101400703;;Kleinrelais 230VAC/2W/6A;GE;SP1
1910365320;68101450452;;Punktmatrix  DMD35     3-stellig rot;GE;SP2
1910564156;68101450456;;Punktmatrix DMD35     1stellig  rot;AE;SP6
1910367072;68101450457;;PunktmatrixDMD35  2stellig  rot;EU;SP5
1910208660;68101450572;;Liftleuchte rund T16-R 22W;AE;SP6
1910367429;68101450625;68101450625_L;Punktmatrix DMD35    1 stellig blau;GE;SP2
1910369024;68101485041;68101485041_L;LS-3 Hauptbaugruppe 48V;GE;SP1
1910209191;68101485044;;Klemmenmodul 1;AE;SP6
1910208661;68101654044;;Revisionseinheit;GE;SP1
1910208662;68101704883;;Drehimpulsgeber Hohlwelle Kübler;GE;SP1
1910208663;68102400437;;Magnetschalter M12/50 W & 2 Muttern;GE;SP1
1910208664;68102400551;;Phasenüberwachungsrelais;GE;SP1
1910367430;68102485013;;LS-3 Hauptbaugruppe 230V ohne Software;AE;SP6
1910367431;68102485047;;Anzeigeplatine Bedienmodul 230V;EU;SP5
1910208665;68102485051;;Klemmenmodul 4 Fahrkorbplatine V2.2;EU;SP5
1910561490;68340000001;batch4;Spezial-Aufzugseil 300T 13,00 IWRC 1570;GE;SP1
1910561491;68340000002;batch4;Spezial-Aufzugseil 300T 10,00 IWRC 1570;GE;SP1
1910561492;68340000003;batch4;Spezial-Aufzugseil 250T 8,00 IWRC 1570;GE;SP1
1910561493;68340000004;batch4;Spezial-Aufzugseil 250T 6,00 IWRC 1770;GE;SP1
1910561494;68340000005;batch4;Spezial-Aufzugseil 300T 11,00 IWRC 1570;GE;SP1
1910561495;68340000006;batch4;Begrenzerseil DRAKO 6x19W 6,50 SFC 1770;GE;SP1
1910561496;68340000007;batch4;Aufzugseil DRAKO 8x19W 10,00 NFC 1570;GE;SP1
1910561497;68340000008;batch4;Spezial-Aufzugseil 250T 11,00 IWRC 1570;GE;SP1
1910561498;68340000009;batch4;Aufzugseil DRAKO 8x19W 8,00 NFC 1570;GE;SP1
1910561499;68340000010;batch4;8 mm PAWO F7S;GE;SP1
1910561500;68340000011;batch4;6,5 mm PAWO F1 / Warr. FC U;GE;SP1
1910561501;68340000012;batch4;6 mm PAWO 819 W;GE;SP1
1910561502;68340000013;batch4;11 mm PAWO F7S;GE;SP1
1910561503;68340000014;batch4;10 mm PAWO F10;GE;SP1
1910561504;68340000015;batch4;6,5 mm PAWO 819 W;GE;SP1
1910561505;68340000016;batch4;10 mm PAWO F7;GE;SP1
1910561506;68340000017;batch4;Spezial-Aufzugseil 250T 10,00 IWRC 1570;GE;SP1
1910561507;68340000018;batch4;Begrenzerseil 6 x 19 S - IWRC U 1570 sZ;GE;SP1
1910367561;68341000042934;;Gleitschuh für GG;GE;SP1
1910367571;68341000044255;;ZB Montagekette MI S/P 583CY;GE;SP1
1910564157;68341000107142;;ZB Leiterplatte BST KH241Z COP;GE;SP1
1910367435;68341000116712;;"Tastplatte Ceham mit Braille ""aufwärts""";EU;SP5
1910367436;68341000117635;;Drucktaste SMC-BST LED blau 1 Pfeil;GE;SP1
1910367572;68341000210520;;Steuertafel für Vacon Antrieb (NXPAN-A);GE;SP1
1910369369;68341000210566;;Frequenzumrichter Vacon 4KW;GE;SP1
1910367912;68341000210567;;Frequenzumrichter Vacon 5,5KW;GE;SP1
1910369370;68341000210568;;Frequenzumrichter Vacon 7,5KW;GE;SP1
1910369394;68341000210569;;Frequenzumrichter Vacon 11KW;GE;SP2
1910367914;68341000210570;;Frequenzumrichter Vacon 15KW;GE;SP1
1910367915;68341000210571;;Frequenzumrichter Vacon 18KW;GE;SP1
1910367916;68341000210572;;Frequenzumrichter Vacon 22KW;GE;SP1
1910367573;68341000211401;;Manuelles Notbefreiungsgerät FANAMOEL;GE;SP1
1910367575;68341000220003;;Sicherheitsmodul NXL12D;GE;SP1
1910367444;68341000857062;;"ZB Taster DB01 Braille ""-3"" 220G";GE;SP1
1910367445;68341000857063;;"ZB Taster DB01 Braille ""-2"" 220G";GE;SP1
1910369395;68341000857064;;"ZB Taster DB01 Braille ""-1"" 220G";GE;SP1
1910367447;68341000857065;;"ZB Taster DB01 Braille ""0"" 220G";GE;SP1
1910367448;68341000857066;;"ZB Taster DB01 Braille ""1"" 220G";GE;SP1
1910367449;68341000857067;;"ZB Taster DB01 Braille ""2"" 220G";GE;SP1
1910369396;68341000857068;;"ZB Taster DB01 Braille ""3"" 220G";GE;SP1
1910367451;68341000857069;;"ZB Taster DB01 Braille ""4"" 220G";GE;SP1
1910367452;68341000857070;;"ZB Taster DB01 Braille ""5"" 220G";GE;SP1
1910367453;68341000857071;;"ZB Taster DB01 Braille ""6"" 220G";GE;SP1
1910367454;68341000857072;;"ZB Taster DB01 Braille ""7"" 220G";GE;SP1
1910367455;68341000857073;;"ZB Taster DB01 Braille ""8"" 220G";GE;SP1
1910367456;68341000857074;;"ZB Taster DB01 Braille ""9"" 220G";EU;SP5
1910367457;68341000857075;;"ZB Taster DB01 Braille ""10"" 220G";GE;SP1
1910367458;68341000857090;;"ZB Taster DB01 Braille ""Tür auf"" 220G";GE;SP1
1910369397;68341000857091;;"ZB Taster DB01 Braille ""Tür zu"" 220G";GE;SP1
1910367460;68341000857092;;"ZB Taster DB01 Braille ""Ventilator""";GE;SP1
1910369398;68341000857093;;"ZB Taster DB01 Braille ""Telefon"" 220G";GE;SP1
1910367462;68341000857094;;"ZB Taster DB01 Braille ""Alarm"" 220G";GE;SP1
1910367463;68341000857179;;"ZB Taster DB01 Braille ""-3"" Black";EU;SP5
1910367464;68341000857180;;"ZB Taster DB01 Braille ""-2"" Black";GE;SP1
1910367465;68341000857181;;"ZB Taster DB01 Braille ""-1"" Black";GE;SP1
1910367466;68341000857182;;"ZB Taster DB01 Braille ""0"" Black";GE;SP1
1910367467;68341000857183;;"ZB Taster DB01 Braille ""1"" Black";GE;SP1
1910367468;68341000857184;;"ZB Taster DB01 Braille ""2"" Black";GE;SP1
1910367469;68341000857185;;"ZB Taster DB01 Braille ""3"" Black";GE;SP2
1910367470;68341000857186;;"ZB Taster DB01 Braille ""4"" Black";GE;SP1
1910367471;68341000857187;;"ZB Taster DB01 Braille ""5"" Black";GE;SP1
1910367472;68341000857188;;"ZB Taster DB01 Braille ""6"" Black";GE;SP1
1910367473;68341000857189;;"ZB Taster DB01 Braille ""7"" Black";EU;SP5
1910367474;68341000857190;;"ZB Taster DB01 Braille ""8"" Black";EU;SP5
1910367475;68341000857191;;"ZB Taster DB01 Braille ""9"" Black";EU;SP5
1910367476;68341000857192;;"ZB Taster DB01 Braille ""10"" Black";EU;SP5
1910367477;68341000857207;;"ZB Taster DB01 Braille ""Tür auf"" Black";GE;SP1
1910367478;68341000857208;;"ZB Taster DB01 Braille ""Tür zu"" Black";GE;SP1
1910367479;68341000857209;;"ZB Taster DB01 Braille ""Ventilaor"" Black";EU;SP5
1910367480;68341000857210;;"ZB Taster DB01 Braille ""Telefon"" Black";EU;SP5
1910367481;68341000857211;;"ZB Taster DB01 Braille ""Alarm"" Black";GE;SP1
1910369405;68341000857410;;"ZB Taster DB01 Braille ""2 Pfeile"" 220G";GE;SP2
1910367483;68341000857411;;"ZB Taster DB01 Braille ""1 Pfeil"" 220G";GE;SP1
1910369406;68341000857412;;Schlüsselschalter STS OFF-ON 9078 schwar;GE;SP1
1910367577;68341000857413;;Schlüsseltaster STS OFF 9056 schwarz;GE;SP1
1910369413;68341000857417;;"ZB Taster DB01 Braille ""2 Pfeile"" Black";GE;SP1
1910367487;68341000857418;;"ZB Taster DB01 Braille ""1 Pfeil"" Black";GE;SP1
1910367578;68341000857431;;Schlüsselschalter STS OFF-ON 9078 220 GR;GE;SP2
1910369414;68341000857432;;Schlüsselschalter STS OFF cod. 9056;GE;SP2
1910369350;68341000857452;;Rahmen grün DB01 für Haupthaltestelle;GE;SP1
1910367579;68341000857453;;Schlüssel STS code 9078;GE;SP1
1910367580;68341000857455;;Schlüssel STS  code 9056;GE;SP1
1910367582;68341000857493;;Schlüssel STS code 9650;GE;SP1
1910367943;68341000858330;;Schlitzbeilage SMP;GE;SP1
1910367583;68341000858562;;Schalter CT-2014;GE;SP1
1910367925;68341009502393;;Rollenset links;EU;SP5
1910367926;68341009502394;;Rollenset rechts;EU;SP5
1910367584;68341009514341;;Umlenkrolle m. Befestigung  links kpl.;GE;SP1
1910367930;68341009514342;;Umlenkrolle m. Befestigung rechts kpl.;EU;SP5
1910369415;68341011766101;;Gegenrollensatz für ECD;EU;SP5
1910367586;68341011767301;;ZB Notendriegelung links;GE;SP1
1910367588;68341011767401;;Notendriegelung rechts;GE;SP1
1910367934;68341011930101;;Zugfeder 27,3;GE;SP1
1910367935;68341011930301;;Schwelle links 700;EU;SP5
1910369416;68341011934401;;Gleitschuh ECD & VF08;GE;SP1
1910369419;68341011935001;;Hakenriegel links;GE;SP1
1910367498;68341011935301;;Mitnehmerrolle mit Bolzen;GE;SP1
1910367937;68341011936601;;Schwelle rechts 700;EU;SP5
1910367589;68341011938201;;Hakenriegel rechts;GE;SP2
1910367945;68341011938601;;Türseil D=3 (P=700);EU;SP5
1910369421;68341011938602;;Türseil D=3 (P=800&900);GE;SP2
1910369351;68341011956203;;Zahnriemen VF08 L=2317 (P=900);GE;SP1
1910369422;68341011957301;;Antriebsritzel VF08;GE;SP1
1910367941;68341012582201;;Schalter f. Zusatzver. L EDO15;GE;SP1
1910369423;68341012582202;;Schalter f. Zusatzver. R EDO15;GE;SP2
1910367590;68341012586802;;Umlenkrolle für EDO-15 / OP-14;GE;SP1
1910367507;68341012600901;;Rollenplatte schnell 700  kpl.;EU;SP5
1910367508;68341012600902;;Rollenplatte schnell 800  kpl.;EU;SP5
1910367509;68341012600903;;Rollenplatte schnell 900  kpl.;EU;SP5
1910367591;68341012602701;;Magnet EDO 15;GE;SP1
1910367511;68341012603201;;Laufrolle EDO 15 m. Bolzen;GE;SP1
1910367593;68341012603601;;Verriegelungsstück Zusatzver. L EDO 15;AE;SP6
1910367594;68341012603602;;Verriegelungsstück Zusatzver. R EDO 15;AE;SP6
1910367514;68341012605901;;Schwert EDO15 L o.Verriegelung;GE;SP1
1910367515;68341012605902;;Schwert EDO15 R o.Verriegelung;GE;SP1
1910367516;68341012605903;;Schwert EDO15 L kurz o.Ver.;EU;SP5
1910367517;68341012605904;;Schwert EDO15 R kurz o.Ver.;EU;SP5
1910367518;68341012606002;;Schwert EDO15 R m.Verriegelung;GE;SP1
1910369424;68341012606003;;Schwert EDO15 L kurz m.Ver.;GE;SP2
1910367520;68341012606004;;Schwert EDO15 R kurz m.Ver.;GE;SP1
1910367597;68341013085001;;Geschwindigkeitsbegrenzer SG-N 1m/s;EU;SP5
1910367599;68341021155601;;Unterer Führungsschuh Gegengewicht (T-3);AE;SP6
1910367603;68341021155604;;Oberer Führungsschuh Gegengewicht (T-3);AE;SP6
1910367522;68341026631301;;Steuerplatine CMC3;GE;SP1
1910367604;68341026642901;;BoMo DiagnoseTool;GE;SP2
1910369352;68341026678401;;ZB Leiterplatte UCM2.1;GE;SP1
1910367525;68341026678701;;ZB LED Leiterplatte PIC;GE;SP1
1910367526;68341026679301;;ZB Leiterplatte UCG;GE;SP1
1910369354;68341026681901;;ZB Leiterplatte IMC_expan;GE;SP1
1910367528;68341026682201;;ZB Leiterplatte uUCP;GE;SP1
1910369355;68341026683101;;ZB Leiterplatte uPEX;GE;SP1
1910369356;68341026683401;;ZB Leiterplatte IMC_conex;GE;SP1
1910369357;68341026683701;;ZB Leiterplatte MSM15 Audio;GE;SP1
1910367530;68341026683901;;ZB Leiterplatte Pia;GE;SP1
1910369359;68341026684901;;ZB Leiterplatte UBCC;GE;SP1
1910367531;68341026685201;;ZB Leiterplatte DIMIL;GE;SP1
1910367532;68341026685501;;ZB Leiterplatte UBA2.2;GE;SP1
1910369361;68341026689401;;ZB Leiterplatte PCTF;GE;SP1
1910367605;68341026880402;;Positionssensor induktiv FOT-SUP (B325);GE;SP2
1910367608;68341026963801;;Schacht USB/CAN Kit;EU;SP5
1910369426;68341027878901;;Schacht Verbindungsbox mit UBF Leiterpla;GE;SP1
1910363247;68341027879001;;Inspektionskasten CMC4+ 20.50;GE;SP1
1910367610;68341027883001;;Stecker / Licht Bedienpanel F-Typ (D/ES);EU;SP5
1910367611;68341027883101;;Emergency LED Streifen 12V;GE;SP1
1910367612;68341027883401;;LED Streifen 24V 500mm;GE;SP1
1910367613;68341027883501;;LED Streifen 24V 250mm;GE;SP1
1910367614;68341027883601;;LED Streifen 24V 125mm;GE;SP1
1910367615;68341027910101;;"Display 3,5"" ohne Sprachkarte";GE;SP1
1910367616;68341027910201;;"Display 3,5"" mit Sprachkarte";GE;SP1
1910369428;68341027910301;;"Display 7"" ohne Sprachkarte";GE;SP2
1910367617;68341027910401;;"Display 7"" mit Sprachkarte";GE;SP1
1910367618;68341027913601;;Flash & Summer für Inspektionsfahrt;GE;SP1
1910367544;68341027914701;;Netzgerät für Beleuchtung 24VDC/60W;GE;SP1
1910367545;68341027914801;;Netzgerät für Beleuchtung 24VDC/150W;GE;SP1
1910367619;68341027914901;;Interkommunication BST 2791.49;GE;SP1
1910367620;68341027943501;;Mikrofon Teleservice;GE;SP1
1910367957;68341050208303;;Magnetspule (1 Kontakt NO);GE;SP1
1910369363;68341050985401;;Display LCD (schwarz) (LIP-7);GE;SP1
1910369333;68341050991901;;ZB Weiterfahrtsanzeigen LID 50 schwarz;GE;SP1
1910369334;68341050991902;;ZB Weiterfahrtsanzeigen LID 50 weiß;GE;SP1
1910369335;68341050991903;;ZB Weiterfahrtsanzeigen LID 51 schwarz;GE;SP2
1910369336;68341050992001;;"ZB Standanzeige LIP TFT 3,5"" schwarz";GE;SP1
1910369364;68341050994503;;EuroKey Schlüsselschalter Standard Ein;GE;SP1
1910369429;68341760300670;;UCM Parametrier-Verkabelung (CMC4);EU;SP5
1910367960;68341770001730;;Bluetooth Interface für CMC Serie (neu);GE;SP1
1910367556;68341775000360;;ZB Leiterplatte T-Encoder;GE;SP1
1910367557;68341775000490;;Leiterplatte USB-CAN;EU;SP5
1910369430;68341775000650;;TPT USB2 CMC4;GE;SP1
1910369365;68341776000360;;ZB Leiterplatte NuUCP;GE;SP1
1910365321;68400000002;;ZB Hakenriegel R M2T,M4TZ;GE;SP2
1910365322;68400000003;;ZB Hakenriegel L M2T,M4TZ;GE;SP1
1910367562;68400000004;;ZB Mitnehmerrollen D32;GE;SP1
1910365323;68400000006;;ZB Türkontakt L, M2T, M2Z;GE;SP1
1910367112;68400000007;;ZB Türkontakt M4TZ;GE;SP2
1910365324;68400000008;;Zugfederhalter;GE;SP1
1910367080;68400000009;;ZB Gegenrolle 33 mm;GE;SP1
1910367567;68400000010;;ZB Seilrolle D47;GE;SP1
1910367568;68400000011;;ZB Seilrolle D47 o.Achse Bohrung 8mm;GE;SP1
1910367569;68400000012;;ZB Laufrolle D48;GE;SP1
1910367081;68400000013;;Zugfeder M2T  TB800-1050;GE;SP1
1910367082;68400000014;;Zugfeder M2T  TB1100-1200;GE;SP1
1910367083;68400000015;;Zugfeder M2Z  TB800-850;GE;SP1
1910367085;68400000016;;Zugfeder M2Z  TB900-1050;GE;SP1
1910367086;68400000017;;Zugfeder M2Z  TB1100-1400;GE;SP1
1910367087;68400000018;;Zugfeder M4TZ  TB1200-1800;GE;SP1
1910367088;68400000019;;Türseil M2T TB 800;EU;SP5
1910367089;68400000020;;Türseil M2T TB850-900;GE;SP1
1910367090;68400000021;;Türseil M2T TB950-1000;GE;SP1
1910367091;68400000022;;Türseil M2T TB1100;GE;SP1
1910367092;68400000023;;Türseil M2T TB1200;GE;SP1
1910367093;68400000024;;Türseil M2Z TB800;GE;SP1
1910367100;68400000025;;Türseil M2Z TB850;EU;SP5
1910367101;68400000026;;Türseil M2Z TB900;AE;SP6
1910367104;68400000027;;Türseil M2Z TB950;EU;SP5
1910367106;68400000028;;Türseil M2Z TB1000;GE;SP2
1910367107;68400000029;;Türseil M2Z TB1100;EU;SP5
1910367108;68400000030;;Türseil M2Z TB1200;EU;SP5
1910367109;68400000031;;Türseil M4TZ TB1200;EU;SP5
1910367110;68400000032;;Türseil M4TZ TB1300-1400;EU;SP5
1910367118;68400000035;;ZB Notentriegelung R;GE;SP1
1910365325;68400000036;;ZB Notentriegelung L;GE;SP1
1910367122;68400000037;;ZB Befestigungsteile f.Türblatt;GE;SP1
1910365221;68400000038;;ZB Führung für Türblatt M2T Fermator;GE;SP1
1910367126;68400000039;;ZB Schalter m.Brücke 40mm;GE;SP1
1910367128;68400000040;;Schalter m.Brücke 60mm;GE;SP1
1910365329;68400000041;;Positionsschalter R m.Federrückstellung;GE;SP2
1910365330;68400000042;;Positionsschalter L m.Federrückstellung;GE;SP1
1910367120;68400000043;;Bowdenzug Fahrkorb-Tür links/zentral;GE;SP1
1910367121;68400000044;;Bowdenzug Fahrkorb-Tür rechts;GE;SP1
1910365331;68410000002;;ZB Hakenriegel R ,M2T,M4TZ;GE;SP2
1910365332;68410000003;;ZB Hakenriegel M4TZ L;GE;SP2
1910365333;68410000004;;ZB Mitnehmerrolle für Hakenriegel;AE;SP6
1910365334;68410000005;;ZB Verriegelungsstück R M2T m.Schalter;EU;SP5
1910365335;68410000006;;ZB Verriegelungsstück L M2T m.Schalter;EU;SP5
1910365336;68410000007;;ZB Verriegelungsstück M2Z m.Schalter;EU;SP5
1910365337;68410000008;;ZB Verriegelungsstück M4TZ m.Schalter;EU;SP5
1910367600;68410000009;;ZB Laufrolle D64 ohne Achse Bohrung  8mm;AE;SP6
1910367601;68410000010;;ZB Laufrolle D66 mit Achse;GE;SP1
1910367602;68410000011;;Laufrolle D47 ohne Achse;EU;SP5
1910367137;68410000012;;Gegenrolle D26 mit Achse;GE;SP1
1910367139;68410000026;;Türseil M2Z TB800 Premium;GE;SP1
1910367141;68410000027;;Türseil M2Z TB850 Premium;EU;SP5
1910367142;68410000028;;Türseil M2Z TB900 Premium;GE;SP1
1910367143;68410000029;;Türseil M2Z TB1000 Premium;GE;SP1
1910367145;68410000030;;Türseil M2Z TB1050 Premium;EU;SP5
1910367146;68410000031;;Türseil M2Z TB1100 Premium;GE;SP1
1910367147;68410000032;;Türseil M2Z TB1200 Premium;EU;SP5
1910367148;68410000033;;Türseil M2Z TB1300;GE;SP1
1910367150;68410000034;;Türseil M2Z TB1350;EU;SP5
1910367151;68410000035;;Türseil M2Z TB1400;EU;SP5
1910367152;68410000036;;Türseil M4TZ TB1200 Premium;EU;SP5
1910367158;68410000037;;Türseil M4TZ TB1300-1400 Premium;EU;SP5
1910367216;68410000042;;Türblattführung;GE;SP1
1910367219;68410000043;;ZB Schalter m.Brücke 50mm;GE;SP1
1910365338;68420000002;;ZB Türantrieb IP 40 mit Drehgeber;GE;SP1
1910365339;68420000003;;Antriebsrad für Türantrieb;GE;SP1
1910365340;68420000004;;Zahnriemen Eagle;GE;SP1
1910367166;68420000005;;ZB Türseil  M2T TB800;GE;SP1
1910367168;68420000006;;ZB Türseil  M2T  TB850- 900;GE;SP1
1910367169;68420000007;;ZB Türseil M2T TB950 - 1000;GE;SP1
1910367170;68420000008;;ZB Türseil M2T TB1000;EU;SP5
1910367171;68420000009;;ZB Türseil M2T TB1200;GE;SP1
1910367172;68420000010;;ZB Türseil M2T TB1300;GE;SP1
1910367173;68420000011;;ZB Türseil M2T TB1400;GE;SP1
1910367174;68420000012;;ZB Türseil M2Z TB800;EU;SP5
1910367175;68420000013;;ZB Türseil M2Z TB850;EU;SP5
1910367176;68420000014;;ZB Türseil M2Z TB900;GE;SP1
1910367177;68420000015;;ZB Türseil M2Z TB1000;GE;SP1
1910367178;68420000016;;ZB Türseil M2Z TB1050;EU;SP5
1910367179;68420000017;;ZB Türseil M2Z TB1100;EU;SP5
1910367180;68420000018;;ZB Türseil M2Z TB1150;EU;SP5
1910367181;68420000019;;ZB Türseil M2Z TB1200;GE;SP1
1910367182;68420000020;;ZB Türseil M2Z TB1300;EU;SP5
1910367184;68420000021;;ZB Türseil M2Z TB1350;EU;SP5
1910367185;68420000022;;ZB Türseil M4TZ TB1200;EU;SP5
1910367186;68420000023;;ZB Türseil M4TZ TB1300-1400;AE;SP6
1910367191;68420000024;;ZB Türseil M4TZ TB1500;AE;SP6
1910367192;68420000025;;ZB Türseil M4TZ TB1600-1800;AE;SP6
1910365341;68420000026;;ZB Umlenkritzel;GE;SP1
1910367194;68420000027;;ZB Spreizschwert R lang;GE;SP1
1910367195;68420000028;;ZB Spreizschwert kurz M4TZ m.Zusatzver.;GE;SP1
1910367196;68420000029;;ZB Spreizschwert L  m.Verr. L M2T;GE;SP1
1910367200;68420000031;;ZB Spreizschwert M2Z m.Zusv.;GE;SP2
1910367204;68420000032;;ZB Spreizschwert R M2T m.Zusv.;GE;SP1
1910367224;68420000033;;Kurve für FK-Türverriegelung;AE;SP6
1910365342;68420000034;;Riegel für FK-Tür Verriegelung;AE;SP6
1910367639;68420000035;;Laufrolle D64 ohne Achse;GE;SP1
1910367640;68420000036;;Laufrolle D66 mit Achse;GE;SP1
1910367641;68420000037;;ZB Befestigungsteile f. Türblatt;EU;SP5
1910365328;68420000038;;ZB Führung für Türblatt;GE;SP1
1910208666;68420000039;;ZB Kabel für Drehgeber 420mm;GE;SP1
1910208667;68420000040;;ZB Kabelsatz für Türantrieb;GE;SP1
1910367232;68420000041;;Schalter m.Brücke 40mm Suns;GE;SP1
1910365344;68420000042;;ZB Türsteuergerät VF7+ Relais rechts;GE;SP1
1910365345;68420000043;;Zahnriemenklemme;AE;SP6
1910207957;6842542540;;Reed-Sensor MK7-1A71B;GE;SP1
1910367644;6844205013;;ZB Seilrolle D 320  4x8;GE;SP2
1910364344;6844208102;;ZB Inspektionssteuerung Compact;GE;SP1
1910561295;unbekannt;batch4;Leitungsschutzschalter, 1 polig, 10A;GE;SP1
1910365347;69000003600;;Relais 12VDC 1W / 6A 250VAC steck;GE;SP1
1910208668;69000003601;;Relais 24VDC 1W / 6A 250VAC steck;GE;SP1
1910208669;69000004923;;ZB Montageset CPU MC2 v. f.65100002080;GE;SP4
1910367648;69000005651;;Taster Transparent m.Symbol Pfeil CTL;GE;SP2
1910367649;69000005654;;Taster Transparent m.Symbol Glocke CTL;GE;SP2
1910367650;69000005657;;Taster m.roter Kappe u. Beleuchtung CTL;GE;SP2
1910208670;69000005964;;Notbefreiungsgeraet synchron;GE;SP2
1910367222;69000005967;;Notbefreiungsgeraet Leistungskarte syn;GE;SP2
1910367246;69000005968;;Notbefreiungsgeraet Logikkarte syn;EU;SP5
1910367254;69000005974;;Notbefreiungsgeraet Relaiskarte asyn.;EU;SP5
1910208671;69000005977;;Notbefreiungsgerät Türkarte 1-ph;EU;SP5
1910367228;69000006049;;ZB Schalter 2OE ohne Raster m.Anbauteile;GE;SP1
1910365348;69000006843;;ZB Umbausatz D-Sub-Verriegelung;GE;SP2
1910208672;69000009201;;zB Glimmlampen mit Lampenzieher;GE;SP1
1910365349;69000009203;;Winkel für Rastschalter;EU;SP5
1910208673;69000009204;;Lichtgitter Memco;GE;SP1
1910208674;69000009206;;Schalter Fanggestänge;GE;SP1
1910208675;69000009207;;Entriegelungskontrollkit S11 linksöffnen;GE;SP1
1910365350;69000009208;;Entriegelungskontrollkit S11 rechtsöffne;GE;SP1
1910209192;69000009209;;Türantrieb RT301;GE;SP1
1910365351;69000009210;;rechte Halterung für Zuhaltemagnet;GE;SP2
1910365352;69000009211;;linke Halterung für Zuhaltemagnet;GE;SP2
1910208676;69000009212;;zusätzliche Kette D11 links 900;GE;SP1
1910208677;69000009213;;zusätzliche Kette D11 rechts 900;GE;SP1
1910208678;69000009215;;ZB Stromversorgung;GE;SP1
1910208679;69000009216;;Leuchte Domino;GE;SP1
1910208680;69000009218;;Türantrieb VF400;GE;SP1
1910208681;69000009219;;Steuerplatine VF400;GE;SP1
1910208682;69000009220;;Diagnose 6 Software DTWP;AE;SP6
1910208683;69000009221;;Diagnose 6 Software DTW;AE;SP6
1910365355;69000009222;;Umbausatz In Line Sicherung 4At;EU;SP5
1910367658;69000009223;;RT42 IX Sondertaster;GE;SP2
1910365357;69000009224;;ZB Umbausatz Spannungswandler -G86 Evo;GE;SP1
1910365358;69000009225;;ZB Umbausatz Spannungswandler -G86 Syner;GE;SP1
1910209193;69000009227;;Stromversorgung RT201 300SAV;GE;SP1
1910208684;69000009228;;Stromversorgung RT301 L SAV;GE;SP1
1910208685;69000009229;;Stromversorgung RT301 R SAV;GE;SP1
1910208686;69000009230;;Stromversorgung RT301 Z SAV;GE;SP1
1910208687;69000009231;;Türantrieb RT301 Z;GE;SP2
1910365359;69000009232;;Akustische Quittung EN81-70 var 2;EU;SP5
1910365360;69000009233;;ZB Umbausatz Spannungswandler -G86 MH3;GE;SP1
1910209194;69000009235;;Netzteil 20V/230V MCI-D/E;GE;SP1
1910365361;69000009237;P1E=EU Löschvermerk;Umbauanleitung Wandler Syn Evo -G86 MH4;EU;SP5
1910208688;69000009238;;ZB I/O Leiterplatte ohne can RT301;GE;SP2
1910369434;69000009240;69000009240_L;Filtermatte 272x272mm;GE;SP1
1910564158;69000009254;;ET Leuchtmittel;AE;SP6
1910564159;69000009271;;412418 = IC-PERI BTS712N1 SO-20L/ST;GE;SP1
1910369432;69000009273;;Reflektor RLK 91-6 82,1x8,5;GE;SP1
1910369439;69000009274;;ZB MAX Kabelsatz LISA Steuerung;GE;SP1
1910564160;69000009276;;ZB MAX Sensor Durchlade-Kit;GE;SP1
1910365362;69100007987;;Türdämpfer STD90;GE;SP1
1910365363;69100008794;;Akku 12V;GE;SP2
1910363788;6933006016;;Motor 12P 230-400V 1,5MN;GE;SP2
1910363789;6933010016;;Lichtschranke 4METER;GE;SP2
1910207958;6933011016;;Reflektor 32x48;GE;SP1
1910207959;6933012016;;Reflektor auf Platte;GE;SP2
1910209170;6933013016;;Schalter Typ:XCK P;GE;SP1
1910363790;6933014016;;Türantriebskarte D6 V2.2;GE;SP1
1910209171;6933015016;;Schaltermit Kabel 3pol;AE;SP6
1910363793;6933016016;;Türantriebskarte D6 V2;EU;SP5
1910207960;6933017016;;Türantriebskarte D6 V1;GE;SP1
1910363795;6933018016;;Türantriebskarte D6 TCI;GE;SP2
1910365958;6941181016;;Trafo 1Ph RST250;GE;SP1
1910207961;6948002016;;Gluehlampe BA9S;GE;SP1
1910207962;6948003016;;Lampe 36V 1,2WATT;GE;SP1
1910207963;6948004016;;Roehrenhalter 2G11;GE;SP1
1910207964;6952200016;;Empfaengergleichlicht;EU;SP5
1910207965;6952200026;;Sendergleichlicht;EU;SP5
1910363796;6952501016;;RZ-K Kontaktbruecke;GE;SP2
1910363797;6952502016;;RZ Rollenzwangskontakt;GE;SP2
1910207966;6952503016;;Fuehrungsrolle mit Ablaufring;EU;SP5
1910207967;6952901016;;Magnetschalter Schiebetüre;GE;SP1
1910209172;6956001016;;Microschalter;GE;SP1
1910367673;6958001016;;Kurzhubtaster rot;GE;SP2
1910367674;6958002016;;Kurzhubtaster gruen;GE;SP2
1910207968;6958003016;;Kurzhubtaster Symbol Pfeil;GE;SP2
1910367675;6958004016;;Kurzhubtaster Symbol Glocke;GE;SP2
1910369507;6960102226;;ZB Knopf Glasklar Vands. Bez.1;GE;SP3
1910369508;6960103226;;ZB Knopf Glasklar vands. Bez.2;GE;SP3
1910369509;6960104226;;ZB Knopf Glasklar Vands. Bez.3;GE;SP3
1910369510;6960105226;;ZB Knopf Glasklar Vands. Bez.4;GE;SP3
1910369511;6960106226;;ZB Knopf Glasklar Vands. Bez.5;GE;SP3
1910369512;6960107226;;ZB Knopf Glasklar Vands. Bez.6;AE;SP6
1910367676;6960110016;;Drucktaster Transparent 24V;GE;SP1
1910363798;6960110296;;Kappe V2A config;GE;SP1
1910369513;6960142226;;ZB Knopf Glasklar Vandalensicher neutral;GE;SP4
1910207969;6960174016;;Tastplatte C Bezeichnung 1;GE;SP3
1910207970;6960175016;;Tastplatte C Bezeichnung 2;GE;SP4
1910207971;6960176016;;Tastplatte C Bezeichnung 3;GE;SP4
1910207972;6960177016;;Tastplatte C Bezeichnung 4;GE;SP3
1910207973;6960178016;;Tastplatte C Bezeichnung 5;GE;SP4
1910207974;6960179016;;Tastplatte C Bezeichnung 6 bez. 9;GE;SP3
1910207975;6960180016;;Tastplatte C Bezeichnung 7;GE;SP3
1910207976;6960181016;;Tastplatte C Bezeichnung 8;GE;SP4
1910207977;6960183016;;Tastplatte C Bezeichnung 10;GE;SP4
1910207978;6960184016;;Tastplatte C Symbol Ventilator;GE;SP3
1910207979;6960185016;;Tastplatte C Symbol Pfeil;GE;SP3
1910207980;6960187016;;Tastplatte C Symbol Tür zu;GE;SP4
1910207981;6960188016;;Tastplatte C Symbol Tür auf;GE;SP3
1910207982;6960189016;;Tastplatte C Symbol Pfeile auf/ab;GE;SP4
1910207983;6960190016;;Tastplatte C Bezeichnung E;GE;SP3
1910207984;6960191016;;Tastplatte C Bezeichnung K;GE;SP4
1910564161;6962101016;;Anzeigelampe 24V 1,2W;GE;SP1
1910363799;6965001016;;Steuereinschub fuer Steuereinheit;GE;SP2
1910363800;6965003016;;Auswerteeinschub 2 Zugaenge;GE;SP2
1910363801;6965004016;;Auswerteeinschub 2 Zugaenge T;GE;SP2
1910207986;6968001016;;ZB Taster 1 S;GE;SP1
1910207988;6968003016;;ZB Taster 3 S;ES;SP3
1910207989;6968004016;;ZB Taster 4 S;GE;SP3
1910367681;6968005016;;ZB Taster 5 S;AE;SP6
1910367682;6968006016;;ZB Taster 6 S;AE;SP6
1910207990;6970001906;;Hauptkontakt Typ 6571/1;GE;SP3
1910207991;6970002026;;Drehimpulsgenerator GEL262;GE;SP1
1910207992;6970002906;;Hauptkontakt  Typ 6571/2;GE;SP3
1910363803;6970003026;;Drehimpulsgeber;GE;SP2
1910207993;6970004906;;Hauptkontakt  Typ 6572/2;EU;SP5
1910207994;6970010906;;Hilfsarbeitskontakt Sortiment;AE;SP6
1910207995;6970011906;;Hilfsruhekontakt Sortiment;AE;SP6
1910363804;6972102016;;Relais EM1;AE;SP6
1910209174;6972201016;;Koppelrelais AC230V;GE;SP1
1910363805;6977001016;;Luftschütz 220V 50HZ;GE;SP2
1910207996;6999001016;;Springfeder zur Befestigung des Dekoglas;GE;SP1
1910363807;6999001106;;Ventilator;GE;SP1
1910561240;unbekannt;batch4;USV YUNTO 800;GE;SP1
1910561302;unbekannt;batch4;CONTROLLER: Pana194,230/115V ,English;GE;SP1
1910561303;unbekannt;batch4;Akku 12V / 8,5AH für IP-Router bei TS;GE;SP1
1910561304;unbekannt;batch4;Koppel-Baustein 230V AC 495282300060;GE;SP1
1910561305;unbekannt;batch4;Frequenzumrichter, FB-20-A-D-400-32-B;GE;SP1
1910561306;unbekannt;batch4;Lastmessung Sensor SWR für 5-13mm Seil;GE;SP1
1910561307;unbekannt;batch4;Not-Aus Schlagtaster Gehäuse inkl. 10m;GE;SP1
1910561308;unbekannt;batch4;Schaltnetzteil Mean Well, 100Watt, 24V;GE;SP1
1910561296;unbekannt;batch4;LDM-Bus ( Driver ) LDM 02 Lisabus;GE;SP1
1910561310;unbekannt;batch4;SCHLÜSSELSCHALTER SCHALTER 90° SYN.SMP;GE;SP1
1910363808;7916003258;P1E=EU Löschvermerk;Adapterplatte 3Tx6 406-OA;EU;SP5
1910363811;7920003011;;Stossfeste Lampe 235V 40W;GE;SP2
1910207997;7920003015;;Lampe 24V 2W BA 9S;GE;SP1
1910207998;7920003026;;Lampe 6V 5W BA15D;GE;SP1
1910207999;7920003030;;Soffittenlampe 12V 5W 39mm;GE;SP1
1910208000;7920003031;;Soffittenlampe 24V 2W 29mm;GE;SP1
1910208001;7920003032;;Soffittenlampe 24V 5W 39mm;GE;SP1
1910208002;7920003033;;Lampe 36V 3W BA 9S;GE;SP2
1910208004;7920003056;;Lampe 24V 1W W2x4,6D;GE;SP1
1910208005;7920003062;;Lampe 6V 6W;GE;SP2
1910208006;7920003064;;Lampe 24V 0,05A R10;GE;SP1
1910208007;7920003065;;Lampe 12V 2W BA 9S;GE;SP1
1910363812;7920003079;;Lampensockel BA 15D 19-3;EU;SP5
1910208008;7920003082;;Lampe 36V R7x20 0,02A;AE;SP6
1910208009;7920003083;;Soffittenlampe 24V 3W 31mm;GE;SP1
1910208010;7920003086;;Soffittenlampe 36V 3W 35mm;GE;SP1
1910363813;7921003038;;Signalglimmlampe 220V;AE;SP6
1910363816;7930003083;;Huels. Passeinsatz D01 6A-NEOZED;AE;SP6
1910363817;7930003088;;Neozed Schmelzeinsatz 10A;GE;SP1
1910363818;7930003089;;Neozed Schmelzeinsatz D01 6A;GE;SP1
1910363819;7930003090;;Neozed Schmelzeinsaetze DO225A;AE;SP6
1910363820;7930003096;;Neozed Schmelzeinsaetze D01 2A;GE;SP2
1910363822;7930003097;;Neozed Schmelzeinsatz D01 4A;EU;SP5
1910363824;7931003007;;Sicherungseinsatz F 1A;EU;SP5
1910363842;7931003010;;Sicherungseinsatz T 1A;GE;SP1
1910363850;7931003011;;Sicherungseinsatz F 4A;GE;SP1
1910208013;7931003020;;Sicherungseinsatz T 2A;AE;SP6
1910208014;7931003025;;Sicherung G19230 FF6,3A;EU;SP5
1910564044;7940003027;;Kippschalter Typ1335 6;AE;SP6
1910208015;7940003037;;Stromstossschalter 1pol;GE;SP1
1910208016;7941003033;;Schlüssel HP29248;GE;SP1
1910208017;7941003034;;Schlüssel HP29249;GE;SP1
1910363853;7941003086;;Schlüssel Schl. HP29252;AE;SP6
1910364401;7944003012;;Nockenschalter T2B-2-113/E;EU;SP5
1910208018;7945003112;;Kuax K-Relais KC4 24V;AE;SP6
1910369440;7945003123;;Zeitrelais DZ52-SG 220V 50Hz;GE;SP2
1910363854;7945003158;;Kuax Industrierelais IA4;EU;SP5
1910363856;7945003182;;Leistungsschütz 3RT1054-1AP36  220V;AE;SP6
1910363857;7945003210;;Leistungsschütz 3TB4417 115VAC 60Hz;GE;SP2
1910363858;7945003218;;Hilfsschütz 3TH8262-OAJ1  115 V, 60 HZ;GE;SP2
1910208019;7945003222;;Hilfsschütz 3TH4244-0AP0 230 V;GE;SP1
1910208020;7945003223;;Hilfsschütz 3TH4262-OAPO 230 V;GE;SP1
1910208021;7945003264;;Hilfsschütz 3TH4031-OAPO 230VAC 3S/1OE;GE;SP1
1910363859;7945003269;;Hilfsschütz 3TH4394-OBB4 24VDC 5S/5OE;GE;SP1
1910363862;7945003281;;Leistungsschütz 220F 105A 24VDC Rel.;AE;SP6
1910364391;7945003287;;1Satz Ersatzschaltglieder fuer 3TB44;EU;SP5
1910208022;7945003318;;Leistungsschütz 3TD42 Wendeschütz 230V;EU;SP5
1910363864;7945003320;;Schaltverzoegerung SV100MS 65VA;EU;SP5
1910363865;7945003333;;Schaltverzoegerung SV500MS 65VA;GE;SP1
1910363866;7945003342;;Leistungsschütz LP1 25A 3H/1S 24VDC;GE;SP2
1910363868;7947003017;;Schachtumschalter US;GE;SP2
1910208023;7947003027;;Türschalter PZ73/B;GE;SP1
1910363870;7947003028;;Kontaktbruecke DZ-21;EU;SP5
1910367709;7947003089;;Endtaster 3SE3 200-1D;EU;SP5
1910363871;7948003051;;Motorschutzgeraet INT69 22A 460;GE;SP2
1910363873;7949003030;;Reflektor TK D.35mm;EU;SP5
1910363874;7963003026;;Motor Typ GST50-12 380V;GE;SP2
1910363885;7968003015;;Querstromventilator QK 0,8 A.-2 EM.50 CH;EU;SP5
1910208024;7970003009;;Batterie VARTA-NR 431, 6V;GE;SP1
1910364402;7973003037;;Drehstrom Bruecke SKD 30/02 A1;EU;SP5
1910363886;7975003027;;Transistor MO 2N3054;EU;SP5
1910363890;7975003154;;Varistor VG-S01/220;EU;SP5
1910363891;7975003155;;Varistor VG-U1/220V;AE;SP6
1910363893;7975003169;;Thyristor Bruecke SKDT 100/12;EU;SP5
1910363894;7975003171;;Thyristor Modul SKKT 131/12 D;GE;SP2
1910364409;7977003007;;Unterbrecherschalter;GE;SP2
1910364414;7977003011;;Riegelmagnet Typ V8 GLW;GE;SP2
1910363895;7982003010;;Signalhupe HPW 220V 50Hz;GE;SP2
1910208026;7982003011;;Lautsprecher 16R AD;AE;SP6
1910364419;7982003018;;Einbausummer E2762 24V;EU;SP5
1910561512;unbekannt;;Führungsrolle;GE;SP1
1910561311;unbekannt;batch4;SCHLÜSSELSCH.S1/MIL.BRANDF. R-0-1 GENF;GE;SP1
1910564162;8000774436;;Bremse Mayr RSR400 ST 2x400Nm A17-ER-Kit;GE;SP1
1910564163;8000787561;;Bremse Mayr RTW350 ST 2x320Nm EN-ER-Kit;GE;SP1
1910564164;8000787563;;Bremse Mayr RSR400 HE 2x400Nm A17-ER-Kit;GE;SP1
1910564165;8000865353;;Bremse Mayr RTW350 HE 2x320Nm EN-ER-Kit;GE;SP1
1910580492;8001292809;;Bremse Alzola FRTH158v2 2x158Nm EN-ETK;GE;SP1
1910561377;unbekannt;batch4;Schutzrahmen für Alarmtaster DR02 V2A;GE;SP1
1910561313;unbekannt;batch4;TÜRLAUFROLLE MEILLER 1-RILLIG 35-150KG;GE;SP1
1910561314;unbekannt;batch4;FIXING-KIT: Panachrome 10mm,Clamp-plate;GE;SP1
1910561315;unbekannt;batch4;CONTROLLER: Pana194,230/115V,3D,English;GE;SP1
1910561316;unbekannt;batch4;Lichtgitter Set E10 36,Diag,TOE,4mCable;GE;SP1
1910561317;hatch4 + batch5;8850005446;CONTROLLER: Panachrome,3D,Universal,Ger;GE;SP1
1910561318;unbekannt;batch4;CONTROLLER: Panachrome,3D,Universal,Eng;GE;SP1
1910561319;unbekannt;batch4;HL-TÜRLAUFRL.MEILLER F.TÜRG.3:TÜRT25-32;GE;SP1
1910564045;880730821600;;PMC125M002;EU;SP5
1910367732;880730821600;;Umrichter MFC 21-60 SM V1;EU;SP5
1910564046;880730821602;;Umrichter MFC 21-60 o.Zubehör;EU;SP5
1910367733;880730831151;;Umrichter MFC 31-15 SM V3;EU;SP5
1910564047;880730831701;;Umrichter CPI 09;AE;SP6
1910564048;880730831704;;Umrichter CPI 26F V1;AE;SP6
1910564049;880730831706;;Umrichter CPI 32 V1;AE;SP6
1910564050;880730831707;;Umrichter CPI 32 V3;EU;SP5
1910564051;880730831708;;Umrichter CPI 40E V1;AE;SP6
1910564052;880730831709;;Umrichter CPI 40E V3;EU;SP5
1910369442;880730930100;;Adapterkabel Geber Asynchron;GE;SP1
1910369443;880730930200;;Adapterkabel Geber Synchron;GE;SP1
1910508695;880730930300;880730930300_L;SI-DCP Modul;GE;SP1
1910508692;880730930600;;Tastatur remote RTC display;GE;SP1
1910508690;880730930700;;LE-Smartcard, mit Parametersätzen;GE;SP1
1910508686;880730930800;880730930800_L;SI CANopen Modul;GE;SP1
1910564167;8,80761E+11;;Zubehörsatz Lichtgitter rechte Tür;GE;SP1
1910564168;8,80761E+11;;Zubehörsatz Lichtgitter linke Tür;GE;SP1
1910209066;8810NA0500;;Lichtpaket DB;EU;SP5
1910208027;8820100019;;Notstromladegerät NSLG 12 V für TS35K;GE;SP1
1910364411;8830000518;;Schaltnetzteil SNT6015, AC/DC, 60W, 15V;GE;SP1
1910208029;8840311061;;Mikroschalter mit Kontaktrolle;GE;SP1
1910369454;8840S22428;;TÜRDÄMPFER für BAF-Drehtür;GE;SP1
1910363897;8850003006;;Akku dryfit A 512 / 1,2 S;GE;SP1
1910208030;8850003059;;Seilrolle für Zugseil D56;GE;SP1
1910208032;8850003182;;Türblattführung, klein;GE;SP1
1910209069;8850003203;8850003203_N;Laufrolle 1-rillig;GE;SP1
1910209070;8850003211;8850003211_N;Laufrolle 2-rillig;GE;SP1
1910208033;8850003251;;Systemkabelbeidseitig RJ45, Länge 3 m;GE;SP1
1910209175;8850003253;;Lautsprechermodul;GE;SP1
1910208034;8850003254;;Systemkabelbeidseitig RJ45, Länge 5 m;GE;SP1
1910208035;8850003257;;Notstromversorgung;GE;SP1
1910208036;8850003258;;Batterie, Telegärtner;GE;SP1
1910208037;8850003260;;Sprechadapter Maschinenraum;GE;SP1
1910363898;8850003269;;Tableau VA ohne Taster;GE;SP2
1910208038;8850003278;;Maschinenraumtelefon, Wandtelefon;GE;SP1
1910208039;8850003281;;Montagewinkel;GE;SP1
1910208040;8850003282;;Notruftaster;GE;SP1
1910208042;8850003300;;Notruftelefonanlage 230 V;GE;SP1
1910363906;8850003305;;Getriebemotor AT 18/40, 30 VDC, links;GE;SP1
1910363907;8850003306;;Getriebemotor AT 18/40, 30 VDC, rechts;GE;SP1
1910208043;8850003319;;Netztrafo AT 18/40;GE;SP1
1910208044;8850003359;;Lichtgitter Memco Pana40 Plus Ultraslim;GE;SP1
1910208045;8850003360;;Steuergerät Pana40 Plus für Lichtgitter;GE;SP1
1910208047;8850003468;;Gegenrolle 26mm m. Exzenterachse, Selcom;GE;SP1
1910208048;8850003627;;Rolle für Hakenr. alte Nr.:8235 3348 006;GE;SP1
1910363908;8850003646;;Gleitstück lang,  L = 65;GE;SP1
1910363909;8850003647;;Gleitstück kurz,  L = 45;GE;SP1
1910363911;8850003689;;Blei-Akku 12 V 1,2 Ah für GSM 100;GE;SP1
1910208049;8850003758;;Hakenriegel komplett rechts;GE;SP1
1910208050;8850003759;;Hakenriegel komplett links;GE;SP1
1910363912;8850003765;;Führungsschuh, Trägerelement;GE;SP1
1910363913;8850003766;;Führungsschuh unten, gelocht;GE;SP1
1910208051;8850003767;;Seilrolle  64x8,7 mm;GE;SP1
1910208052;8850003771;;Mitnehmerrollefür Türverriegelung;GE;SP1
1910367742;batch5;N/A;Laufrolle oben 3201.05.0032;GE;SP1
1910208053;8850003799;;Gegenrolle mit Exzenterachse;GE;SP1
1910363914;8850003899;;Führungsschuh, Gleitstück;GE;SP1
1910208054;8850003900;;Antriebsmotor m. optischem Encoder 1 Nm;GE;SP1
1910209071;8850003915;8850003915_L;Gegenrolle D=29mm;GE;SP2
1910209072;8850003916;8850003916_L;Obere Laufrolle D=76 für Laufwagen;GE;SP1
1910363915;8850003917;;Führungseinlage;GE;SP1
1910209073;8850003918;8850003918_L;Obere Laufrolle D=53 für Laufwagen;GE;SP1
1910208056;8850004033;;Akku dryfit A 506 / 3,5S;GE;SP1
1910208057;8850004049;;Rolle für Hakenriegel komplett;EU;SP5
1910364440;8850004143;;Notrufgerät NRT 2 NX  Paket 1;GE;SP1
1910363917;8850004148;;GSM 100 XT;EU;SP5
1910367743;8850004153;;Aufkleber Akku-Wechsel;GE;SP1
1910367744;8850004154;;Aufkleber Getriebe-Ölwechsel;GE;SP1
1910367745;8850004155;;Aufkleber Personenbeförderung verboten;GE;SP1
1910367746;8850004156;;Aufkleber Aufzug im Brandfall;GE;SP1
1910367747;8850004159;;Aufkleber DGUV 3 Prüfplakette;GE;SP1
1910367748;8850004160;;Aufkleber Prüfplakette TK Aufzüge;GE;SP1
1910367749;8850004161;;Aufkleber Ampel  13x16 cm;GE;SP1
1910363920;8850004163;;Sprechstelle Fahrkorbdach MAX;GE;SP1
1910367750;8850004165;;Aufkleber AB  zeitl. Begrenzt;GE;SP1
1910367751;8850004166;;Aufkleber Derzeit außer Betrieb;GE;SP1
1910367752;8850004169;;Aufkleber Service Notruf;GE;SP1
1910367753;8850004170;;Aufkleber Service24;GE;SP1
1910363922;8850004172;;Notstrombatterie 1,2 V, 2,08 Ah;GE;SP1
1910363923;8850004174;;Halbzylinder Sonder.-Bohrschutz;GE;SP1
1910564169;8850004176;;Schlüsselrohr klein 43,5x150;GE;SP1
1910564170;8850004177;;Schlüsselrohr groß 78x150;GE;SP1
1910367755;8850004178;;Aufkleber Elektrischer Betriebsraum;GE;SP1
1910367756;8850004179;P1E=EU Löschvermerk;Aufkleber Ampel 9 x 11 cm;EU;SP5
1910364427;8850004180;;SER-Aufkleber;GE;SP1
1910363925;8850004181;;TKE Angebotsmappe;GE;SP1
1910369455;8850004182;;TKE Betriebsheft;GE;SP1
1910369456;8850004183;;Aufkleber Risiko-Ampel Fahrtreppen;GE;SP1
1910369457;8850004184;;Lifttür-Stopper;GE;SP1
1910369459;8850004185;;TKE Service Broschüre;AE;SP6
1910561461;8850004186;;Aufkleber Service Notruf ENG;GE;SP1
1910208058;8850004332;;"Wartungsabsperrung ""Ihre Sicherheit""";AE;SP6
1910208059;8850004333;;"Wartungsabsperrung ""Aufzüge/Fahrtreppen""";AE;SP6
1910364429;8850004356;;"Wartungsabsperrung ""Bitte Abstand halten";GE;SP1
1910208060;8850004402;;Riegelkurve EMT 17 - 205 V DC;GE;SP1
1910363926;8850004450;;Türantrieb AT 40 komplett, 30 V, rechts;GE;SP1
1910363927;8850004451;;Türantrieb AT 40 komplett, 30 V, links;GE;SP1
1910208061;8850004550;;Luftfilter Einsatz (Ersatz);GE;SP1
1910208062;8850004553;;enev Wartungskit;GE;SP1
1910364431;8850004700;;KEB-Frequenzumrichter 11 kW, 400 V;EU;SP5
1910364432;8850004701;;KEB-Frequenzumrichter 18,5 kW;EU;SP5
1910564171;8850004772;;Gummistopfen;GE;SP1
1910208063;8850004800;;Lichtleistenpaar cegard/Lift LX, LY;GE;SP1
1910209176;8850004809;;Notstromgerät NSG 230 / 12 V, 1,2 Ah;GE;SP1
1910208064;8850004810;;Blei-Akku SB12-1,2;GE;SP1
1910363928;8850004815;;Getriebemotor AT 40, 30 VDC, links;GE;SP1
1910208065;8850004816;;Getriebemotor AT 40, 30 VDC, rechts;GE;SP1
1910208066;8850004818;;Türsteuergerät AT 40, Relais;GE;SP1
1910208067;8850004820;;Schaltnetzteil AT 40;GE;SP1
1910364433;8850004850;;Frequenzumrichter Mcomfort 50A 400V LS;GE;SP1
1910363929;8850004852;;Führungsschuh-Belag 140x16x4 16 Schiene;GE;SP1
1910208068;8850004868;;Montage-Set cegard/Lift LX/LY;GE;SP1
1910208069;8850004871;;Frontplatte MAX;GE;SP1
1910363931;8850004916;;Schlüsselrohr 43,5x150 + Halbzylinder;GE;SP4
1910363932;8850004917;;Schlüsselrohr groß 78x150 + Halbzylinder;GE;SP4
1910363936;8850004954;;Türsteuergerät (P-2051 / CDD5.0);GE;SP1
1910363937;8850004956;;Türsteuergerät (BL-B111AAMX03);GE;SP1
1910364448;8850005356;;2N Lift1 Paket 2: Aufbauvariante;AE;SP6
1910364449;8850005357;;2N Lift1 Paket 3: Einbauvariante;AE;SP6
1910208070;8850005479;;Mikroschalter Umbausatz links;GE;SP1
1910208071;8850005480;;Mikroschalter Umbausatz rechts;GE;SP2
1910208073;8850005510;;2N Lift1 Externer Lautsprecher 1m Kabel;GE;SP1
1910363939;8850005511;;2N Lift1 Externer Lautsprecher 3m Kabel;GE;SP1
1910208074;8850005512;;2N Lift1 Ext Mikrofon L 1 m;GE;SP1
1910208075;8850005513;;2N Lift1 Ext Mikrofon L 3 m;GE;SP1
1910367783;8850005514;;2N Lift1 Verstärkermodul;GE;SP1
1910367784;8850005515;;2N Lift1 Notrufgerät;GE;SP1
1910364451;8850005518;;2N Lift1 Maschinenraum Station Set;GE;SP1
1910364453;8850005523;;2N® Lift1 Kabinentableau (20 mm);GE;SP1
1910364471;8850005524;;2N® Lift1 Kabinentableau (3 mm);GE;SP1
1910367778;8850005525;;2N® Alarmtaster;GE;SP1
1910364473;8850005526;;2N EasyGate PRO GSM Gateway mit SIM;AE;SP6
1910367780;8850005527;;Aufkleber Schachtentlüftung;GE;SP1
1910363940;8850005529;;Notrufgerät 2N Lift1 Paket IP EasyGate;GE;SP1
1910363941;8850005530;;EasyGate LTE IP-Gateway mit Modem;GE;SP1
1910564172;8850005531_E;;EasyGate LTE IP-Gateway ohne Modem;GE;SP1
1910364478;8850005532;;2N Lift 1 Programmiertool;GE;SP1
1910369460;8850005533;;Aufzugsnotrufset Lift1;GE;SP1
1910369461;8850005534;;2N Antenne;GE;SP1
1910369462;8850005615;;GSM 90;GE;SP1
1910208076;8850005620;;Klebehalter;GE;SP1
1910363942;8850005624;;Lithiumbatterie für NRT 2 XT;GE;SP1
1910561450;8850005670;;AKKUPACK 3,6 V 830 mAh;GE;SP1
1910207300;885003314;;Laufrolle 1-rillig mit Bolzen;GE;SP1
1910207301;885003339;;Keilriemen TTK18 (Spindel) u. TTK25;GE;SP1
1910364457;8850820009;;Aufkleber MAX Software;GE;SP1
1910369463;8850990000;;TKE Thermobecher;AE;SP6
1910369464;8850990001;;Notebook Rucksack;GE;SP1
1910369465;8850990002;;Notizbuch;GE;SP1
1910369466;8850990003;;Notizblock (A5);GE;SP1
1910369467;8850990004;;Tasse (Keramik);GE;SP1
1910369468;8850990005;;Taschenschirm;GE;SP1
1910369470;8850990006;;Schnürsenkel;GE;SP1
1910369471;8850990007;;Metallemblem für Schnürsenkel;GE;SP1
1910369472;8850990008;;Kugelschreiber;GE;SP1
1910369473;8850990009;;Holzgliedermaßstab;GE;SP1
1910369474;8850990011;;Notizblock (A4);GE;SP1
1910369475;8850990012;;TKE USB-Stick;GE;SP1
1910561453;8850990014;;Kombi-Set Haftnotizen;GE;SP1
1910561454;8850990015;;Trinkflasche mit Drehverschluss;EU;SP5
1910561455;8850990016;;Baumwolltasche;GE;SP1
1910561456;8850990017;;Schlüsselanhänger;GE;SP1
1910561511;8850990019;;Kugelschreiber Blau G2;GE;SP1
1910564215;8850990020;;Einkaufswagen-Chip/Schlüsselanhänger;GE;SP1
1910580490;8850990022;;Trinkflasche - Schwarz;GE;SP1
1910563988;8850FK1091;;Vario Slip Control I, VSC I-B;AE;SP6
1910563989;8850FS7002;;Kammsegment, Aluminium;AE;SP6
1910369491;8850FS7006;;Handlaufrolle;AE;SP6
1910563990;8850FS7026;;HL-Umlenkkette;AE;SP6
1910369492;8850FS7030;;Bremsmagnet 110 V;GE;SP2
1910369493;8850FS7035;;Initiator KJ4-M12MN50-DPS-V2;AE;SP6
1910563991;8850FS7054;;HL-Umlenkketten E1091;AE;SP6
1910369494;8850FS7057;;Poly-V-Riemenscheibe mit Bolzen;AE;SP6
1910369495;8850FS7059;;Poly-V-Riemenscheibe;AE;SP6
1910563992;8850FS7063;;Kammsegment, links;AE;SP6
1910369496;8850FS7064;;Handlaufanpressriemen;GE;SP1
1910563993;8850FS7065;;Umlenkrolle komplett;AE;SP6
1910363943;8860709445;;Türdämpfer Dictator lang;GE;SP1
1910364458;8860995781;;Türkontakt KF9074;GE;SP1
1910363944;8860996061;;Sicherheitsschaltung SM01-001;GE;SP1
1910561320;unbekannt;batch4;FÜHRUNGSLAUFROLLE VSL Ø 100/20X34/18 MM;GE;SP1
1910561242;unbekannt;batch4;BATTERY: Memcom;GE;SP1
1910561321;unbekannt;batch4;FÜHRUNGSSCHUHEINLAGE 2116 U Schiene 16mm;GE;SP1
1910208689;90010003472;;ZB Montage HM Aufsetzvorrichtung;AE;SP6
1910208690;90010005262;;Bedienanleitung Diagnosegerät englisch;GE;SP1
1910208691;90010005263;;Bedienanleitung Diagnosegeraet deutsch;GE;SP1
1910208692;90010006291;;Einstelllehre Sensor LMS1;GE;SP1
1910208694;90010006400;;Bedienanleitung TCI/TCM Tester Deutsch;EU;SP5
1910208695;90010006478;;Tuerfeststeller in Schwelle bei Wartung;GE;SP1
1910208696;90010009205;;Bedienanleitung Diagnosegeraet DE A4;AE;SP6
1910208697;90010009206;;Bedienanleitung Diagnosegeraet EN A4;EU;SP5
1910367810;90010009236;;Leitung mit Ceecon Stecker 50m;GE;SP1
1910365367;90010009238;;Zugentlastung für Rundkabel;GE;SP2
1910365368;90010009241;;Hebegurt 2300;EU;SP5
1910208698;90010009242;;ZB Materialwinde Minifor 500 kg;GE;SP2
1910367256;90010009244;;Adapter Kabel CEE auf Schuko;EU;SP5
1910208699;90010009245;;ZB Hebevorrichtung für Schienen T50;GE;SP1
1910208700;90010009246;;Schienenstosslehre;AE;SP6
1910208701;90010009248;;Hebegurt für Materialwinde;AE;SP6
1910208702;90010009249;;Schäkel für Belastungstest;AE;SP6
1910208703;90010009251;;Netz Schachtsicherung;GE;SP1
1910208704;90010009252;;Karabiner;AE;SP6
1910367268;90010009253;;Drahtseil 4mm;AE;SP6
1910208705;90010009254;;Anschlagpunkt Material Winde;GE;SP1
1910208706;90010009255;;Keil;EU;SP5
1910208707;90010009256;;Federstecker 4x78;AE;SP6
1910365369;90010009257;;Rolleraufnahme;GE;SP1
1910367275;90010009258;;Seil für Personenwinde auf Trommel 40m;GE;SP1
1910367817;90010009259;;Seil für Personenwinde auf Trommel 70m;GE;SP1
1910367818;90010009260;;Seil für Personenwinde auf Trommel 100m;GE;SP2
1910367827;90010009262;;Steuerkabel Verlänge. Materialwinde 30 m;GE;SP2
1910367830;90010009263;;Steuerkabel Verlänge. Materialwinde 60m;GE;SP2
1910208708;90010009264;;Bügel für Belastungstest;AE;SP6
1910208709;90010009265;;Drehwirbel;GE;SP1
1910365371;90010009266;;Befestigung Geländer (innen);AE;SP6
1910367822;90010009268;;Seil für Materialwinde 40m;GE;SP2
1910367823;90010009269;;Seil für Materialwinde 70m;GE;SP1
1910367824;90010009270;;Seil für Materialwinde 100m;GE;SP1
1910208712;90010009272;;ZB Hebevorrichtung für Schienen T70;GE;SP1
1910365372;90010009273;;ZB Oberholmabstützung;AE;SP6
1910208713;90010009274;;ZB Umlenkrolle;GE;SP1
1910208714;90010009276;;Teleskopstange;GE;SP1
1910208716;90010009278;;ZB Hebevorrichtung für Schienen T90;GE;SP1
1910208717;90010009279;;ZB Hebevorrichtung für Schienen T125;GE;SP1
1910208719;90010009282;;Traverseschuh;GE;SP1
1910208720;90010009283;;ZB Lotlehre;GE;SP1
1910208721;90010009284;;Lotgewicht;GE;SP1
1910367283;90010009285;;ZB Stichmasslehre;GE;SP1
1910208722;90010009286;;ZB Oszilator Anbau komplett;GE;SP1
1910365373;90010009287;;ZB Seildurchlaufwinde TK2 mit Zubehör;GE;SP2
1910367285;90010009293;;Seilgewicht mit Spannfeder;GE;SP1
1910208723;90010009294;;Doppelumlenkrolle;GE;SP2
1910208724;90010009295;;Adapter Oberholmabstützung;GE;SP1
1910208727;90010009298;;Anbau für Fangvorrichtung;GE;SP1
1910208728;90010009299;;Prüfhaken 2,5to;GE;SP1
1910208729;90010009300;;Prüfhaken 0,5to;AE;SP6
1910365374;90010009305;;Yellowtool flex. Leiste;AE;SP6
1910367294;90010009308;;Fallstop - Seil 60m;GE;SP1
1910209195;90010009310;;Seilhalterung;GE;SP1
1910209196;90010009313;;Trittblech;GE;SP1
1910365375;90010009315;;Prüfhaken 1 to;GE;SP1
1910365376;90010009317;;Transporttisch für PMC 125 - 145;GE;SP2
1910365378;90010009319;;ZB Lotlehre für Synergy;GE;SP1
1910208736;90010009325;;Lehre für Führungsschiene;EU;SP5
1910208737;90010009337;;ZB Oberholmanbindung;GE;SP1
1910365520;90010009348;;Toolbox;GE;SP2
1910367310;90010009351;;Befestigungshaken für Blocstopseil;GE;SP1
1910208739;90010009352;;ZB Laserlotlehre mit Wandhalterungen;GE;SP1
1910208740;90010009353;;ZB Anbindung PSDW an Elementkabine;GE;SP1
1910208742;90010009358;;Testplakette 1,5t;GE;SP1
1910208743;90010009359;;ZB Anbindung Blocstop an Element Kabine;GE;SP1
1910208744;90010009367;;ZB Aufnahme für Lasttest 1,5t;GE;SP1
1910208745;90010009368;;Sicherungsseil 6mm 3,5m lang;GE;SP1
1910208746;90010009369;;Sicherungsseil 6mm 2,5m lang;GE;SP1
1910208749;90010009373;;ZB Universal PSDW Anbindung-;GE;SP1
1910208750;90010009374;;Führungshülse kompl.;EU;SP5
1910208751;90010009375;;ZB Rutschkupplung;GE;SP1
1910208752;90010009382;;Zieltafel grün;GE;SP2
1910365525;90010009420;;Kettenzug 500kg;GE;SP1
1910366643;90010009453;;Stirnradflaschenzug 500kg 5m;GE;SP1
1910208757;90010009454;;Starpoint Ringschraube M10 0,4t;AE;SP6
1910208758;90010009455;;Hochfester Schäkel HA2 4,75t;GE;SP1
1910208759;90010009456;;Anbau für Motortransport PMC 125 & 145;GE;SP1
1910208761;90010009473;;Starpoint Ringschraube M12 0,75t VRS-F;GE;SP1
1910366645;90010009524;90010009524_L;Pullworker ink. Ersatzklingen;GE;SP1
1910363945;9008219007;;Drehgriffschale;GE;SP1
1910363946;9030000183;;KAT Tachodynamo 2x60V;EU;SP5
1910364468;9030000339;;Steuerlogik I16K STL;EU;SP5
1910561322;unbekannt;batch4;Lastmessung Auswerteinheit VK-30C 230VAC;GE;SP1
1910363947;9146002063;;Bremsbelag 180 mit Niet.;EU;SP5
1910561323;unbekannt;batch4;CONTROLLER: Panachrome+,3D/2D,CanBus,Eng;GE;SP1
1910561324;unbekannt;batch4;Not-Aus Schlagtaster im Gehäuse inkl. 5m;GE;SP1
1910561301;unbekannt;batch4;USV-GER.IPG800 GENIO I-PLUG 800VA/480W 5;GE;SP1
1910208078;9403002010;;Rollenfuehrung C-5 ELSCO;GE;SP1
1910208079;9403092005;;Fuehrungsrolle GR2-1;GE;SP1
1910208080;9403092013;;Fuehrungsrolle GR3-1;GE;SP4
1910561309;unbekannt;batch4;USV GER.2000VA SINUS E-SENTINEL 1PHASIG;GE;SP1
1910208081;9546002161;;Türschliesser Zubehör AT;GE;SP3
1910561327;batch4 + batch5;8850005913;Algi, Laufrolle D120/30*30 für Fahrwagen;GE;SP1
1910366648;96000004285;;ZB Schild Hinweise NBS;GE;SP1
1910364479;9606092018;;Riegelkufe 500;EU;SP5
1910364472;9622092003;;Kugelraster komplett;GE;SP2
1910363948;9624092004;;Türraste L L2T;GE;SP1
1910208082;9624092005;;Türraste R für L2T;GE;SP1
1910208083;9624092020;;Türlaufrolle mit Nabe;GE;SP1
1910364486;9624092033;;Türkantensicherung Pneum.;EU;SP5
1910208084;9646002003;;Türraste R;GE;SP2
1910208085;9646002004;;Türraste L;GE;SP1
1910364487;9646002011;;Riegelschloss RS23-2;AE;SP6
1910564053;9646002012;;Riegelschloss RS24-2;AE;SP6
1910208086;9646002050;;Hakenriegel HRR2-1;AE;SP6
1910369502;9646002051;;Hakenriegel HRL2-1;EU;SP5
1910363949;9646002052;;Gegenlager HRR2-1;EU;SP5
1910363950;9646002053;;Gegenlager HRL2-1;EU;SP5
1910561328;unbekannt;batch4;Rollenführung FK 4 Fahrkorb Bock Alu;EU;SP5
1910208762;97000001573;;Ordner Betriebsanleitung P D Y413;GE;SP1
1910365738;97000003768;;Wartungsheft de;GE;SP1
1910367321;97000009250;;A3 Aufkleber Thyssen;EU;SP5
1910208763;97100007028;;BA Personenbefreiung o.TWR m.DZS Faltbl.;GE;SP1
8001360395;97100009202;;BA Antrieb TW45C fr;EU;SP5
1910366657;97100009210;;Anleitung Anschluss RJ45 Stecker;GE;SP2
1910208764;97100009219;;Personenbefr. PA o.TWR dez.Steuerung DE;GE;SP1
1910366661;97100009244;;BA Umbau Türantrieb D4 auf D9 de;AE;SP6
1910366662;97100009245;;BA Umbau Türantrieb D4 auf D9 en;GE;SP2
1910369503;97100009418;97100009418_L;ZB Verschleißteil K. Druckr.DAB450 de,en;GE;SP2
1910369504;97100009420;97100009420_L;ZB Verschleißteil Ki Druckr.DAB530 de,en;GE;SP1
1910366663;97100009437;;MI Begrenzer Spanneinheit NC61F ml;EU;SP5
1910366665;97100009484;;MA BC61F MHC2-E Elektrik en;EU;SP5
1910366666;97100009524;;MA Evolution Blue BC61F 320kg-1650kg ru;EU;SP5
1910366667;97100009659;;MA Öler Nachrüstsatz DE;GE;SP1
1910208765;97100009660;;MA Öler Nachrüstsatz EN;EU;SP5
1910366673;97100009766;;MA LED Schachtbeleuchtung en;GE;SP2
1910564173;97100010269;;Manual Ersatzteilkit RTW600 2x340Nm;GE;SP1
1910561329;unbekannt;batch4;KIT Bremswiderstand 2,5mm² 3m 25A;GE;SP1
1910363951;9801770004;;Verr. Magnet 220V GA110.;GE;SP2
1910363952;9805120001;;Neozed Schmelzeinsatz D01 16A;GE;SP1
1910363953;9809110054;;Schaltstreifen;GE;SP2
1910208088;9809320015;;Klemmbuegel fuer Normtaster;EU;SP5
1910367871;9809910039;;Bezeichnungsschild Hilfsstromquelle;GE;SP2
1910367872;9810400014;;Absinkverhinderungsschalter;EU;SP5
1910564054;9810410015;;Schlüsseltaster C10A795DA002E;AE;SP6
1910208089;9819092001;;Türschalter TK VI;GE;SP1
1910208090;9819092002;;Schalt. Bruecke TKVI;GE;SP1
1910363954;9819092007;;Schalt. Bruecke B24;GE;SP2
1910208091;9820007303;;Gleichrichtereinheit GCE400.750;EU;SP5
1910364483;9820007308;;Gleichrichtereinheit GCE;EU;SP5
1910364484;9820007555;;Zeitglied 2 Manlog 1;EU;SP5
1910047854;98209600;0098209600;2 SCHLÜSSEL EK333 BEDIENKASTEN SYNERGY;GE;SP1
1910049312;9821008614;;Regelbaugruppe I16K REB;EU;SP5
1910367875;9821008615;;Eingangslogik I16K EIL;EU;SP5
1910364485;9821008634;;Steuersatz 50Hz STZ1;EU;SP5
1910363956;9821008645;;Einbauteil Signaltafel;EU;SP5
1910561330;unbekannt;batch4;Zuleitung Grubensteuerstelle EN81-20;GE;SP1
1910367878;99000000325;;Bolzen B10 h11x24;EU;SP5
1910369523;99000000370;;ZB Gummirolle D26,5x16;GE;SP1
8000920975;99000000569;;O Ring 65x3-N-NBR70;GE;SP1
1910367339;99000000730;;Klemmring fuer Geber HG900;AE;SP6
1910208766;99000000733;;Wipptaster rund 1S;EU;SP5
1910369524;99000000764;;Stufennippel fuer M25;EU;SP5
1910365737;99000000765;;Stufennippel fuer M20;EU;SP5
1910365736;99000000767;;Mutter fuer Verschraubung M20x1,5 PA;GE;SP1
1910365735;99000000768;;Mutter fuer Verschraubung M16x1,5 PA;GE;SP2
1910365734;99000000771;;Kabelverschraubung M20x1,5 8-13 PA;GE;SP1
8001292819;99000000772;;Kabelverschraubung M16x1,5 5-10 PA;GE;SP1
1910366676;99000000814;;Pendelrollenlager BS2-2216-2CSW/GEN4;GE;SP2
8000920969;99000000927;;Passfeder A20*12*65 DIN6885;GE;SP2
1910369526;99000001000;;Passfeder A25*14*90;GE;SP1
1910512167;99000001001;;Pendelrollenlager BS2-2218/WS22218;GE;SP1
1910208767;99000001164;;Druckfeder 120x7,7x0,9/42;GE;SP1
1910366679;99000001196;;ZB Schalter IP54 mit Bruecke;GE;SP1
1910366681;99000001205;;Gleitlager mit Bund GFM-1214-06;GE;SP1
1910367349;99000001242;;Zugfeder 55,2x8,0x0,5/- Oesen180°;EU;SP5
1910366683;99000001418;;Pendelrollenlager BS2-2212/WS22212;GE;SP1
8000645985;99000001422;;Pendelrollenlager 22226E;GE;SP1
8000814505;99000001423;;V Ring V 130A;GE;SP1
1910367894;99000001424;;V Ring V 150A;GE;SP1
1910208768;99000001799;;Leistungsschütz LC1-38A 3H/1S/1OE 220VDC;GE;SP1
1910208769;99000001800;;Leistungsschütz LC1-38A 3H/1S/1OE 230VA;GE;SP1
1910208770;99000001801;;Leistungsschütz LC1-9A 3H/1S/1OE 230VAC;GE;SP1
1910367898;99000001812;;Distanzbolzen SW6 M3 I-A-Gew. L20;GE;SP2
8001332219;99000001849;;Sperrkantscheibe SK M20;EU;SP5
8000921173;99000001874;;Wellenmutter M60x2;GE;SP2
1910208771;99000001880;;Scheibenbremse TW63 NBS 1700 NM;GE;SP1
1910366689;99000001935;;SKT Mutter M5 selbstsichernd vz;EU;SP5
1910366691;99000001946;;Verriegelungsgriff Notklappe;GE;SP1
8001414734;99000002001;;Zylinderrollenlager NJ2216E;EU;SP5
1910208772;99000002092;;Scheibenbremse W191 NBS 2500 NM;GE;SP1
8000921033;99000002159;;Schraubendreher Gr.6 nach DIN 911;GE;SP2
1910367902;99000002189;;Senkschraube M4x6 V2A;GE;SP2
1910564174;99000002469;;Druckfeder rostfrei 150x34x4/15;GE;SP1
1910366694;99000002493;;Laseretikette silber 210x297;GE;SP2
1910208773;99000002511;;Scheibenbremse TW160 NBS 5000 NM;GE;SP1
1910366695;99000002696;;Rosette MT42 Schlüsselsch. ohne LED;GE;SP2
1910366697;99000002697;;Rosette MT42 Schlüsselsch. mit LED;GE;SP2
1910367356;99000002848;;Tellerfeder 20x10,2x0,5 F254;GE;SP2
8000921034;99000002886;;Schraubendreher Gr.8 nach DIN 911;GE;SP2
8001332220;99000002887;;O Ring 69,52x2,62-N;GE;SP3
8001346038;99000002888;;O Ring 82,5x3,53-N;GE;SP1
8001363172;99000003126;;Reduktion M63x1,5-M50x1,5;GE;SP2
8000920983;99000003248;;O Ring 43x3 N NBR70;GE;SP1
1910162998;99000003704;;Sperrkantscheibe SK M5;GE;SP1
8000920972;99000003907;;Rillenkugellager 6306.2RS;GE;SP1
1910367909;99000003910;;Schraegkugellager 7210 B;GE;SP2
8000920970;99000003911;;Schraegkugellager 3211;GE;SP1
8000920976;99000003912;;Zylinderrollenlager NJ214 E;GE;SP1
8000920973;99000003915;;Wellendichtring CR 70x90x8 CRW1 R;GE;SP1
1910208774;99000003921;;Wellendichtring A 63x80x8 NBR;GE;SP1
8000920974;99000004030;;Scheibenbremse TW45B 2x50 Nm;GE;SP1
1910367358;99000004074;;Gewindestift M8x60 14H st vz;EU;SP5
1910366698;99000004075;;Rundmutter 20x15 M8;GE;SP2
8000837017;99000004173;;Sperrkantscheibe SKZ 16;GE;SP1
1910208776;99000004594;;Profilhalbzylinder T40mm Schliessung A;AE;SP6
1910208777;99000004631;;Stiftschraube M12x45 DIN 939-8.8;GE;SP1
1910366699;99000004715;;Profilhalbzylinder T40mm Schliessung B;GE;SP1
1910365732;99000004797;;Raendelschraube M4x10 ST VZ;GE;SP2
1910366700;99000004798;;Karton CPI/MFC30-15/26E;GE;SP1
1910366704;99000004800;;Karton CPI/MFC 12-26;EU;SP5
1910366706;99000004801;;Karton CPI/MFC 40;GE;SP2
1910366708;99000004802;;Karton CPI/MFC 60;GE;SP1
1910366716;99000004803;;Karton CPI/MFC 50R;GE;SP1
1910367922;99000004964;;Rollenfuehrung;GE;SP1
1910367362;99000004986;;Schild Quetschgefahr b.reduz.Schutzraum;EU;SP5
1910367389;99000005058;;Schwellenprofil Alu M2Z;GE;SP2
1910367390;99000005059;;Schwellenprofil Alu M2T M4TZ;GE;SP2
1910366718;99000005427;;Drehriegel Dreikantdorn;GE;SP1
1910366719;99000005751;;SKT Mutter M3 04 VZ mit Klemmteil;GE;SP1
1910367928;99000005752;;Halfenschraube M8x20;EU;SP5
1910512168;99000006077;;Scheibenbremse 2x1250 Nm (2x207V);GE;SP1
1910366723;99000006080;;Verschlussstopfen fuer Bohrung D10;GE;SP2
1910366724;99000006252;;Profilhalbzylinder Dreikant 8mm;GE;SP1
1910367932;99000006472;;SKT Schraube M16x170 8.8 vz;EU;SP5
1910367396;99000006499;;Gummischeibe D75x15;EU;SP5
1910367398;99000006500;;Federteller D70x67;EU;SP5
1910366733;99000006501;;Federteller D70x133;EU;SP5
1910367936;99000006508;;Augenschraube BM 20x500 5.8 Ød2 22;EU;SP5
1910367395;99000006510;;Druckfeder 285x73x10/12,5;EU;SP5
1910367401;99000006511;;ZB Seilschloss Gr.18-20;EU;SP5
1910367939;99000006512;;Augenschraube BM 20x500 5.8 Ød2 25;EU;SP5
1910367940;99000006539;;Bolzen 25h11x70x56;EU;SP5
1910367402;99000006540;;Drahtseilklemme NG19;EU;SP5
1910366735;99000007116;;Kabelverschraubung fuer Magnetkurve;GE;SP2
1910208778;99000007178;;Getriebeoel M1/1 Gebinde 1L;GE;SP1
1910208779;99000007179;;Getriebeoel M1/1 Gebinde 4 Liter;GE;SP1
8001332221;99000007204;;Wellendichtring CR 95x130x12 CRW1 R;GE;SP3
8001332223;99000007206;;Tellerfeder K 6309;GE;SP1
8001332224;99000007207;;Zylinderrollenlager NJ319E;GE;SP2
8001332225;99000007208;;Schraegkugellager 7215 B;GE;SP2
8001332226;99000007209;;Schraegkugellager 7311 B;GE;SP1
1910208781;99000007210;;Scheibenbremse TW130 NBS 3000 Nm;GE;SP1
8001332227;99000007214;;Rillenkugellager 6309;GE;SP1
8001332228;99000007221;;Wellendichtring AS 52x72x8 NBR;GE;SP1
1910367403;99000007237;;Gewindestift M8x80 45H ST VZ;GE;SP2
1910208782;99000007480;;Drehriegel Zylinderschloss flach;GE;SP1
1910366737;99000007617;;Positionsschalter Steute EEx 14 AZ-1Ö;EU;SP5
1910367407;99000007636;;Duebel M16/50 Durchsteckanker;EU;SP5
8000814507;99000007803;;Pendelrollenlager 23134;GE;SP1
1910366739;99000007986;;Bremsluefthebel Scheibenbremse SC400;EU;SP5
1910369527;99000008044;;Sicherungsring 52x2 Federstahl;GE;SP2
1910208783;99000008100;;Zahnriemen HTD 5M - 12;GE;SP1
1910367412;99000008129;;Tellerfeder 40x20,4x2;AE;SP6
8001332230;99000008285;;SKT Schraube M8x170-8.8 VZ DIN931;GE;SP2
1910367953;99000008343;;Druckfeder d x De x Lo x n = 2x20x43,5x6;GE;SP1
8001332231;99000008493;;Wellendichtring CR 110x130x12 CRW1 R;GE;SP3
8001332232;99000008496;;Rillenkugellager 6222;GE;SP2
1910367954;99000008608;;Rastbolzen GN 717-5-AK;GE;SP1
1910367955;99000008710;;Senkschraube M4x10 V2A;GE;SP1
1910366741;99000009069;;Zylinderschraube M4x8 8.8 vz ISO 4762;EU;SP5
1910209075;99000009201_L;;Naeherungsschalter NJ8-18GM50-E2;GE;SP1
1910369545;99000009202;99000009202_L;Haftmagnet GTo 100 24V100 3060 C0;GE;SP1
1910209076;99000009209;99000009209_L;Linearantrieb Junior2 Variante E So.279;GE;SP1
8001414735;99000009210;;Wellendichtring CR 130x170x12 CRW1 R;GE;SP1
1910365731;99000009212;;Abstandsbolzen SW7 M4 I-A-Gew. L12;GE;SP2
1910367959;99000009213;;Abstandsbolzen SW7 M4 A-A-Gew. L4;GE;SP2
1910365730;99000009214;;Abstandshalter L12, 4/4 snap;GE;SP2
1910367419;99000009216;;Abstandshalter L4, 4/4 snap;GE;SP2
1910366744;99000009225;;Schelle Schirmung d=4,75mm;GE;SP1
1910367418;99000009235;;Schild Scherenschuerze P630SU;GE;SP2
1910367963;99000009240;;Schraube SF M5x16-BS Typ FDS;GE;SP1
1910208785;99000009241;;Zahnriemen K-Glas L1552;GE;SP1
1910366745;99000009274;;ZB Befestigungsteile Wand BDK DZS;EU;SP5
1910366746;99000009295;;Sechskantmutter mit Flansch M4 vz.;GE;SP2
1910367967;99000009312;;Bolzen B20 h11x160x144;EU;SP5
1910367968;99000009319;;Bolzen B6 H11x12;GE;SP2
8000694284;99000009321;;Linseninnensechskantschraube M4x6 10.9;GE;SP2
1910209198;99000009328;;Drehriegel Fallenschloss BDK1800;GE;SP1
1910366747;99000009337;;Schmierfett Optisil LEB 2;GE;SP2
1910365729;99000009359;;Tragschiene 35x7,5x200;EU;SP5
1910366748;99000009369;;ZB Gehäuse Anpassungseinheit FA1;EU;SP5
1910208786;99000009374;;Schenkelfeder 51x3,4x85 links;GE;SP1
1910367421;99000009375;;Schenkelfeder 51x3,4x85 rechts;GE;SP1
1910208787;99000009376;;Druckfeder 23,7x2,6x358;GE;SP1
1910366749;99000009382;;Klappleiter Type E 2,25m 2 teilig;GE;SP2
1910512169;99000009386;;Sicherungsring 95x3;EU;SP5
1910367972;99000009387;;Zylinderschraube M10x120-8.8 VZ;EU;SP5
1910367973;99000009388;;Rillenkugellager 6213-2RS-C3;GE;SP1
8000749923;99000009393;;Sperrkantscheibe SKZ 12;GE;SP2
1910367975;99000009394;;Zylinderschraube M12x180  8.8;EU;SP5
1910367976;99000009399;;Abstandsbolzen SW8 M4 I-A-Gew. L10;EU;SP5
1910366750;99000009402;;Isolierplatte MH4-DZS;GE;SP1
1910366751;99000009403;;Isolierplatte MH4-GT;AE;SP6
1910367434;99000009404;;Passfeder A 20x12x50;EU;SP5
8000694834;99000009406;;Zylinderschraube M10x110-8.8-A2F;EU;SP5
1910367980;99000009407;;Sicherungsschraube M8x12 vz INBUS-RIPP;GE;SP2
1910367981;99000009408;;Sicherungsschraube M8x12 vz VERBUS-RIPP;GE;SP2
1910367982;99000009409;;Zylinderschraube M8x110-8.8 vz;GE;SP1
1910367983;99000009413;;Zylinderschraube M10x35  8.8-A2F-mv;GE;SP1
8000921174;99000009418;;O Ring 52x3 N NBR70;GE;SP1
1910366752;99000009421;;ZB Bef.teile Wand BDK2000 RPI I-Box;EU;SP5
1910366753;99000009424;;Drehriegel Fallenschloss 3-Kant;GE;SP1
1910366754;99000009433;;Isolierplatte MSM2;EU;SP5
1910367987;99000009435;;SKT Schraube M8x16 8.8 mikroverkapselt;GE;SP2
1910208788;99000009452;;Haftmagnet 230 N D32x25;GE;SP1
1910367442;99000009464;;Gewindestift M8x70 14H ST VZ;GE;SP2
1910208789;99000009482;;Scheibenbremse BG03 2x550Nm Tfd;GE;SP1
8001346266;99000009488;;BT Karton V 4;GE;SP1
1910474021;99000009489;;Karton V 7 KAR_06;GE;SP1
1910474018;99000009490;;Karton V 8 KAR_03;GE;SP1
1910474022;99000009491;;Karton V 10;GE;SP1
1910474017;99000009492;;Karton V 13 KAR_02;GE;SP1
1910474023;99000009493;;Karton V 14;GE;SP1
1910404854;99000009494;;Karton V 28;GE;SP1
1910208790;99000009501;;Scheibenbremse wwMRL-01 2x250Nm Tfd;AE;SP6
1910208791;99000009502;;Scheibenbremse wwMRL-02 2x350 Nm Tfd;GE;SP1
1910367484;99000009524;;Druckfeder 45x18x2;GE;SP2
8000921176;99000009543;;O Ring 100x3 N NBR 70;GE;SP1
8001363300;99000009551;;O Ring 420x4;EU;SP5
1910366755;99000009552;;Blindniet 4,0x17,5;EU;SP5
1910367490;99000009559;;Folie Aufzug im Brandfall nicht benutzen;GE;SP1
8001363244;99000009571;;Radial Gelenklager GE 25 TXE-2LS;EU;SP5
1910208792;99000009580;;Elastomerfeder D100 H63;GE;SP1
8000921178;99000009585;;Passfeder A16x10x45;GE;SP2
1910208793;99000009603;;Scheibenbremse DAF270-EBS 2500Nm (NB);GE;SP1
1910512171;99000009604;;Scheibenbremse DAF270-EBS 1550Nm (NB);EU;SP5
8000921179;99000009607;;Filzring D100 / 88 x 6;GE;SP1
1910512172;99000009609;;Rillenkugellager 6218 2RS1;GE;SP2
1910208794;99000009610;;Rillenkugellager 6200-ZZ;GE;SP1
1910512173;99000009611;;Sicherungsring 165x4 Federstahl;EU;SP5
8000920999;99000009612;;Filzring D82/74x10;GE;SP1
8000920984;99000009613;;Scheibe D80/50x1;GE;SP1
1910512174;99000009614;;Pendelrollenlager 23120-2CS5/GEN4;GE;SP2
1910208795;99000009622;;Scheibenbremse TW45B NBS 1000 Nm;GE;SP1
1910367499;99000009625;;ZB Seilaufhaengung D6,5 Druckfeder;EU;SP5
1910366756;99000009631;;Öffnungswerkzeug AL300;GE;SP1
1910366757;99000009637;;Fuehrungsschuh 100x80;GE;SP1
1910366759;99000009643;;Fuehrungsschuheinlage 100x20x30-9;GE;SP1
1910208796;99000009646;;Schlüssel S-Taster Synergy flache Grube;GE;SP1
1910367496;99000009658;;Zugfeder 328x36x4;GE;SP1
8000921000;99000009663;;USIT RING U 10,7-16-1,5 SIMRIT 72NBR902;GE;SP1
1910366760;99000009664;;Schwingmetallpuffer D15x15 40 Shore A;GE;SP1
1910366761;99000009669;;Führung Türblatt;GE;SP1
1910365728;99000009683;;Blindniet 6,4 Edelstahl;EU;SP5
1910367505;99000009692;;Schild Warranty label;GE;SP1
1910368003;99000009693;;Schraube Ejot sheettracs 60x20;GE;SP2
1910208797;99000009722;;ZB mech.Zusatzverriegelung D11 L;GE;SP1
1910208798;99000009723;;ZB mech.Zusatzverriegelung D11 R;GE;SP1
1910208799;99000009724;;mech.Zusatzverriegelung S11 L/R;GE;SP1
8001363192;99000009759;;Dichtungsgummi Geblaese SF600;EU;SP5
1910367500;99000009762;;Schildersatz MCM DEUTSCH;GE;SP1
1910368005;99000009809;;Druckschraube DAB450/530 M24/M30x110;GE;SP1
1910367512;99000009811;;Druckrolle DAB530 D65x27-R500;GE;SP1
1910368008;99000009812;;Bolzen DAB530 D20h6x82;GE;SP1
1910366764;99000009813;;Gleitlager IGUS ZFM-2023-13.7;GE;SP1
1910367506;99000009821;;Druckrolle DAB450 D52x27-R500;GE;SP1
1910366765;99000009825;;ZB Führungsrollensatz ACLA AR0 D60x18;GE;SP1
1910368011;99000009826;;Zylinderschraube M8*100 8.8 vz;GE;SP2
1910366766;99000009836;;Isolationselement SF1000 220x250mm;GE;SP2
1910163374;99000009848;;Sperrkantscheibe SKZ 8;GE;SP1
1910366767;99000009852;;ZB Kupplung TW63-B5 Centa A22-1-S-D38;GE;SP1
8000646001;99000009854;;Wellendichtring AS 240x270x15 NBR;AE;SP6
1910366768;99000009863;;ZB Bremsfangvorrichtungspaar TK-3AD 6mm;GE;SP2
1910367521;99000009884;;ZB Tragseil mit Zubehoer Bestellung;GE;SP2
1910208801;99000009886;;Rolle D60;GE;SP1
1910366769;99000009891;;Profilhalbzylinder T40mm Feuerw. Belg.;AE;SP6
1910367524;99000009892;;Schild Aufzug im Brandfall nicht benutz.;GE;SP1
8001292827;99000009893;;Zylinderschraube M10x40-10.9 Geomet 500;EU;SP5
1910564175;99000009909;;Tellerfeder C100;AE;SP6
1910564176;99000009923;;Zugfeder RZ-112EI 109x9,2x1,25;GE;SP1
1910564177;99000009924;;Zugfeder RZ-130PX 123x12x1,8;GE;SP1
1910564178;99000009925;;Zugfeder RZ-130BX 98,2x9,6x1,6;GE;SP1
1910564179;99000009926;;Zugfeder RZ-162I 118x15x2,5;GE;SP1
1910563951;99000009930;;Gummipuffer 70x35;GE;SP1
1910563955;99000009934;;Isolationselement 230mm SF700;EU;SP5
1910563956;99000009935;;Isolationselement 250mm SF700;EU;SP5
1910563953;99000009936;;Isolationselement 280mm SF700;EU;SP5
1910563954;99000009937;;Isolationselement 300mm SF700;EU;SP5
1910564180;99000009940;;Nutmutter M50x1,5 mit Sicherung;GE;SP1
8001346327;99000009949;;Kantenschutz PTFE für 1mm Blech;GE;SP2
1910512175;99000009960;;Scheibenbremse DAF270L 2x2200Nm;GE;SP1
1910366770;99000009966;;Scheibenbremse PMC145 -45 -10/16;GE;SP1
1910366771;99000009967;;Scheibenbremse PMC145 -63 -10/16;GE;SP1
1910368029;99000009973;;Rillenkugellager 6214-2RS-C3;GE;SP2
1910369529;99000009980;;Winkelgelenk M8 mit Sicherungsbuegel;EU;SP5
1910512176;99000010006;;Scheibenbremse DAF270L 2x2200Nm HL;GE;SP1
1910366772;99000010016;;Ausgleichsblech Lüfter QR08A;GE;SP1
1910564181;99000010047;;Zugfeder 52,5x7,5x0,7 rostfrei;GE;SP1
1910365727;99000010054;;Gummipuffer 17x8x12;GE;SP2
1910564182;99000010063;;Koppelseil D1,5x337;GE;SP1
1910369530;99000010083;;Zugfeder 59,2x8x1 rostfrei;GE;SP1
1910367563;99000010103;;Britklips FCR14 M6;EU;SP5
1910368038;99000010109;;Schild Nichtraucher 50mm;GE;SP2
1910367564;99000010114;;Stahldrahtseil 3/4mm PVC ummantelt;EU;SP5
1910564183;99000010124;;Pendelrollenlager BS2-2207-2CSW/GEN6;GE;SP1
1910366773;99000010143;;Versandschachtel 440x230x60;EU;SP5
1910366774;99000010144;;PU-Noppenschaum 440x230x20;EU;SP5
1910366775;99000010151;;Schwingmetallpuffer D30x25;GE;SP1
1910367574;99000010154;;Seil Flex-Brugg 3mm;GE;SP2
1910367565;99000010155;;Gewindestift M5x10;GE;SP2
1910564184;99000010161;;Bolzen DIN 1445 - 10x21x35;GE;SP1
1910208802;99000010177;;Rillenkugellager 6208-2RS-C3 Firma LFD;GE;SP1
1910367566;99000010190;;Druckfeder 55x34,8x7/3,5;EU;SP5
1910564185;99000010193;;Zylinderrollenlager NNF 5007 ADB-2LSV;AE;SP6
1910367570;99000010197;;Aufkleber Symbole;EU;SP5
1910366776;99000010200;;Ultrabuchse D93 d58 L95;GE;SP1
1910366777;99000010219;;Spannelement Kunststoff;GE;SP1
1910366778;99000010226;;Scheibenbremse PMC125S PMC145S 2x250Nm;GE;SP1
1910366779;99000010227;;Scheibenbremse PMC125M PMC145M 2x350Nm;GE;SP1
1910366780;99000010232;;Gummipuffer 20x20 M6 Typ B;GE;SP2
1910512177;99000010242;;Rillenkugellager 6219 2RS;GE;SP1
1910366782;99000010247;;Scheibenbremse DAF270 RSR1500 2x1700 Nm;GE;SP1
1910366783;99000010254;;Elektroantrieb 48V 500/1500min-1 3,5A;GE;SP2
1910367576;99000010259;;Zugfeder Lo=185;GE;SP1
1910366785;99000010288;;Klebeschild TIA;GE;SP1
1910368055;99000010291;;Tuerseil S11und D11;GE;SP1
1910368056;99000010305;;Gewindebolzen PT M8x20 A2-50;GE;SP1
1910208803;99000010308;;Schluessel EMKA Nr:827;GE;SP1
1910368057;99000010337;;Schalter Schmersal AZ 16ZVK;GE;SP1
1910368059;99000010366;;Rollenfuerung Unterkette;AE;SP6
1910368060;99000010394;;Flachrundschraube M8x70;EU;SP5
1910366786;99000010407;;Schmierapparat Kunstst. Schienenkopf 16;GE;SP1
1910367581;99000010410;;Isolationsgummi h20;GE;SP1
8001413610;99000010435;;Sicherungsschraube M6x16;GE;SP2
8000921039;99000010437;;Scheibenbremse TW45C-NBS RSO500-1200Nm;GE;SP2
8000921187;99000010438;;Scheibenbremse TW63-NBS RSO800-2200Nm;GE;SP1
8000690798;99000010441;;Passfeder A14x9x90;GE;SP2
8001330315;99000010449;;Scheibenbremse TW130-NBS RSO1300-4000Nm;GE;SP1
8000921189;99000010455;;Zylinderschraube M12x45-10.9 Geomet 50**;GE;SP2
8001346039;99000010472;;Scheibenbremse TW160-NBS RSO1800-5500Nm;GE;SP2
1910367587;99000010494;;Schild 30x13 mm;GE;SP1
1910367585;99000010533;;Folie Reflektionsstreifen;GE;SP2
1910368068;99000010539;;Rillenkugellager 6204-2RSH/C3;EU;SP5
1910209077;99000010549;;Doppelspreizmagnet SC300M mit Sockel;GE;SP1
1910208804;99000010550;;Doppelspreizmagnet DAF380M mit Sockel;GE;SP1
1910366787;99000010557;;Kabelverschraubung M16x1,5 5-10 PA SW;GE;SP1
1910366788;99000010559;;BT mech. Zusatzverriegelung SA27;EU;SP5
1910512178;99000010561;;Scheibenbremse DAF270 RSR1500 2x1700 HL;GE;SP1
1910366789;99000010590;;Scheibenbremse PMC145S/XS2 2x250Nm WB HL;GE;SP1
1910369532;99000010594;;Magnet 12V EX;GE;SP1
1910367592;99000010598;;Ersatzteil Mikroschalter Bremse XAF2L001;GE;SP2
1910366790;99000010615;;Scheibenbremse PMC170 2x1200Nm Fenix;AE;SP6
1910366791;99000010648;;Laseretikette silber 210x297 10 x oval;GE;SP2
1910368074;99000010739;;Rastbolzen GN 717-5-M8-C-ST;GE;SP1
1910366793;99000010792;;Scheibenbremse DAF210L 2x800Nm 2x207V HL;GE;SP1
1910404934;99000010802;;Packpapier Paperplus GE 2x80g;GE;SP1
8000645981;99000010871;;Pendelrollenlager 24148;GE;SP1
8000645984;99000010872;;V Ring 140A NBR;GE;SP2
1910564186;99000010883;;Tellerfeder DIN 2093 B90 Fabrikat ALPA;GE;SP1
1910367595;99000010893;;Zubehoer Set fuer 10 Seile Synergy;EU;SP5
1910366795;99000010899;;Öffnungswerkzeug abges.Decke Synergy;GE;SP2
1910369534;99000010959;;Linearantrieb Junior2 Var. E So.279 UL;GE;SP2
1910368076;99000010967;;Aufkleber Aufzug im Brandfall nicht ben.;GE;SP1
1910365726;99000011028;;Linsenkopfblechschraube ST4,2x9,5 FH vz;EU;SP5
1910512179;99000011035;;Scheibenbremse DAF270 2x1700NM Gen2 o.N.;GE;SP1
1910369535;99000011042;;Dreikantschloss Notklappe;GE;SP2
1910366798;99000011051;;Klemmplatte Savera SS1 für T50;GE;SP2
1910366799;99000011055;;ZB Scharnier Winkel I-Lam. schwenkbar;GE;SP2
1910368077;99000011094;;Schild Gelaender und Kurve hochziehen DE;GE;SP1
1910367596;99000011115;;Piktogramm Oelstand;GE;SP1
1910366800;99000011120;;Rohrschelle D1=43 M8;EU;SP5
1910366802;99000011151;;Scheibenbremse PMC125L PMC145L 2x550Nm;GE;SP1
1910564187;99000011181;;Buerste MINK Flex-System FBL1331-K10;GE;SP1
1910367598;99000011203;;Aufkleber Unterfahrt Gegengewicht;GE;SP1
1910368079;99000011213;;Aufkleber Schutzraum Aufrecht;GE;SP1
1910368080;99000011214;;Aufkleber Schutzraum Hockend;GE;SP1
1910368081;99000011215;;Aufkleber Schutzraum Liegend;GE;SP1
1910368082;99000011216;;Aufkleber Schutzraum Kniend TK1;GE;SP1
1910368083;99000011217;;Aufkleber Schutzraum Hockend TK2;GE;SP1
1910369536;99000011223;;Hakenset Leiter Typ J;GE;SP2
1910474020;99000011224;;Karton KAR_05;GE;SP1
1910366803;99000011285;;ZB Geschw.begrenzer 200 v=1,0 EN81-20;GE;SP1
1910564188;99000011309;;Tesa Packband braun;GE;SP1
1910368086;99000011322;;ZB Aufkleber Schutzraum red. NC91 /DE;EU;SP5
1910368087;99000011324;;ZB Aufkleber Schutzraum red. NC91 /FR;AE;SP6
8001292853;99000011326;;Scheibenbremse TW45C RSZ125 2x50Nm o.N.;GE;SP1
1910366804;99000011327;;Nabe Bremse TW45C RSZ125 2x50Nm o.N.;GE;SP1
8000921181;99000011328;;ZB Kupplung TW63B Centa A22-0-S-42 o.N.;GE;SP1
1910369537;99000011356;;ZB Spanngewicht D200;EU;SP5
1910366806;99000011357;;ZB Spanngewicht D300;GE;SP2
1910368089;99000011387;;Rastbolzen GN 717-5-M8-B-ST;GE;SP1
1910367606;99000011405;;SP Aufkleber Schutzraum red. P1000SDU DE;GE;SP2
1910367607;99000011412;;SP Aufkleber A Schachtgrube P1000SDU;GE;SP2
8001413615;99000011480;;Scheibenbremse RSQ800 2x800Nm;AE;SP6
8001413617;99000011483;;Scheibenbremse RTW600 2x550Nm;GE;SP1
1910563994;99000011506;;Presszange fuer Presshuelsen;ES;SP5
1910564055;99000011515;;ZB Spanngewicht 494N D200 C;AE;SP6
8001413618;99000011525;;SKT Schraube M10x120 10.9 vz;GE;SP1
1910366809;99000011531;;Scheibenbremse SC400 3200 Nm CSA Gen.5;GE;SP1
8001413622;99000011546;;Scheibenbremse RSQ800 2x550Nm;AE;SP6
8001346264;99000011556;;Getriebeoel SM1/220 5 ltr;GE;SP1
1910366812;99000011576;;Getriebeöl SM1  5 Liter;GE;SP1
1910366813;99000011635;;ZB Spanneinrichtung D200 500N L WH;GE;SP2
1910366814;99000011670;;Prüflehre Z125;GE;SP1
1910366815;99000011726;;Schloss Southco Elek.;AE;SP6
1910365725;99000011744;;BT MKA Einbau STS;GE;SP2
1910366816;99000011800;;Scheibenbremse SC400 3200Nm RSD9;GE;SP1
1910366818;99000011801;;Scheibenbremse SC400 3200Nm RSD9 CSA;GE;SP1
8000814579;99000011806;;Passscheibe DIN 988 28x40x0,1;GE;SP1
1910369539;99000011816;;Klappleiter Type E1 3,40m;GE;SP2
8000770526;99000011831;;Rohrverschraubung Winkel 90 NW08 D10;EU;SP5
1910368105;99000011868;;"Klebeschild Alu ""im Brandfall nicht be.""";GE;SP1
1910564189;99000011898;;Grobstaubfilter 119x119;GE;SP1
1910366827;99000011917;;Keilrippenriemen 8 PJ559 für ATEX;GE;SP1
1910366828;99000011919;;Zahnriemen 5MR 25 für ATEX;GE;SP1
8000814524;99000011927;;Scheibenbremse SC400 3200Nm RSD9 DA;GE;SP1
8000798990;99000011928;;Scheibenbremse SC400 3200Nm RSD9 CSA DA;GE;SP1
1910366829;99000011945;;Scheibenbremse SC400 2450Nm RSD9 CSA;EU;SP5
1910369541;99000012020;;ZB Spanneinrichtung D200 495N L;GE;SP1
1910369542;99000012021;;ZB Spanneinrichtung D200 495N R;GE;SP1
1910369543;99000012023;;Passscheibe DIN 988 28x40x1,5;GE;SP1
1910369544;99000012050;;BT Profilhalbzylinder 10x30;AE;SP6
1910564190;99000012069;;Scheibenbremse RTW600 2x340Nm;GE;SP1
1910564191;99000012070;;Scheibenbremse RTW600 2x265Nm;AE;SP6
1910208999;99124010;"0099124010; 0099124010_L";Kleinhupe 88-98dBA 12VDC IP43;GE;SP1
1910366833;99500000267;;Leitung h-fr D02Y 2x0,5+0,5+0,5+0,5;EU;SP5
1910366835;99500000332;;Steckdose Einbau schuko Klappdeckel;GE;SP1
1910366840;99500000505;;Montageleuchte 2x36W;GE;SP1
1910365724;99500000617;;Buchsengehaeuse Dsub 15pol leer;GE;SP2
1910366848;99500000619;;Buchsengehaeuse Dsub 9pol leer;GE;SP2
1910365723;99500000621;;Buchsenkontakt Dsub 0,08-0,22qmm;GE;SP1
1910367632;99500000623;;Buchsentkontakt Dsub 0,20-0,56qmm;GE;SP2
1910208808;99500000734;;Bremse DAF210L Baumustergeprueft;GE;SP2
1910366850;99500000740;;Leistungsschuetz LC1 12A 2HS 2HOE 230VAC;GE;SP1
1910366851;99500000750;;Zackband ZB4/WH-100;GE;SP2
1910365722;99500000751;;Zackband ZB5/WH-100;GE;SP1
1910366853;99500000753;;Steckbruecke FBS2-4;GE;SP1
1910365721;99500000758;;Deckel D-ST 2,5-Quattro;GE;SP1
1910365720;99500000759;;Klemme Federzug 4Pol ST1,5;GE;SP1
1910365719;99500000760;;Klemme Federzug 4Pol ST1,5 PE;GE;SP1
1910365718;99500000761;;Klemme Federzug 4Pol ST2,5 PE;GE;SP1
1910365717;99500000762;;Klemme Federzug 4Pol ST2,5;GE;SP1
1910366854;99500000951;;IC DIG Microcontroller PIC16F873-20/SP;EU;SP5
1910320526;99500001125;;Phasenausfallwächter 1 u.3 phasig 1W;GE;SP1
1910368129;99500001252;;Taster MT56BI Bezeichnung 8;GE;SP2
1910368130;99500001253;;Taster MT56BI Bezeichnung 7;GE;SP2
1910368131;99500001254;;Taster MT56BI Bezeichnung 6;GE;SP2
1910368132;99500001255;;Taster MT56BI Bezeichnung 5;GE;SP2
1910368133;99500001256;;Taster MT56BI Bezeichnung 4;GE;SP2
1910208811;99500001257;;Taster MT56BI Bezeichnung 3;GE;SP1
1910368134;99500001258;;Taster MT56BI Bezeichnung 2;GE;SP2
1910208812;99500001259;;Taster MT56BI Bezeichnung 1;GE;SP1
1910208813;99500001260;;Taster MT56BI Symbol Pfeil AB;GE;SP1
1910208814;99500001261;;Taster MT56BI Symbol Pfeil Auf;GE;SP1
1910208815;99500001262;;Taster MT56BI Symbol Türauf;GE;SP1
1910208816;99500001263;;Taster MT56BI Symbol Alarm;GE;SP1
1910366861;99500001271;;Beleuchtungskoerper mit LED Farbe gelb;GE;SP2
1910366862;99500001272;;Einbau Pfeil fuer 2mm Material;GE;SP1
1910368136;99500001277;;Taster MT56BI Symbol Pfeil auf/ab;GE;SP2
1910366865;99500001411;;Montageleuchte 2x30W;AE;SP6
1910365716;99500001618;;Leitungsschutzschalter 16A 2pol B;GE;SP2
1910367647;99500001648;;Betaetigungsbuegel IP54 S8;EU;SP5
1910367645;99500001695;;Relais Netztrennung 12VDC 2S 16A print;GE;SP1
1910365956;99500001705;;Stift Combicon 4pol ger RM7,62 schraub;GE;SP1
1910366866;99500001712;;Hilfsschalter fuer SIRIUS 3R 2OE 2S;GE;SP1
1910208817;99500001814;99500001814_L;ZB Alarmtaster Clas.Symb.Alarm Taktil;GE;SP1
1910368141;99500001826;;Buchse Combicon inv 4p gew RM5,08 print;GE;SP2
1910366867;99500001850;;Doppelspreizmagnet SC300S;GE;SP1
1910208818;99500001914;;Leistungsschütz LC1-18A 3H/1S/1OE 230VAC;GE;SP1
1910208819;99500001915;;Leistungsschütz LC1-25A 3H/1S/1OE 230VAC;GE;SP1
1910208820;99500001916;;Leistungsschütz LC1-32A 3H/1S/1OE 230VAC;GE;SP1
1910208821;99500001919;;Leistungsschütz LC1-80A 3H/1S/1OE 230VAC;GE;SP1
1910365715;99500001920;;Leistungsschütz LC1-115A 3H;GE;SP1
1910208822;99500001921;;Leistungsschütz LC1-150A 3H/1S/1OE 230VA;GE;SP1
1910208823;99500001922;;Leistungsschütz LC1-18A 3H/1S/1OE 220VDC;GE;SP1
1910208824;99500001923;;Leistungsschütz LC1-25A 3H 1S 1OE 220VDC;GE;SP1
1910366868;99500001924;;Leistungsschütz LC1-32A 3H;GE;SP1
1910208825;99500001927;;Leistungsschütz LC1-80A 3H/1S/1OE 220VDC;GE;SP1
1910208826;99500001928;;Leistungsschütz LC1-115A 3H 1S 1OE 220V;GE;SP1
1910208827;99500001929;;Leistungsschütz LC1-150A 3H 1S 1OE 220VD;GE;SP1
1910208828;99500001960;;Hilfsschütz CAD50ED 48VDC 5S;GE;SP1
1910208829;99500001962;;Hilfsschütz CAD50MD 220VDC 5S;GE;SP1
1910208830;99500001964;;Hilfsschütz CAD50P7 230VAC 5S;GE;SP1
1910208831;99500001965;;Hilfsschütz CAD32P7 230VAC 3S 2OE;GE;SP1
1910208832;99500001973;;RC Glied LAD-4RCU 110-240VAC;GE;SP1
1910365714;99500001988;;Buchse Minicom 5pol gew RM3,81 schraub;GE;SP2
1000221798;99500001989;;Buchse Minicom 3pol gew RM3,81 schraub;GE;SP1
1910366869;99500002003;;Not-Aus Betaetiger f. Leistungsschalter;GE;SP1
1910368145;99500002098;;ZB Leitung Modem-SP MH3;GE;SP2
1910365712;99500002171;;Stift Euroformat 24+7Pol ger Wickelstift;EU;SP5
1910368147;99500002263;;Taster MT56BI Bezeichnung E;GE;SP1
1910368148;99500002265;;Taster MT56BI Bezeichnung EG;GE;SP2
1910368149;99500002266;;Taster MT56BI Bezeichnung OG;GE;SP2
1910365711;99500002497;;Buchse Combicon 7pol. ger.RM5,08 X14;GE;SP2
1910366874;99500002627;;Gleichrichter Bruecke 3Ph 175A 1600V;GE;SP1
1910366875;99500002679;;Drahtwiderstand 68K 5% 13W;EU;SP5
1910208834;99500002756;;Heizleitung PTFE 4,4m 100W;GE;SP1
1910366877;99500002757;;Heizleitung PTFE 7,0m 140W;EU;SP5
1910367659;99500002780;;Buchse Minicom 7pol ger RM3,81 schraub;GE;SP1
1910368156;99500002960;;Taster Bremskontrolle CSA;GE;SP1
1910366881;99500003018;;Transistor Modul 100A 1200V 3-phasig;AE;SP6
1910366882;99500003020;;Leuchtpfeil weiss LP4848 s;GE;SP2
1910365710;99500003063;;Relaissockel fuer MY4 mit Schraubanschl.;EU;SP5
1910208835;99500003136;;Leistungsschütz LC1-25A 4H/1S/1OE 220VDC;AE;SP6
1910208836;99500003137;;Leistungsschütz LC1-12A 4H/1S/1OE 220VDC;EU;SP5
1910208837;99500003138;;Leistungsschütz DT40A 4H/1S/1OE 230VAC;GE;SP1
1910208838;99500003139;;Leistungsschuetz 12A 2HS 2HO 1S1O 230VAC;GE;SP1
1910366884;99500003146;;Drossel Umrichter Ausgang 60A 3x0,12mH;GE;SP1
1910366886;99500003159;;Bremse DAF210L2XX 2X800NM;GE;SP1
1910366887;99500003160;;Bremse DAF210M2XX 2x520NM;GE;SP1
1910366888;99500003214;;Klemmenleiste DAF210M/L2XX;GE;SP1
1910368160;99500003324;;Buchse Combicon 10pol gew RM5,08 schrau;GE;SP2
1910366889;99500003487;;Zylindersicherung 25A 660VAC 14x51mm;GE;SP1
1910368161;99500003647;;Buchse Combicon 2pol gew RM7,5 schraub;GE;SP1
1910368162;99500003648;;Buchse Combicon 4pol RM7,62 beschriftet;GE;SP2
1910369548;99500003649;;Buchse Combicon 7pol RM7,62 beschriftet;GE;SP1
1910209079;99500003756_L;;IC DIG EPROM 27C256 mit Programm MF3;GE;SP1
1910368165;99500004051;;Taster Platte Classic Symb.AUF ausgespr.;GE;SP2
1910368166;99500004052;;Taster Platte Classic Stockw. ausgespr.;GE;SP2
1910368167;99500004053;;Taster Platte Clas.Symb.Türzu ausgesp.;GE;SP2
1910368168;99500004054;;Taster Platte Clas.Symb.Türauf ausgesp.;GE;SP2
1910368169;99500004055;;Taster Platte Clas.Symb.Ventila ausgesp.;GE;SP2
1910368170;99500004056;;Taster Platte Classic Symbol AB ausgesp.;GE;SP2
1910368171;99500004057;;Taster Platte Clas.Symbol AUF/AB ausgesp;GE;SP2
1910208839;99500004062;;Klemme Reihen 2,5qmm mit Freilaufdiode;GE;SP1
1910365709;99500004396;;Buchse Dsub 9pol im Geh.Schraubansch CA;EU;SP5
1910365708;99500004512;;Klemme Reihen 2,5qmm mit Trennmesser;GE;SP1
1910365707;99500004513;;Klemme Reihen 2,5 qmm fuer Bauelemente;GE;SP2
1910366890;99500004518;;Hilfsschalter querliegend 3RV1901-1E;GE;SP1
1910368173;99500004521;;Buchse Combicon 3pol ger.RM5,08 Dschraub;EU;SP5
1910368174;99500004530;;Alarmtaster 1OE D30mm;GE;SP1
1910368175;99500004531;;Lichttaster 1S D30mm;GE;SP1
1000092033;99500004535;;Hilfsschalterblock seitlich LAD-8N11;GE;SP1
1910365706;99500004584;;Klemme Zugfeder ST 6;GE;SP2
1910366896;99500004587;;Klemme Deckel D-ST 6;EU;SP5
1910208841;99500004607;;Netzteil 230VAC 24VDC max.900mADC;GE;SP1
1910366897;99500004688;;Leistungsschuetz 65A 2HS 2HOE 230VAC;GE;SP1
1910366902;99500004776;;Bremswiderstand 39R 1,2kW/2,6kW 100/40%;GE;SP2
1910367683;99500004783;;Abdeckung Sicherungsaussparung;GE;SP2
1910366903;99500004852;;Klemmenblock X9.1 DZS;GE;SP1
1910366905;99500004866;;Tastschalter mit Rollenhebel 2 Oeffner;GE;SP1
1910365705;99500005051;;Varistor 420V 1W mit Fastonsteckern;GE;SP1
1910208842;99500005153;;Rueckfallverzoegerer elektron. 0,1s-100h;GE;SP1
1910327778;99500005154;;Ansprechverzoegerer elektron. 0,1s-100h;GE;SP1
1910208843;99500005206;;Gong G03 24 Volt, 3 Dreiklang;GE;SP1
1910366910;99500005266;;Schutzkappe fuer Leistungsschuetz 265A;GE;SP2
1910365704;99500005268;;RC-Glied f. Schuetz Modell F 127-240VAC;GE;SP2
1000221804;99500005308;;Leistungsschuetz 185A 3H 230VAC;AE;SP6
1910366911;99500005435;;Schalter NBS Microprecision;GE;SP1
1910368177;99500005728;;Buchse Combicon 10pol RM5,08 beschriftet;GE;SP1
1910366912;99500005858;;Sicherungslasttrenner NH1 3pol 690VAC;EU;SP5
1910365702;99500005860;;Sicherungseinsatz NH1 200gL 500 VAC;EU;SP5
1910367696;99500005866;;Pruefklemmenblock DZS Bremse;GE;SP1
1910365701;99500005872;;Buchse Combicon 13pol ger.RM5,08 schrau;GE;SP1
1910366913;99500005877;;Bremswiderstand 14R 16kW/20kW 100%/40%;GE;SP2
1910366916;99500005895;;Gehaeuse Dsub 9pol metallisiert Kab:45°;GE;SP2
1910365700;99500005896;;Gehaeuse Dsub 15pol metallisiert Kab:45°;EU;SP5
1910366917;99500005988;;FI Schutzschalter 63A 4H 400VAC;GE;SP1
1910366920;99500005989;;FI Schutzschalter 25A 30mA 2H 230VAC;GE;SP1
1910209080;99500006007_L;;Rastschalter 2S 4OE;GE;SP1
8000920995;99500006021;;Drehgeber Hohlwellen 2x1024 Imp. WDG100;GE;SP1
8001332315;99500006022;;Drehgeber Hohlwellen 2x4096 Imp. WDG 100;GE;SP1
1910208846;99500006029;;Bremse DAF210M2XX 2x520NM 2x207VDC;GE;SP1
1910366926;99500006030;;Bremse DAF210L2XX 2x800NM 2x207VDC;GE;SP1
1910208847;99500006033;;Drehgeber 6mm Welle 2x1024 Imp. WDG58 SV;GE;SP1
1910366928;99500006180;;Sicherung PolySwitch 0,8A Print;GE;SP1
1910366929;99500006181;;Sicherung PolySwitch 4,0A Print;EU;SP5
1910366930;99500006208;;Widerstand Hochlast 90R PTC;GE;SP1
1910208848;99500006211;;Tastplatte Classic Taktil > Pfeil AUF <;GE;SP1
1910367701;99500006212;;Tastplatte Classic Taktil/Braille > E <;GE;SP1
1910367702;99500006213;;Tastplatte Classic Taktil/Braille > KG <;GE;SP1
1910367703;99500006214;;Tastplatte Classic Taktil/Braille > EG <;GE;SP1
1910367704;99500006215;;Tastplatte Classic Taktil/Braille > UG <;GE;SP2
1910367705;99500006216;;Tastplatte Classic Taktil/Braile >9<;GE;SP1
1910367706;99500006217;;Tastplatte Classic Taktil/Braille > 8 <;GE;SP1
1910367707;99500006219;;Tastplatte Classic Taktil/Braille > 6 <;GE;SP1
1910208849;99500006220;;Tastplatte Classic Taktil/Braille > 5 <;GE;SP1
1910367708;99500006221;;Tastplatte Classic Taktil/Braille > 4 <;GE;SP1
1910367710;99500006222;;Tastplatte Classic Taktil/Braille > 3 <;GE;SP1
1910367711;99500006223;;Tastplatte Classic Taktil/Braille > 2 <;GE;SP1
1910208850;99500006224;;Tastplatte Classic Taktil/Braille > 1 <;GE;SP1
1910208851;99500006225;;Tastplatte Classic Taktil/Braille > 0 <;GE;SP1
1910208852;99500006226;;Tastplatte Classic Taktil/Braille > -1 <;GE;SP1
1910367713;99500006227;;Tastplatte Classic Taktil/Braille > -2 <;GE;SP1
1910208853;99500006228;;Tastplatte Classic Taktil > TürZu <;GE;SP1
1910208854;99500006229;;Tastplatte Classic Taktil > Tür Auf <;GE;SP1
1910208855;99500006266;;Klammer f,LowProfile-Stiftleiste 26p;GE;SP1
1910366937;99500006267;;Klammer f.LowProfil-Stiftleiste 34p;GE;SP2
1910365699;99500006334;;Leitungsschutzschalter 25A 1P B C60H;GE;SP2
1910367715;99500006349;;Tastplatte Classic Taktil > Ventilator <;GE;SP1
1910366938;99500006421;;Rastschalter mit Rollenhebel 2 Oeffner;GE;SP1
1910366939;99500006457;;Luefter axial 180 cbm/h 230VAC;GE;SP1
1910208856;99500006461;;Tastschalter mit Rollenhebel 2OE IP67;GE;SP1
1910366942;99500006476;;Klemme Durchfuehrung 25qmm ger. schraub;GE;SP2
1910366943;99500006477;;Klemme Durchfuehr.PE 25qmm ger. schraub.;GE;SP2
1910367724;99500006514;;Tastplatte Classic Taktil > variabel <;GE;SP2
1910366944;99500006572;;Sicherheitsschalter ohne Betaetiger 1Ö1S;GE;SP1
1910366945;99500006621;;Leistungsschalter 4-polig 16A;GE;SP1
1910366946;99500006622;;Leistungsschalter 4-polig 20A;GE;SP1
1910366947;99500006623;;Leistungsschalter 4-polig 25A;GE;SP2
1910366949;99500006624;;Leistungsschalter 4-polig 32A;GE;SP2
1910366950;99500006625;;Leistungsschalter 4-polig 40A;GE;SP2
1910366954;99500006626;;Leistungsschalter 4-polig 50A;GE;SP2
1910208857;99500006627;;Hilfsschalter fuer NG 125N 2W;GE;SP1
1000202813;99500006630;;Not-Aus Drehgriff fuer NG 125N;GE;SP1
1910366959;99500006634;;Mehrfachanschlussklemme fuer NG 125N;GE;SP2
1910368191;99500006636;;Buchse Combicon 7pol. gew RM5,08 schraub;GE;SP1
1910367737;99500006637;;Stift Combicon 7pol gew.RM5,08 schraub;GE;SP1
1910208858;99500006703;;Alarmtaster 1S 1OE IP54;GE;SP1
1000099804;99500006779;;Hilfskontaktblock 1S 1OE EN 50012;GE;SP1
1910208859;99500006792;;Taster MT56 BI Bezeichnung UG;GE;SP1
1910366960;99500006803;;Klemme Durchfuehrung 4qmm ger. schraub.;GE;SP2
1910366962;99500006804;;Klemme Durchfuehrung 10qmm ger. schraub.;GE;SP2
1910366963;99500006811;;Klemme Durchfuehr.PE 10qmm ger. schraub.;GE;SP2
1910366965;99500006814;;Leistungsschalter 32A 3-polig NG125N;GE;SP1
1910365696;99500006815;;Leistungsschalter 50A 3-polig NG125N;GE;SP1
1910365695;99500006816;;Leistungsschalter 40A 3-polig NG125N;GE;SP1
1910365694;99500006854;;Lampenfassung BA9S u.Kupplung Befehlsg.;GE;SP2
1910365693;99500006856;;Leuchtmeldervorsatz weiss;GE;SP2
1910365692;99500006857;;Leuchtmeldervorsatz rot;GE;SP1
1910208860;99500006858;;Schalter Wahlschalter 2 rastend schwarz;GE;SP2
1910208861;99500006859;;Taster Not-Aus Druck rot drehentr.;GE;SP2
1000099806;99500006860;;Taster universal m.Tastenkappen 6 Farben;GE;SP1
1910366967;99500006862;;Hilfskontaktblock 2Oe m.Kupplung;GE;SP2
1910366969;99500006863;;Hilfskontaktblock 1S 1OE Fass. BA9S m.K.;GE;SP1
1910327770;99500006865;;Hilfskontaktblock 1S Fass.BA9S m.Kup.;GE;SP1
1910366973;99500006866;;Taster beleuchtbar weiss;GE;SP1
1910365691;99500006867;;Schalter Wahlschalter 2 rastend Knebel;GE;SP1
1910368197;99500006868;;Taster beleuchtbar gelb;GE;SP2
1910208862;99500006869;;Taster beleuchtbar weiss;GE;SP1
1910365690;99500006870;;Schlüsselschalter 2rast Aus abzieh Vors;GE;SP1
1910365689;99500006871;;Schlüsselschalter 2rast. 2abzieh Vors.;GE;SP1
1910365688;99500006872;;Hilfskontaktblock 2S;GE;SP1
1910327812;99500006873;;Taster schwarz mit Pfeil weiss;GE;SP1
1000092028;99500006874;;Hilfskontaktblock  Kupplung 1S 10E;GE;SP1
1910366988;99500007113;;Sicherung 10x38 500VAC 1,0 AT;GE;SP1
1910366992;99500007187;;IGBT Modul 300A / 1200V;GE;SP1
1910367757;99500007340;;ZB Inspektionskasten Zweihand engl. Zug;EU;SP5
1910208863;99500007374;;Sicherungseinsatz 5x20 G 4AT;GE;SP1
1910208864;99500007388;;ZB Netzgeraet 230V/15V 2A Hutschiene;GE;SP1
1910365687;99500007391;;Leitung H03VV-F 2x0,5;GE;SP2
1910366995;99500007421;;Hilfskontaktblock 1S 1OE seitl. Siemens;GE;SP1
1910366997;99500007425;P1E=EU Löschvermerk;Leistungsschuetz 12A 2S 2OE 230VAC Siem.;EU;SP5
1910366998;99500007430;;Hilfskontaktblock 2S 2OE fronts. Siemens;GE;SP1
1910367758;99500007438;;Stift 7 pol ST-COMBI BDK1800 DZS;GE;SP1
1910365686;99500007441;;Buchse 3 pol ST-COMBI BDK1800 DZS;EU;SP5
1910367762;99500007444;;Klemmenblock X2, X9, Sicher. BDK1800 DZS;GE;SP2
1910208865;99500007554;;Reduzierung 30mm auf 22mm Schalterprogr.;GE;SP1
1910208866;99500007580;;Buchse Minicom 12pol ger RM3,81 schraub;GE;SP1
1910367763;99500007581;;Stift Minicom 12pol ger RM3,81 schraub;GE;SP2
1910365685;99500007602;;Hilfsschalter seitlich LAD8N02;GE;SP1
1910365684;99500007603;;Leitungsschutzschalter 10A 1 pol C;GE;SP1
1910367001;99500007610;;Bremswiderstand 14R 6,5kW/13kW 100%/40%;GE;SP2
1910302057;99500007646;;Notstromversorgung USV 2000 VA;GE;SP1
1910320090;99500007743;;Regelgeraet F12;GE;SP1
1910367002;99500007760;;Leuchte 2-flammig D305mm H115mm;GE;SP1
1910208867;99500007764;;Stecker Stift 3pol Sicherheitsk m Geh.;AE;SP6
1910365683;99500008021;;Schaltuhr Dig. min.1min/1sek 84 Speich;GE;SP1
1910367003;99500008097;;Lüfter axial 80cbm/h 12VDC 92x92x25;GE;SP1
1910367005;99500008098;;Luefter axial 170cbm 12VDC 119x119x32;GE;SP1
1910367766;99500008279;;Sicherheitsschalter 2OE m. Buegelbetaet.;GE;SP1
1910367767;99500008460;;Kabeleinfuehrung Membrannippel M16x1,5;GE;SP1
1910367008;99500008463;;Sicherheitsschalter 2OE m. Rollenhebel;GE;SP1
1910047804;99500008530;;Modem analog steckbar mit Voice-Funktion;GE;SP1
1910367009;99500008621;;Thyristormodul mit Diode 162 A 1600 V;GE;SP1
1910367010;99500008631;;Widerstand Hochlast 33k 13 W;GE;SP2
1910367011;99500008635;;Sicherung NH 00 125AFF;GE;SP2
1910367774;99500008681;;Klemme Verbindung 5 pol;GE;SP2
1910365681;99500008683;;Netzfilter 3 x 100 A 480 V;GE;SP2
1910365680;99500008684;;Drossel Kommutierung 3 x 0,29 mH 92 A;GE;SP2
1910367012;99500008685;;Drossel Motor 3 x 0,09 mH / 115 A;GE;SP2
1910367013;99500008760;;Bremswiderstand 7R 10kW/20kW 100%/40%;GE;SP2
1910367016;99500008789;;Klemme Durchführ 50qmm ger. schraub;EU;SP5
1910367019;99500008952;;Halogen NV Deckeneinbauleuchte;AE;SP6
8001363481;99500009201;;Geblaese CSA SF1000;GE;SP1
1910209217;99500009205;99500009205_L;ZB Kopierung IK Sensor APD gef 14bit;GE;SP2
1910209081;99500009206_L;;ZB Kopierung Sensor LK704 14 bit;GE;SP1
1910209082;99500009207;99500009207_L;ZB Kopierung Sensor KVE 14bit FKO gef;GE;SP1
1910209083;99500009208_L;;ZB Kopierung Sensor KVE 14bit FKU gefue;GE;SP1
1910208868;99500009209;;Magnetschalter 1W Gabelweite 15 Eint. 12;GE;SP1
1910367020;99500009212;;Ladewiderstand 3x1R9 3x150W 2x6,8kWs;GE;SP1
1910365677;99500009213;;Warnabdeckung Spannung Klemmenbreite 5,2;GE;SP2
1910209084;99500009214;;ZB Kopierung IK Sensor APD ungef 16bit;GE;SP1
1910367021;99500009220;;Sensor Stockwerk APD;GE;SP2
1910367022;99500009221;;Sensor Magnetschalter APD;GE;SP1
1910367023;99500009225;;Deckel fuer Klemme UT 16;GE;SP2
1910367025;99500009228;;Sicherungslasttrenner NH2 3pol 690 VAC;GE;SP2
1910367026;99500009231;;Leistungsschütz LC1F225 P7 225A 3H230VAC;AE;SP6
1910367027;99500009232;;Leistungsschütz LC1-F225A 3H 220VDC;GE;SP1
1910367028;99500009233;;Kondensator AL-Elko 1000µF;GE;SP2
1910367030;99500009234;;Kondensator Folie X1-2,2µF 440VAC RM37,5;EU;SP5
1910367031;99500009235;;Stromwandler 1000 A;GE;SP2
1910367032;99500009236;;Bremswiderstand Al Geh. 5 Ohm 1000VDC;GE;SP1
1910367033;99500009237;;Sicherung 500 A NH2 gRL 690 VAC;EU;SP5
1910208869;99500009251;;Vorschaltgeraet LN 36.115 38 Watt;EU;SP5
1910208870;99500009254;;Leuchtstofflampe 38 W D26 1047mm;AE;SP6
1910367037;99500009257;;Stromversorgung SNT 240 VAC 24V/3,4 ADC;GE;SP2
1910369585;99500009261;99500009261_L;ZB Kopierung System KVE FKO GR FH 175m;GE;SP1
1910369586;99500009262;99500009262_L;ZB Kopierung System KVE FKU GR FH 175m;GE;SP1
1910368241;99500009263;;ZB Netzgeraet 230V/24VDC 2,5A;GE;SP1
1910368242;99500009267;;ZB Leiterplatte FF;GE;SP1
1910367041;99500009269;;ZB Leiterplatte FZ4;GE;SP1
1910209085;99500009278;99500009278_L;ZB Kopierung IK Sensor APD gef 16bit;GE;SP1
1910367043;99500009279;;Trafo 1Ph Sparwicklung 230/125V, 250VA;GE;SP1
1910368245;99500009286;;Netzfilter einphasig, 230 V / 3 A;GE;SP2
1910365676;99500009290;;Klemme Federzug 4pol ST2,5 BU;GE;SP1
1910365675;99500009291;;Klemme Federzug 4pol ST1,5 BU;GE;SP2
1910367044;99500009292;;Inspektionskasten Russland;GE;SP2
1910208871;99500009299;;ZB Inspektionskasten Montagefahrt DZS;GE;SP1
1910368247;99500009309;;Tastplatte Classic Taktil Pfeil >Auf/Ab<;GE;SP1
1910368248;99500009310;;Sicherheitsschalter 1S 1OE Rollenheb. LH;GE;SP1
1910046391;99500009327;;Magnetschalter 1S M8 (Reed-Sensor);GE;SP1
1910367045;99500009331;;Klemmenblock X0,X1 BDK2000 DZS;GE;SP2
1910367046;99500009335;;Hilfsschalter 1Oe f. Harmony 22mm;AE;SP6
1910367047;99500009338;;Bremswiderstand 14R 8kW/16kW 100%/40%;GE;SP1
1910367048;99500009339;;Bremswiderstand 14R 13kW/26kW 100%/40%;GE;SP1
1910368253;99500009343;;Stift Minicom 3POL GER RM3,81 SCHRAUB;GE;SP1
1910208873;99500009349;;Sicherheitsschalter 1S 1OE m. Kuppenst.;GE;SP1
1910208874;99500009350;;Sicherheitsschalter 1S 1OE m.Rollenhebel;GE;SP1
1910208875;99500009351;;Sicherheitsschalter 2OE m.Kuppenstoessel;GE;SP1
1910368255;99500009352;;Sicherheitsschalter 1S 1OE m.Rollenst.;GE;SP1
1910048578;99500009354;;Hilfsschuetz 230V AC 4S;GE;SP1
1910048579;99500009355;;Hilfsschalter 4OE;GE;SP1
1910365674;99500009358;;Leitungsschutzschalter 25A 3P B 5SY4;GE;SP1
1910367049;99500009359;;Leitungsschutzschalter 25A 4P B 5SY4;GE;SP1
1910367050;99500009360;;Hilfsschalter 2S seitlich 5ST3;GE;SP1
1910208878;99500009362;;Hilfsschuetz 12V DC 3S 1OE;GE;SP1
1910330550;99500009363;;Relais 12V DC 2W;GE;SP1
1910365672;99500009364;;Relaissockel PR1-BSC2 / ES50;GE;SP1
1910208879;99500009375;;ZB Mikroschalter Tuer BDK2000;GE;SP1
1910209086;99500009376;99500009376_L;Tuermotor F9 IP20;GE;SP1
1910367052;99500009380;;Leuchte Mini 4W 270mm;GE;SP1
1910367053;99500009392;;Leitungsschutzschalter 16A 3P B 5SY4;GE;SP1
1910367054;99500009393;;Leitungsschutzschalter 20A 3P B 5SY4;GE;SP1
1910367056;99500009394;;Leitungsschutzschalter 16A 4P B 5SY4;GE;SP1
1910367057;99500009395;;Leitungsschutzschalter 20A 4P B 5SY4;GE;SP1
1910367058;99500009396;;Hilfsschuetz 12V DC 4S;GE;SP1
1910367059;99500009397;;Hilfsschalter 1S 1OE seitlich 5ST3;GE;SP1
1910365671;99500009400;;Pruefklemmenblock DZS Fahrschuetze;GE;SP1
1910368266;99500009406;;Serienverbinder mit Isolation 4-6 mm2;EU;SP5
1910368267;99500009407;;Serienverbinder mit Isolation 1-1.5mm2;EU;SP5
1910367062;99500009408;;Relais 24VDC 4S 2OE Sicherheitsrelais;GE;SP1
8001360457;99500009415;;Drehgeber_ Konuswelle 2x2048EnDat_ECN413;GE;SP1
1910365670;99500009417;;Betaetigungssperre mit Buegelschloss;GE;SP1
1910367063;99500009418;;Klemmenblock Haengekabel BDK2000 DZS;GE;SP1
1910368270;99500009426;;Führungsschiene Leiterplatte;GE;SP1
1910368271;99500009429;;Mikroschalter 250VAC 15A BDK2000;GE;SP1
1910367064;99500009430;;Hutschiene Schnappsockel;EU;SP5
1910367065;99500009433;;Türmotor F9 IP54;GE;SP1
1910368274;99500009435;;ZB Inspektionskasten SYNERGY;GE;SP2
1910368275;99500009436;;Steckverbinder 14pol.Flachl. Schraub.;GE;SP1
1910508718;99500009437;99500009437_L;RJ45 Verbinder / RJ45 coupler;GE;SP1
1910564192;99500009438_L;;Abschlusswiderstand CAN-Bus RJ45 Stecker;GE;SP1
1910367066;99500009440;;Hilfsschalter Sprungfunktion 2S 1OE;AE;SP6
1910369587;99500009441;99500009441_L;Ausserbetriebsanzeige Einbahnsymbol;GE;SP1
1910208880;99500009443;;Sicherheitsschalter 2S 1OE m. Kuppenst.;GE;SP1
1910368278;99500009446;;Buchse ST-COMBI SP2,5 12-polig X11;GE;SP2
1910367067;99500009450;;Magnetstreifen FX3 216x15x6mm;GE;SP1
1910367068;99500009451;;Magnetstreifen FX3 60x15x6;GE;SP2
1910365669;99500009453;;Zähler 24V BZ/IZ ohne Rückstellung;EU;SP5
1910367069;99500009455;;Hilfsschalter 2S 2OE;GE;SP1
1910369552;99500009456;;Buchse Combicon 7pol ger RM5,08;AE;SP6
1910367070;99500009461;;Leitung Oelflex 110 12X0,75;GE;SP2
8000921184;99500009463;;Positionsschalter Steute Ex 14 Stoessel;GE;SP1
1910368285;99500009464;;ZB Leitung Bremse RSR400;GE;SP1
1910368286;99500009466;;Schwimmerschalter;GE;SP2
1910365668;99500009471;;Relais PLC 230VUC 1W 6A;GE;SP1
1910365667;99500009472;;Buchse 4+3 pol ST-COMBI BDK 2000 SYNERGY;GE;SP1
1910365666;99500009473;;Relais 12VDC 2Wechsler;GE;SP1
1910580327;99500009475;;Leitung H07RN-F 1X1,5;Z0;SP1
1910366070;99500009476;99500009476_L;SP Sensor Barcode Positioniersyst. BPS34;GE;SP1
1910369554;99500009479;;Steckhuelse 6,3-2,5;GE;SP2
1910369555;99500009481;;Isolierhuelse für Flachsteckh. 6,3;GE;SP2
1910367071;99500009486;;Notstromversorgung USV Schutzgeh. IP54;GE;SP2
1910367073;99500009488;;Betätigungsknebel Not-Aus;AE;SP6
1000092040;99500009489;;Relais 24VDC 1WE;GE;SP1
1910208881;99500009491;;Sprachausgabegerät Voicemax 33;EU;SP5
1910366069;99500009493;99500009493_L;Himatrix- Sicherh-SPS F31 02;GE;SP2
1910369589;99500009493-01;;Himatrix- Sicherh-SPS F31 02 prog;GE;SP4
1910365664;99500009495;99500009495_L;Himatrix- Sicherh DI-Modul F1 DI 16;GE;SP2
1910369591;99500009495-01;;Himatrix- Sicherh DI-Modul F1 DI 16 prog;GE;SP4
1000022846;99500009496;99500009496_L;Himatrix- Sicher DO-Rel-Modul F2 DO 8 01;GE;SP2
1910209088;99500009497;99500009497_L;ZB Sicherheitsschaltgeraet PNOZ X3;GE;SP1
1910367075;99500009504;;Schaltschrankleuchte inkl. Schalter;GE;SP2
1910368299;99500009505;;Stecker Busanschluss RS485 fast connect;EU;SP5
1910209218;99500009507;99500009507_L;ZB Netzgeraet 100-240AC 24V/20ADC;GE;SP1
1910209089;99500009508;;ZB USV Umschaltung Netzger. Akku 24V;GE;SP2
1910209090;99500009509;99500009509_L;Akku 24V 12AH;GE;SP1
1910209091;99500009510;99500009510_L;ZB Netzgeraet 100-240AC 48VDC/0,75A;GE;SP1
1910208882;99500009513;;Stopschalter 400/500VAC 10/6A IP54;GE;SP1
1910365661;99500009519;;Klemme Federzug 3pol ST2,5 Trennklemme;GE;SP2
1910365660;99500009520;;Klemme Sicherungsstecker 5x20;GE;SP2
1910365659;99500009521;;Klemme Bauelementestecker P-CO;GE;SP2
8001360458;99500009522;;Drehgeber_ Konus 2048EnDat_ECN413 3row;GE;SP1
1910367076;99500009523;;Luefter axial 46cbm/h 12VDC 60x60x25;EU;SP5
1910365658;99500009536;;Hilfsschuetz 230V AC 2S + 2OE;GE;SP1
1910209092;99500009539;99500009539_L;Sprechstelle Digifon Kabine;GE;SP2
1910367077;99500009540;;Sprechstelle Schacht MR Digifon;GE;SP2
1910367078;99500009541;;Zentrale für Digifon;GE;SP2
8001363186;99500009548;;Geblaese G4D 180 - FF20;GE;SP1
1910367079;99500009554;;Erdungsband 6qmm 130mm;GE;SP2
1910367084;99500009557;;Sicherheitsschalter 2OE Kuppenstoe. XCMD;GE;SP1
1910367095;99500009558;;Steckdose Einbau Frankreich Klappdeckel;EU;SP5
1910368309;99500009559;;Sicherheitsschalter 2OE+1S m.Kuppenst.;GE;SP1
1910368310;99500009562;;Buchse Combicon 4pol ger.RM5,08 Dschraub;GE;SP2
1910365657;99500009563;;Leistungsschalter 63A 3-polig NG125N;GE;SP1
1910365656;99500009565;;Endhalter Clipfix 35-5;GE;SP1
1910368311;99500009568;;Klemme UT 16;GE;SP2
1910367096;99500009571;;Lautsprecher D70 T21.5 8 Ohm 0,5W;EU;SP5
1910367097;99500009575;;ZB Service-Tasche 1-3 BDK2000 FR;GE;SP2
1910208883;99500009586;;Sicherheitsschalter 1S 1OE Rollenh. RV;GE;SP1
1910208884;99500009587;;Drehgeber_ ECN413_Spreizring 2x2048EnDat;GE;SP1
1910208885;99500009593;;Sicherheitsschalter 1S 1OE Rolle 10mm;GE;SP1
1910367098;99500009595;;GB-200-fl 6pol Stecker X102S f Tragsch.;AE;SP6
1910367099;99500009596;;GB-200-fl 6pol Buchse X102B f.Leitung;AE;SP6
1910367102;99500009597;;GB-200-fl 4pol Stecker X102.1S f Tragsch;EU;SP5
1910367103;99500009598;;GB-200-fl 4pol Buchse X102.1B f. Leitung;EU;SP5
1910367105;99500009599;;GB-200-fl 4pol Stecker X73.1S f Tragsch.;EU;SP5
1910367111;99500009600;;GB-200-fl 4pol Buchse X73.1B f. Leitung;AE;SP6
1910368320;99500009601;;GB-200-fl 4pol Stecker X25S f Tragsch.;AE;SP6
1910367113;99500009602;;GB-200-fl 4pol Buchse X25B f. Leitung;AE;SP6
1910367114;99500009609;;Feuchtraumleuchte 36W IP65 EVG h-fr;EU;SP5
1910367115;99500009613;;GB-200-fl Montageadapter für TS35;EU;SP5
1910367117;99500009620;;ZB Pfeile Gong Fahrkorb-Tür blau;GE;SP2
1910368325;99500009624;;Sicherheitsschalter 20E L2 m.Kuppenst;GE;SP2
1910367119;99500009628;;ZB Lautsprecher D70 T21.5 8 Ohm m.Kabel;GE;SP1
1910368327;99500009630;;Stift Minicom 4pol ger RM3.81 schraub;EU;SP5
1910368328;99500009632;;Fangschalter für Klappschürze;GE;SP1
1910368329;99500009635;;Sicherheitsschalter für Plattform;GE;SP2
1910208886;99500009637;;Endschalter Unterholm ( Überfahrt );GE;SP1
1910367127;99500009638;;Stillstandswaechter IK9144;GE;SP2
1910369556;99500009641;;Leistungsschalter 16A 3-polig NG125N;GE;SP1
1910365655;99500009642;;Leistungsschalter 20A 3-polig NG125N;GE;SP2
1910367131;99500009643;;Leistungsschalter 25A 3-polig NG125N;GE;SP1
8001346335;99500009650;;Drehgeber_ 2x2048EnDat ECN413 Konus 10 m;GE;SP1
1910365654;99500009663;;Leitungsschutzschalter 10A 3pol C;GE;SP1
1000023640;99500009669;;Steckdose Einbau Hutschiene Gelb;GE;SP1
1910367132;99500009673;;Band Barcode;GE;SP2
1000023724;99500009676;;Koppler LWL RS-485;GE;SP1
1910367134;99500009677;;Koppler LWL LAN;GE;SP2
1910208888;99500009678;;Klemmenblock Schraubkl. 8Pol. RJ-45 Bu.;GE;SP1
1910365650;99500009679;;Leitung CAT5 1,5m;GE;SP2
1910365649;99500009680;;Leitung CAT5 0,5m;GE;SP2
1910365648;99500009681;;Leitung CAT5 0,4m;GE;SP2
1910365647;99500009682;;Leitung CAT5 0,6m;GE;SP2
1910365646;99500009684;;Klemme fuer Bauelement 4mm² Wid 3k92;EU;SP5
1910368336;99500009686;;Aderendhuelse isoliert 0,14mm2 L=8mm;GE;SP1
1910208889;99500009693;;Gleichrichter LAD4 S123;GE;SP1
1910367136;99500009694;;Luefter axial 89cbm 12VDC 92x92x25;EU;SP5
1910365645;99500009695;;Hilfsschütz CAD-32 MD 3S;GE;SP1
1910208890;99500009702;;Leistungsschütz LC1-9A 3H 1S 1OE 220V DC;GE;SP1
1910367138;99500009705;;Zeitrelais ansprechverz. BC 7930N;GE;SP2
1910046378;99500009708;;Netzgeraet 230V/24VDC 5A;GE;SP1
1910564193;99500009709;;Klemmenblock GBTK6023 O51S-M51S-M54S;GE;SP1
1910048702;99500009713;;Steuerplatine can Türantrieb RT301;GE;SP1
1910365644;99500009717;;FI/LS Schalter 30mA TypA B 10A 2 pol;GE;SP1
1910365643;99500009718;;FI/LS Schalter 30mA TypA B 16A 2 pol;GE;SP1
1910350940;99500009719;;Spannungswand. DC/AC 12/230V 600W/1200W;GE;SP1
1910367781;99500009738;;Klemmenblock BDK X9.1-12V mit Sicherung;GE;SP1
1910367144;99500009742;;Steckdose Einbau Schweiz Klappdeckel;GE;SP2
1910367153;99500009743;;Steckdose Einbau England Klappdeckel;GE;SP2
1910209093;99500009744;99500009744_L;Drehgeber 30 Bit;GE;SP1
1910364346;99500009745;;Sicherheitsschalter 1S 1OE Z4K 236-11ZR;GE;SP1
1910365642;99500009746;;Buchse Minicom 2pol ger RM3,5 Federkraft;GE;SP2
1910365641;99500009748;;Buchse Minicom 4pol ger RM3,5 Feder;GE;SP2
1910368343;99500009749;;Buchse Minicom 5pol ger RM3,5 Feder;GE;SP2
1910368344;99500009750;;Buchse Minicom 8pol ger RM3,5 Feder;EU;SP5
1910365640;99500009754;;Buchse Minicom 3pol ger  RM3,5 Feder;GE;SP2
1910209094;99500009756;99500009756_L;Leistungsschuetz 18A 3H 1S+1OE 230VAC FZ;GE;SP1
1910209095;99500009757;99500009757_L;Hilfskontaktblock 2S+2OE Federzug;GE;SP1
1910367155;99500009764;;IC DIG SMD Controller 87C52;GE;SP2
1910368348;99500009765;;Taster B50Q;GE;SP2
1910367787;99500009769;;ZB Inspektionskasten SYN. o.Steckd;GE;SP2
1910367791;99500009770;;ZB Inspektionskasten SYN zweih. o.Steckd;GE;SP1
1910367797;99500009771;;ZB Inspektionskasten SYN Franz o.Steckd;GE;SP2
1910367156;99500009775;;Schutzkragen B50Q;GE;SP2
1910367160;99500009776;;Rahmen B50Q;GE;SP2
1910368354;99500009779;;Taster B50Q Bezeichnung Sonderbeschr.;GE;SP2
1910367161;99500009780;;Hilfsschalter seitlich LAD8N20;GE;SP1
8001363193;99500009781;;Schalter Luftstromwaechter;GE;SP2
1910368356;99500009783;;Taster B50Q Alarm;GE;SP1
1910368357;99500009784;;Taster B50Q Tür Auf;GE;SP2
8001363365;99500009790;;Stecker Buchse gewinkelt M12 4-polig;GE;SP2
1910208893;99500009791;;Leitungsschutzschalter 2A 1 pol B;GE;SP1
8001346336;99500009792;;Drehgeber_ 2x2048 EnDat ECN413 Konus 2m;GE;SP1
8000814530;99500009810;;Gebläse Radial SC400 CSA;GE;SP1
1910367163;99500009812;;Lautsprecher 100 Volt 180 mm;GE;SP2
1910365639;99500009821;;Buchse Combicon 2pol ger. RM 5,08 Feder;GE;SP2
1910368360;99500009842;;Anschlussdose RJ-11;GE;SP2
1910561376;99500009858;;IC Spg.Reg. Adj. FSDM0565 TO220F-6L;AE;SP6
1910367164;99500009917;;Filterluefter 120 cbm/h 230V IP43;GE;SP2
1910368361;99500009921;;Stecker Stift 4pol RM5;GE;SP2
1910367165;99500009922;;LED Soffitten Lampe weiss 39mm 28V;GE;SP2
1910368362;99500009923;;Stecker Buchse 4pol RM5;EU;SP5
1910367190;99500009925;;Leistungsschalter NSX 100 TM 32D;GE;SP2
1910367790;99500009953;;Stecker Buchse 6pol RM3,5 schraub;GE;SP1
1910367193;99500010014;;Luefter axial 39cbm 12VDC 60x60x25;GE;SP1
1910208894;99500010015;;Leistungsschuetz 40A 3H 1S 1OE 230VAC;GE;SP1
1910208895;99500010016;;Leistungsschuetz 50A 3H 1S 1OE 230VAC;GE;SP1
1910208896;99500010017;;Leistungsschuetz 65A 3H 1S 1OE 230VAC;GE;SP1
1910208897;99500010018;;Varistor Schutzbesch. Schuetz LAD4V3U;GE;SP1
1910365638;99500010019;;Leistungsschuetz 60A 4H 1S 1OE 230VAC;GE;SP1
1910208898;99500010020;;Leistungsschuetz 50A 3H 1S 1OE 220VDC;GE;SP1
1910208899;99500010021;;Leistungsschuetz 65A 3H 1S 1OE 220VDC;GE;SP1
1910366047;99500010047;99500010047_L;Leitung Stronvers. Drehgeber Begrenzer;EU;SP5
1910367198;99500010053;;Leitungsschutzschalter 32A 3P B 5SY4;GE;SP1
1910367202;99500010054;P1E=EU Löschvermerk;Leitungsschutzschalter 32A 4P B 5SY4;EU;SP5
1910365637;99500010082;;Klemme Schraubanschluss UK95 Blau;EU;SP5
1910368368;99500010151;;"Taster Focus ""0""";GE;SP2
1910368369;99500010152;;"Taster Focus ""1""";GE;SP2
1910368370;99500010153;;"Taster Focus ""2""";GE;SP1
1910368371;99500010154;;"Taster Focus ""3""";GE;SP2
1910368372;99500010155;;"Taster Focus ""4""";GE;SP2
1910368373;99500010156;;"Taster Focus ""5""";GE;SP2
1910368374;99500010157;;"Taster Focus ""6""";GE;SP2
1910368375;99500010158;;"Taster Focus ""7""";EU;SP5
1910368376;99500010159;;"Taster Focus ""8""";EU;SP5
1910368377;99500010160;;"Taster Focus ""9""";EU;SP5
1910368378;99500010172;;"Taster Focus ""-1""";GE;SP2
1910368379;99500010173;;"Taster Focus ""-2""";GE;SP2
1910368380;99500010197;;"Taster Focus ""M""";EU;SP5
1910368381;99500010228;;"Taster Focus ""Pfeil auf""";GE;SP2
1910368382;99500010229;;"Taster Focus ""Pfeil ab""";GE;SP2
1910368383;99500010232;;"Taster Focus ""Alarm""";GE;SP2
1910367205;99500010235;;Befestigungskappe Focus;GE;SP1
1910209200;99500010237;;ZB Leitung TMI-Flash;AE;SP6
1910369597;99500010248-01;;Display Fa.Christ mit Ethernet;GE;SP2
1910365636;99500010250;99500010250_L;Himatrix- Sicherh-SPS F35 CUT-Lizenz;GE;SP2
1910369598;99500010250-01;;Himatrix- Sicher-SPS F35 Modbus RS485 pr;GE;SP4
1910365635;99500010251;99500010251_L;Himatrix- Sicher-SPS F30 Modbus RS485;AE;SP6
1910369600;99500010251-01;;Himatrix- Sicher-SPS F30 Modbus RS485 pr;GE;SP4
1910368388;99500010253;;Netzteil 12V 10er Tastatur CLAV400;GE;SP2
1910367211;99500010254;;Auswerteeinheit 10er Tastatur CLAV400;GE;SP2
1910368390;99500010255;;10er Tastatur CLAV400I;GE;SP2
1910368392;99500010319;;Netzteil 24 V DeLight 25;GE;SP1
1910367218;99500010322;;Notlicht 12 V Lightbars DeLight 25;GE;SP2
1910368395;99500010323;;Schluesseltaster Focus;GE;SP2
1910367220;99500010344;;Stromversorgung SNT 240VAC 24V/2,5ADC;GE;SP1
1910367221;99500010345;;Sicherungslasttrenner Gr.2 3pol 600 VAC;GE;SP2
1910365634;99500010350;;Relais 230VAC, I mess, AC/DC 1W;GE;SP1
1910367792;99500010371;;Klemmenblock X0,X1 BDK2000-MHC;EU;SP5
1910367793;99500010374;;Klemmenblock X2,X7,X9 BDK2000-MHC;EU;SP5
1910365633;99500010375;;Ferrit Hülse 241 Ohm 100 MHz aufklappbar;GE;SP2
1910368399;99500010379;;Stift Combicon 4pol gew.RM5,08 schraub;GE;SP2
1910367223;99500010382;;Zylindersicherung 22x58 100A, 690V;GE;SP1
1910367225;99500010384;;Anzeige 16Segment waagerecht blau Sym;GE;SP1
1910368401;99500010388;;Inspektionskasten zweihand o.Steckd st-b;GE;SP1
1910208901;99500010389;;Inspektionskasten zweih. o.Steckd st-b;GE;SP1
1910367229;99500010392;;Magnetsensor MSK110TH -0002 -SK20;GE;SP1
1910367230;99500010394;;Klemmenblock red.Sch-grube BDK2000-MHC;EU;SP5
1910365632;99500010396;99500010396_L;Umsetzer CAN bus auf auf Modbus TCP;GE;SP1
1910369602;99500010396-01;;Umsetzer CAN bus auf auf Modbus TCP pro;GE;SP2
1910367231;99500010411;;Sprechstelle MS-Digifon Liftbox Vario;GE;SP2
1910368408;99500010414;;Stift Minicom 5pol ger RM3,81 schraub;GE;SP2
1910208902;99500010417;;Magnetschalter 1S M8 (Reed) mit Stecker;GE;SP1
1910365631;99500010484;;Relais 24VDC 2Wechsler sichere Trennung;GE;SP1
1910365630;99500010485;;Relaissockel Elesta SRD-SGR2 (ES 50);GE;SP1
1910208903;99500010486;;Freilaufdiode fuer Relais SRD-SGR2-M03;GE;SP1
1910367233;99500010487;;Pruefklemmenblock X82/X83;GE;SP1
1910368410;99500010505;;Buchse Power 2x4pol RM7,62/3,81 feder;GE;SP2
1910367234;99500010508;;Sicherungseinsatz 5x20 G 2,5AT;GE;SP1
1910368412;99500010510;;Netzfilter 3x18A 480V;GE;SP1
1910368413;99500010516;;Buchse Combicon 4pol ger RM7.62;AE;SP6
1910368414;99500010517;;Buchse ST-COMBI SP2,5 4-polig;EU;SP5
1910365629;99500010518;;Buchse Combicon 5pol. gew.RM5,08 schraub;GE;SP2
1910367235;99500010529;;Sprechstelle Steuerung MS-Digifon 3105;GE;SP2
1910368416;99500010531;;Sicherheitsschalter S+OE rastend RH IP67;GE;SP2
1910367236;99500010532;;Leistungswiderstand 3x82R 3x150W;GE;SP2
1910368418;99500010543;;ZB Leitung Bremse RSR 400 mod l=10m;GE;SP1
1910208904;99500010544;;Netzgeraet 100-230VAC/24VDC 0,63A Hutsch;GE;SP1
1910365628;99500010576;;Leistungsschuetz DT25-AC1 4H1S1OE 230VAC;GE;SP1
1910367237;99500010577;;Leistungsschuetz DT32-AC1 4H1S1OE 230VAC;GE;SP1
1910367239;99500010585;;Anschlussdose Abox 250 25 qmm;GE;SP2
1910368421;99500010587;;Federleiste Durchg. 4pol AWG22 RM2,54;GE;SP2
1910367241;99500010588;;Klemme Zugfeder ST1.5-TWIN;GE;SP2
1910367245;99500010596;;Taktgeber asymmetrisch 12-240V AC/DC 1W;EU;SP5
1910367253;99500010610;;Magnetstreifen FX3 140x15x6mm;GE;SP1
1910327827;99500010613;;Sicherheitsschaltgeraet 2Kanal 3S+1OE;GE;SP1
1910208905;99500010615;;Spannungswandler DC/AC 12/230V 600W LC;GE;SP1
1910365627;99500010617;;Klemmenblock X1.1 Pruef.EN81-A3 MC1-2-3;GE;SP1
1910365626;99500010620;;Spartrafo 230V/202V-162V-118V-102V 243VA;GE;SP2
1910369559;99500010621;;Klemmenblock X11,X12,X13,X14 BDK2000-160;EU;SP5
1910367260;99500010623;;Lautsprecher Blueton rund;GE;SP1
1910367261;99500010624;;Mikrofon Blueton rund;GE;SP1
1910367262;99500010625;;Anzeige Blueton Notruf gn/ge;GE;SP1
1910367263;99500010626;;Anzeige Blueton Notlicht 12V;GE;SP1
1910367264;99500010627;;Anzeige Blueton        Kein Zutritt 24V;GE;SP1
1910367265;99500010628;;Schluesselblende Blueton mit LED;EU;SP5
1910208906;99500010629;;Schluesselblende Blueton ohne LED;GE;SP1
1910208907;99500010630;;Blindelement Blueton Edelstahl;GE;SP1
1910368432;99500010631;;"Taster Blueton taktil blau ""Tuer Zu""";GE;SP1
1910368433;99500010632;;"Taster Blueton taktil blau ""Tuer Auf""";GE;SP1
1910368434;99500010634;;"Taster Blueton taktil blau ""Luefter""";GE;SP1
1910208908;99500010635;;"Taster Blueton taktil ""Alarm"" gelb 12V";GE;SP1
1910208909;99500010636;;"Taster Blueton taktil blau ""Pfeil""";GE;SP1
1910368435;99500010638;;"Taster Blueton takti blau ""Pfeil Auf/Ab""";GE;SP1
1910368436;99500010639;;"Taster Blueton taktil blau ""Rollstuhl""";GE;SP2
1910368437;99500010640;;Blindelement Blueton Edelstahl Löcher;AE;SP6
1910368438;99500010643;;"Taster Blueton taktil blau ""-3""";GE;SP2
1910368439;99500010644;;"Taster Blueton taktil blau ""-2""";GE;SP1
1910368440;99500010645;;"Taster Blueton taktil blau ""-1""";GE;SP1
1910368441;99500010646;;"Taster Blueton taktil blau ""0""";GE;SP1
1910368442;99500010647;;"Taster Blueton taktil blau ""1""";GE;SP1
1910368443;99500010648;;"Taster Blueton taktil blau ""2""";GE;SP1
1910368444;99500010649;;"Taster Blueton taktil blau ""3""";GE;SP1
1910368445;99500010650;;"Taster Blueton taktil blau ""4""";GE;SP1
1910368446;99500010651;;"Taster Blueton taktil blau ""5""";GE;SP1
1910368447;99500010652;;"Taster Blueton taktil blau ""6""";GE;SP1
1910368448;99500010653;;"Taster Blueton taktil blau ""7""";GE;SP2
1910368449;99500010654;;"Taster Blueton taktil blau ""8""";GE;SP1
1910368450;99500010655;;"Taster Blueton taktil blau ""9""";GE;SP1
1910368451;99500010657;;"Taster Blueton taktil blau ""10""";GE;SP2
1910368452;99500010658;;"Taster Blueton taktil blau ""11""";GE;SP1
1910368453;99500010659;;"Taster Blueton taktil blau ""12""";GE;SP2
1910368454;99500010660;;"Taster Blueton taktil blau ""13""";GE;SP2
1910368455;99500010661;;"Taster Blueton taktil blau ""14""";GE;SP2
1910368456;99500010662;;"Taster Blueton taktil blau ""15""";GE;SP2
1910368457;99500010663;;"Taster Blueton taktil blau ""16""";GE;SP2
1910368458;99500010664;;"Taster Blueton taktil blau ""17""";GE;SP2
1910368459;99500010665;;"Taster Blueton taktil blau ""18""";GE;SP2
1910368460;99500010670;;"Taster Blueton taktil blau ""23""";GE;SP2
1910368461;99500010671;;"Taster Blueton taktil blau ""24""";GE;SP2
1910368462;99500010672;;"Taster Blueton taktil blau ""25""";GE;SP2
1910368463;99500010673;;"Taster Blueton taktil blau ""26""";GE;SP2
1910368464;99500010679;;"Taster Blueton taktil blau ""0B""";GE;SP2
1910368465;99500010683;;"Taster Blueton taktil blau ""1U""";GE;SP2
1910368466;99500010684;;"Taster Blueton taktil blau ""1G""";GE;SP2
1910368467;99500010688;;"Taster Blueton taktil blau ""A""";GE;SP2
1910368468;99500010692;;"Taster Blueton taktil blau ""B""";GE;SP2
1910368469;99500010693;;"Taster Blueton taktil blau ""B1""";GE;SP2
1910368470;99500010694;;"Taster Blueton taktil blau ""B2""";GE;SP2
1910368471;99500010699;;"Taster Blueton taktil blau ""C""";GE;SP2
1910368472;99500010701;;"Taster Blueton taktil blau ""D""";GE;SP1
1910368473;99500010704;;"Taster Blueton taktil blau ""DG""";GE;SP1
1910368474;99500010705;;"Taster Blueton taktil blau ""E""";GE;SP1
1910368475;99500010706;;"Taster Blueton taktil blau ""E0""";GE;SP2
1910368476;99500010707;;"Taster Blueton taktil blau ""E1""";GE;SP2
1910368477;99500010708;;"Taster Blueton taktil blau ""E2""";GE;SP2
1910368478;99500010710;;"Taster Blueton taktil blau ""EG""";GE;SP1
1910368479;99500010711;;"Taster Blueton taktil blau ""ES""";GE;SP2
1910368480;99500010714;;"Taster Blueton taktil blau ""G""";GE;SP2
1910368481;99500010716;;"Taster Blueton taktil blau ""H""";GE;SP1
1910368482;99500010718;;"Taster Blueton taktil blau ""HP""";GE;SP2
1910368483;99500010720;;"Taster Blueton taktil blau ""K""";GE;SP2
1910368484;99500010721;;"Taster Blueton taktil blau ""KG""";GE;SP1
1910368485;99500010723;;"Taster Blueton taktil blau ""M""";GE;SP2
1910368486;99500010726;;"Taster Blueton taktil blau ""OG""";GE;SP2
1910368487;99500010727;;"Taster Blueton taktil blau ""P""";GE;SP2
1910368488;99500010737;;"Taster Blueton taktil blau ""S""";GE;SP2
1910368489;99500010739;;"Taster Blueton taktil blau ""U""";GE;SP1
1910368490;99500010740;;"Taster Blueton taktil blau ""U1""";GE;SP2
1910368491;99500010741;;"Taster Blueton taktil blau ""U2""";GE;SP2
1910368492;99500010742;;"Taster Blueton taktil blau ""UG""";GE;SP1
1910368493;99500010743;;"Taster Blueton taktil blau ""Z""";GE;SP2
1910368494;99500010746;;"Taster Blueton taktil blau ""Z3""";GE;SP2
1910368495;99500010747;;"Taster Blueton taktil blau ""ZG""";GE;SP2
1910368496;99500010749;;"Taster Blueton braille/taktil blau ""-4""";GE;SP1
1910368497;99500010750;;"Taster Blueton braille/taktil blau ""-3""";GE;SP2
1910368498;99500010751;;"Taster Blueton braille/taktil blau ""-2""";GE;SP1
1910368499;99500010752;;"Taster Blueton braille/taktil blau ""-1""";GE;SP1
1910368500;99500010753;;"Taster Blueton braille/taktil blau ""0""";GE;SP1
1910368501;99500010754;;"Taster Blueton braille/taktil blau ""1""";GE;SP1
1910368502;99500010755;;"Taster Blueton braille/taktil blau ""2""";GE;SP1
1910368503;99500010756;;"Taster Blueton braille/taktil blau ""3""";GE;SP1
1910368504;99500010757;;"Taster Blueton braille/taktil blau ""4""";GE;SP1
1910368505;99500010758;;"Taster Blueton braille/taktil blau ""5""";GE;SP1
1910368506;99500010759;;"Taster Blueton braille/taktil blau ""6""";GE;SP1
1910368507;99500010760;;"Taster Blueton braille/taktil blau ""7""";GE;SP1
1910368508;99500010761;;"Taster Blueton braille/taktil blau ""8""";GE;SP1
1910368509;99500010762;;"Taster Blueton braille/taktil blau ""9""";GE;SP1
1910368510;99500010763;;"Taster Blueton braille/taktil blau ""10""";GE;SP1
1910368511;99500010764;;"Taster Blueton braille/taktil blau ""11""";GE;SP2
1910368512;99500010765;;"Taster Blueton braille/taktil blau ""12""";GE;SP2
1910368513;99500010766;;"Taster Blueton braille/taktil blau ""13""";GE;SP2
1910368514;99500010767;;"Taster Blueton braille/taktil blau ""14""";GE;SP2
1910368515;99500010768;;"Taster Blueton braille/taktil blau ""15""";GE;SP2
1910368516;99500010769;;"Taster Blueton braille/taktil blau ""16""";GE;SP2
1910368517;99500010770;;"Taster Blueton braille/taktil blau ""17""";GE;SP2
1910368518;99500010771;;"Taster Blueton braille/taktil blau ""18""";GE;SP2
1910368519;99500010772;;"Taster Blueton braille/taktil blau ""19""";GE;SP2
1910368520;99500010773;;"Taster Blueton braille/taktil blau ""20""";GE;SP2
1910368521;99500010774;;"Taster Blueton braille/taktil blau ""21""";GE;SP2
1910368522;99500010775;;"Taster Blueton braille/taktil blau ""22""";GE;SP2
1910368523;99500010776;;"Taster Blueton braille/taktil blau ""23""";GE;SP2
1910368524;99500010777;;"Taster Blueton braille/taktil blau ""24""";GE;SP2
1910368525;99500010778;;"Taster Blueton braille/taktil blau ""25""";GE;SP2
1910368526;99500010779;;"Taster Blueton braille/taktil blau ""26""";GE;SP2
1910368527;99500010780;;"Taster Blueton braille/taktil blau ""0B""";EU;SP5
1910368528;99500010789;;"Taster Blueton braille/taktil blau ""A""";GE;SP2
1910368529;99500010793;;"Taster Blueton braille/taktil blau ""B""";GE;SP1
1910368530;99500010794;;"Taster Blueton braille/taktil blau ""B1""";GE;SP2
1910368531;99500010795;;"Taster Blueton braille/taktil blau ""B2""";GE;SP2
1910368532;99500010796;;"Taster Blueton braille/taktil blau ""B3""";GE;SP2
1910368533;99500010798;;"Taster Blueton braille/taktil blau ""B5""";GE;SP2
1910368534;99500010799;;"Taster Blueton braille/taktil blau ""BG""";GE;SP2
1910368535;99500010800;;"Taster Blueton braille/taktil blau ""C""";GE;SP1
1910368536;99500010803;;"Taster Blueton braille/taktil blau ""D1""";GE;SP2
1910368537;99500010804;;"Taster Blueton braille/taktil blau ""D2""";GE;SP2
1910368538;99500010805;;"Taster Blueton braille/taktil blau ""DG""";GE;SP1
1910368539;99500010806;;"Taster Blueton braille/taktil blau ""E""";GE;SP1
1910368540;99500010807;;"Taster Blueton braille/taktil blau ""E0""";GE;SP1
1910368541;99500010808;;"Taster Blueton braille/taktil blau ""E1""";GE;SP2
1910368542;99500010810;;"Taster Blueton braille/taktil blau ""E3""";GE;SP2
1910368543;99500010811;;"Taster Blueton braille/taktil blau ""EG""";GE;SP1
1910368544;99500010812;;"Taster Blueton braille/taktil blau ""ES""";GE;SP1
1910368545;99500010813;;"Taster Blueton braille/taktil blau ""F""";GE;SP2
1910368546;99500010815;;"Taster Blueton braille/taktil blau ""G""";GE;SP1
1910368547;99500010816;;"Taster Blueton braille/taktil blau ""GF""";GE;SP2
1910368548;99500010817;;"Taster Blueton braille/taktil blau ""H""";GE;SP1
1910368549;99500010821;;"Taster Blueton braille/taktil blau ""K""";GE;SP1
1910368550;99500010822;;"Taster Blueton braille/taktil blau ""KG""";GE;SP2
1910368551;99500010823;;"Taster Blueton braille/taktil blau ""LG""";GE;SP2
1910368552;99500010825;;"Taster Blueton braille/taktil blau ""MZ""";GE;SP2
1910368553;99500010826;;"Taster Blueton braille/taktil blau ""O""";GE;SP1
1910368554;99500010827;;"Taster Blueton braille/taktil blau ""OG""";GE;SP1
1910368555;99500010828;;"Taster Blueton braille/taktil blau ""P""";GE;SP2
1910368556;99500010829;;"Taster Blueton braille/taktil blau ""P1""";GE;SP2
1910368557;99500010830;;"Taster Blueton braille/taktil blau ""P2""";GE;SP1
1910368558;99500010833;;"Taster Blueton braille/taktil blau ""PB""";GE;SP2
1910368559;99500010835;;"Taster Blueton braille/taktil blau ""R""";GE;SP2
1910368560;99500010838;;"Taster Blueton braille/taktil blau ""S""";GE;SP1
1910368561;99500010839;;"Taster Blueton braille/taktil blau ""SS""";GE;SP2
1910368562;99500010840;;"Taster Blueton braille/taktil blau ""U""";GE;SP1
1910368563;99500010841;;"Taster Blueton braille/taktil blau ""U1""";GE;SP2
1910368564;99500010842;;"Taster Blueton braille/taktil blau ""U2""";GE;SP2
1910368565;99500010843;;"Taster Blueton braille/taktil blau ""UG""";GE;SP1
1910368566;99500010844;;"Taster Blueton braille/taktil blau ""Z""";GE;SP2
1910368567;99500010845;;"Taster Blueton braille/taktil blau ""Z1""";GE;SP2
1910368568;99500010846;;"Taster Blueton braille/taktil blau ""Z2""";GE;SP2
1910368569;99500010848;;"Taster Blueton braille/taktil blau ""ZG""";GE;SP2
1910208911;99500010849;;Schluesseltaster Blueton Syn. fl. Grube;AE;SP6
1910367799;99500010850;;Beschriftungselement Blueton Feuerw.Belg;AE;SP6
1910367266;99500010852;;LED Leuchtband RGB 10mm 2,75m 12V;EU;SP5
1910368572;99500010855;;Taster Blueton blau taktil Kommission;GE;SP2
1910368573;99500010856;;Taster Blueton blau taktil/braille Kommi;GE;SP2
1910367267;99500010858;;Rahmen 6mm grün Blueton;GE;SP1
1910367808;99500010866;;Klemmenblock X0 Einspeisung BDK2000-160;GE;SP2
1910367269;99500010870;;LED Spot klein 4750K 1x3W 350mA IP20;AE;SP6
1910367270;99500010871;;LED Spot 4700K 3xLED 5,5W 12V IP65;GE;SP1
8001360461;99500010874;;Drehgeber_2048 BISSC 5873 KonusF  5m 2rs;GE;SP1
8001360462;99500010875;99500010875_L;Drehgeber_2048 BISSC 5873 KonusF 10m 2rs;GE;SP1
1910369603;99500010877;99500010877_L;Drehgeber_2048 SSI   5873 KonusF  5m 3rs;GE;SP1
1910208912;99500010882;;Taster Blueton blau ohne Beschriftung;GE;SP1
1910367812;99500010885;;Federleiste Durchg. 2pol AWG22 RM2,54;EU;SP5
1910367813;99500010887;;Klemmenblock Fk-Vert.EVO-F 230V AC;GE;SP2
1910564194;99500010888;;Positionsschalter mit Gummirolle;AE;SP6
1910208913;99500010889;;Positionsschalter EAC 1424 mit Schrauben;GE;SP3
1910367271;99500010892;;Heissleiter NTC 22 OHM;EU;SP5
1910368580;99500010903;;Bezeichnung ZB5 1-10;GE;SP2
1910209098;99500010904;99500010904_L;Regelgeraet Tuerantrieb SY9;AE;SP6
1910367272;99500010905;;Sicherung 400A NH2 gRL 690 VAC;GE;SP1
1910367273;99500010912;;Leitungsschutzschalter 40A 3P+N 5SY4;GE;SP1
1910365625;99500010915;;ROBAswitch Bremsspannung 207/104V DC;GE;SP1
1910365624;99500010916;;Befestigungssatz ROBAswitch;GE;SP2
1000099603;99500010928;;Spannungswandler DC-DC 12-24V;GE;SP1
1910365623;99500010934;;Netzgeraet 230V/15V 4A Hutschiene;GE;SP2
1910367276;99500010952;;LED Leuchtband RGB 10mm 3000mm 24V;GE;SP1
1910367277;99500010953;;LED Leuchtband RGB 10mm 1625mm 24V;GE;SP1
1910367811;99500010954;;Schaltnetzteil 24V 10A 240W;EU;SP5
1910367278;99500010955;;Doppel LED Leuchtband 1000mm 24V;GE;SP1
1910367816;99500010956;;Controller RGB für LED-Leuchtband 12-24V;AE;SP6
1910367279;99500010958;;Verlängerungsleitung RGB 3000mm 1Bu 1St;EU;SP5
1910367280;99500010959;;Verlängerungsleitung RGB 2000mm 1Bu 1St;GE;SP1
1910367281;99500010960;;Zuleitung RGB 150mm 4-fach-Verteiler;EU;SP5
1910368592;99500010961;;Zuleitung Doppel LED 3000mm 2-fach-Vert.;AE;SP6
1910367282;99500010979;;Kunststoff Panzerrohr FPKu-EM-F 20mm gr;EU;SP5
1910365622;99500010983;;Kondensator 0,33uF 275V KMT Klasse X2;GE;SP1
1910367284;99500010985;;Weiterfahranzeige Blueton blau;GE;SP1
1910367287;99500010986;;Gong Blueton 3-Klang;GE;SP1
1910368597;99500010988;;Hilfsschuetz 3S 2OE 24VDC;GE;SP2
1910367292;99500010991;;LED Leuchtband RGB 10mm 2750mm 24V;AE;SP6
1910367293;99500011000;;ZB Schluesselblende Blueton mit LED;GE;SP3
1910209099;99500011001;99500011001_L;Teleservice GSM Gateway;AE;SP6
1910365621;99500011002;;Rastschalter 2S + 1OE;GE;SP1
1910365954;99500011003;;Temperaturregler elektro. a. Hutschiene;EU;SP5
1910367295;99500011004;;Temperaturfühler PT100 Anschlußl. 5m;EU;SP5
1910368601;99500011005;;Heizband selbstreg. 40W/m, 1m Leitung 2m;GE;SP2
1910365620;99500011017;;FI/LS Schalter 30mA TypA B13A 2 pol;GE;SP1
1910367296;99500011018;;Sicherung 200 A NH1 gRL 690 VAC;GE;SP2
1000092030;99500011019;;Hilfskontaktblock 3S+1OE Federzug;GE;SP1
1910365619;99500011021;99500011021_L;Leitungsschutzschalter 16A 1pol C;GE;SP2
1910365953;99500011022;;Leistungsschuetz 9A 3H 1S+1OE 48VDC;GE;SP1
1910369604;99500011025;99500011025_L;Leistungsschalter 80A 3-polig NG125N;GE;SP1
1910365618;99500011026;;Optokoppler Modul Ue 24VDC Ia 100mA;GE;SP2
1910367821;99500011029;;Steckbrücke FBS 2-12;EU;SP5
1910365617;99500011032;;FI Schutzschalter 300mA Typ B 63A 4p;EU;SP5
1910367298;99500011038;;ZB Schluesselblende Blueton mit LED 1.1;EU;SP5
1910365616;99500011054;;Schütz 27mm LC1SK0600P7 2S 230VAC;EU;SP5
1910367299;99500011064;;Kondensator snubber 0,33 µF / 1000 VDC;GE;SP2
1910368608;99500011092;;Beschriftungsfeld Blueton 3 unbeleuchtet;GE;SP1
1910367833;99500011100;;Sicherheitsschalter 1S+1O rast Fernr24V;GE;SP2
1910367300;99500011103;;Spartransformator 230V/ 116V 245VA;GE;SP1
1910367301;99500011104;;Spartransformator 230V/195V/162V 270VA;GE;SP1
1910367306;99500011106;;Leuchtmelder gruen LED 24V;EU;SP5
1910208914;99500011107;;Schnittstelle CAN I/O VF400 Fremdtueren;GE;SP1
1910367307;99500011110;;Sicherheitsschalter 2S+1OE m. RH;GE;SP2
1910367308;99500011113;;Anzeige 16Segment senkrecht blau Symbole;GE;SP1
1910367835;99500011115;;Drossel Netz 4 Schenkel 16A 2mH;EU;SP5
1910365615;99500011117;;Hilfsschalterblock 2S+2OE K-Schuetz;GE;SP1
1910367309;99500011118;;Varistor 12-24V LA4KE1B K-Schuetz;GE;SP2
1910367836;99500011121;;ZB Klemmenblock Verteil.red.S-Kopf.EVOF;AE;SP6
1910369605;99500011134;99500011134_L;Tuerantrieb SY9;EU;SP5
1910564195;99500011135_L;;Bedienbox SY9;GE;SP1
1910368613;99500011161;;Schalter beruehrungslos EDEN-ADAM 0,5m;EU;SP5
1910368614;99500011162;;Schalter beruehrungslos EDEN-EVA;EU;SP5
1910367311;99500011164;;Sicherheitsmodul Tuerueberwachung VITAL1;GE;SP1
1910367313;99500011166;;LED Roehre 10W T8 4500K;GE;SP2
1910367314;99500011168;;LED Roehre ~18W T8 4500K;GE;SP2
1910367315;99500011169;;LED Roehre ~20W T8 4500K;GE;SP2
1910368619;99500011174;;Sicherheitsschalter T336 rastend;GE;SP1
8001363332;99500011176;;Drehgeber WDG100-30_16384 Hohlwelle 10 m;GE;SP1
1910367316;99500011198;;ZB SlimLED Panel 300x300;GE;SP1
1910368621;99500011201;;Beschriftungselement Blueton Feuerwehr;GE;SP1
1910365614;99500011202;;Sicherheitsschaltgeraet 2Kanal 3S+1OEpar;GE;SP1
1910367317;99500011210;;Positionsschalter 3SSE5122-0CE01;GE;SP1
1910367318;99500011211;;Tuerantrieb Set F9 IP20;EU;SP5
1910367319;99500011221;;ZB Flachschalter ATEX 610 045 M10;EU;SP5
1910367320;99500011230;;Mikrofon Blueton mit Verstaerker;EU;SP5
1910208915;99500011237;;Elektomechanischer Schalter;GE;SP1
1910367322;99500011238;;Relais 230VAC AU 1Wechsler Kleinlast;EU;SP5
1910208916;99500011241;;Relais 230VAC 1W Kleinlast LED+SnapSock.;GE;SP1
1910367323;99500011242;;Anzeige 16Segment waagerecht schwarz Sym;GE;SP1
1910367324;99500011243;;Anzeige 16Segment senkrecht schwarz Sym;GE;SP1
1910368627;99500011280;;Sicherheitsschalter 2OE L3 m.Kuppenst;GE;SP2
1910365613;99500011299;;Hilfsschuetz 24VDC 3S 1OE kleine Leist;GE;SP1
8001292860;99500011304;;Drehgeber Hohlwelle 2x1024 AB;GE;SP1
1910367327;99500011312;;Leistungsschalter 9-12,5A BG S0;GE;SP1
1910367328;99500011313;;Leistungsschalter 11-16A BG S0;GE;SP1
1910367329;99500011315;;Leistungsschalter 20-25A BG S0;GE;SP1
1910367330;99500011316;;Hilfsschalter fuer SIRIUS 3RV2. 2OE 2S;GE;SP1
1910208917;99500011323;;Leistungsschuetz 18A 4H 1S 1OE 220VDC;GE;SP1
8000646018;99500011332;;Geblaese G2D146-BF02-29 mit Filter;GE;SP1
1910367332;99500011339;;LED Montageleiste 625mm;GE;SP2
1910369606;99500011351;99500011351_L;ZB SlimLED Panel 300x300 Notbeleuchtung;GE;SP1
1910367334;99500011352;;ZB SlimLED Panel 620x620;GE;SP1
1910209100;99500011353;99500011353_L;ZB SlimLED Panel 620x620 Notbeleuchtung;GE;SP1
1910368635;99500011354;;Taster VB42 blau taktil Tuer Auf;EU;SP5
1910367335;99500011355;;Eckteil rund Gehaeuse Kunststoff sw 30mm;GE;SP1
1910367336;99500011356;;Eckteil rund Gehaeuse Kunststoff sw 25mm;GE;SP1
1910367337;99500011357;;Klemmteil für Eckteil rund Kunststoff sw;GE;SP1
1910368639;99500011359;;Taster VB42 blau taktil Tuer Zu;EU;SP5
1910564196;99500011361;;Taster VB42 weiss taktil Alarm 12V;AE;SP6
1910368640;99500011362;;Taster VB42 blau taktil Pfeil Auf;AE;SP6
1910564197;99500011364;;Taster VB42 blau taktil Pfeil Auf/Ab;GE;SP1
1910368641;99500011365;;Taster VB42 blau taktil Sammelbestellung;GE;SP2
1910368642;99500011366;;Blindelement VB42;GE;SP2
1910367338;99500011377;;ZB Bremswiderst 22R 4,0kW/8,5kW 100/40%;EU;SP5
1910564214;99500011378;;Klemmenkasten UL-Zulassung;GE;SP2
1910367341;99500011394;;Befestigungsschelle 2.5mm verzinkt;EU;SP5
1910209101;99500011396;99500011396_L;GSM Antenne 5dB Kabel l=3m Anschluss SMA;GE;SP1
1910367842;99500011397;;Klemmenblock Fk-Vert.EVO-F 24V X9 X50;EU;SP5
1910367843;99500011398;;Klemmenblock FK-VT X50/X50D;EU;SP5
1910367342;99500011404;;Lüfter radial 620 cbm/h;GE;SP1
1910368648;99500011406;;Sicherheitsschalter 2 OE m.Rh. var.;GE;SP1
1910367344;99500011407;;Kondensator Folie 8,0 µF für Lüfter;GE;SP1
1910369607;99500011424;99500011424_L;Leitungsschutzschalter B1A 1pol UL 1077;AE;SP6
1910369517;99500011425;99500011425_L;Leitungsschutzschalter C2A 1pol UL 1077;AE;SP6
1910369608;99500011426;99500011426_L;Leitungsschutzschalter C4A 1pol UL 1077;AE;SP6
1910369518;99500011427;99500011427_L;Leitungsschutzschalter B2A 1pol UL 1077;AE;SP6
1910367345;99500011428;;Leitungsschutzschalter B10A 1pol UL 489;GE;SP1
1910367346;99500011429;;Leitungsschutzschalter B3A 1pol UL 489;GE;SP2
1910367348;99500011431;;Motorschutzschalter 2,5-4A 3pol UL;GE;SP2
1000099785;99500011433_L;;Display Touch 10,4 RJ45 Farbe unprog.;AE;SP6
1910369609;99500011433-01;;Display Touch 10,4 RJ45 Farbe prog.;GE;SP4
1910365602;99500011434;99500011434_L;ZB Leitung Modbus Christ-HIMA RJ45;GE;SP1
1910368671;99500011437;;Warnschild Electrical hazards 45x100;GE;SP1
1910368674;99500011453;;"Taster Blueton taktil blau ""zwei Pfeile""";GE;SP2
1910367350;99500011493;;Notstromversorgung USV 6000 VA;GE;SP2
1910365601;99500011508;;Interfacekarte TCM - LIMAX MPD;GE;SP1
1910367351;99500011510;;Klemme Potentiometer SAKL 4/EN 1KOhm;GE;SP2
1910209102;99500011511;99500011511_L;Adapter Flachstecker 6,3 auf 4,8;GE;SP1
1910365600;99500011512;;Akku 12V 8,5AH 6,3mm-Steckanschluss;EU;SP5
1910208918;99500011514;;Akku 12V 8,5AH 6,3mm mit Adaptersatz;GE;SP1
1910368679;99500011534;;Lichttaster mit Leitung 4m;GE;SP2
1910365599;99500011536;;Rastschalter 3 Stellungen 7 Kontakte;GE;SP1
1910367352;99500011552;;Rahmen 12 flächenbündig schwarz;GE;SP1
1910365598;99500011556;;Koppelrelais AC 230V, 1W m.Sockel u.B.;GE;SP1
1000213242;99500011561;;Hilfsschalterblock 2OE K-Schuetz;GE;SP2
1910368681;99500011572;;Inspektionskast. steckb. FK nach EN81-20;GE;SP2
1910368682;99500011573;;Inspektionskast.n.steckb.FK nach EN81-20;GE;SP1
1910368683;99500011574;;Inspektionskasten SG nach EN81-20;GE;SP1
1910367353;99500011575;;Bypass Signalisation Fahrkorb;GE;SP1
1910367354;99500011576;;Notbeleuchtung Fahrkorbdach 12V, 5lx 2m;GE;SP2
1910367355;99500011579;;Notbeleuchtung Fahrkorbdach 12V, 5lx 4m;GE;SP1
1910365596;99500011580;;Rastschalter 3S + 4OE;GE;SP1
8001360463;99500011583;;Drehgeber2048 BISSC Baumer Konus 5m 2rs;GE;SP1
1910208919;99500011584;;Buchse Minicom 7pol ger RM3,5 Feder;GE;SP1
8001360464;99500011585;;Drehgeber2048 BISSC Baumer Konus 10m 2rs;GE;SP1
1910060500;99500011586;;Drehgeber2048 SSI Baumer Konus 5m 3rs;GE;SP1
1910368688;99500011593;;Inspektionskast.n.steckb.FK EN81-20 TWIN;GE;SP1
1910208921;99500011612;;Befestigungsleiste E10;GE;SP1
1910367357;99500011618;;Relaismodule EMG 17-REL/KSR-24/21-21-LC;AE;SP6
1910369560;99500011661;99500011661_L;Leitung CAN-BUS 600mm;AE;SP6
1910365595;99500011699;;Rastschalter 3 Stellungen 8 Kont. TWIN;GE;SP1
1910367359;99500011717;;COMBI Stecker PP-H 1,5/S/7 Verr+Beschr;GE;SP1
1910208923;99500011727;;Verteilerdose 89x43x37 mm inkl. Klemmen;GE;SP1
1910367360;99500011730;;Lastmesseinheit OMEGA 12-4RMa;GE;SP1
1910367361;99500011731;;Lastmessung WIFI - Stick;GE;SP2
1910367384;99500011732;;Lastmesssensor AWS-SL 300;GE;SP2
1910367387;99500011733;;Lastmesssensor AWS-SL 500;EU;SP5
1910367388;99500011734;;Pegelumsetzer Wachendorff;GE;SP2
1910367391;99500011759;;LED-Band_1 Strang_1 Schachtlicht;GE;SP2
1910367393;99500011760;;LED-Band_2 Strang_1 Schachtlicht;GE;SP2
1910367394;99500011762;;LED-Band_1 Strang_2 Schachtlicht;EU;SP5
1910368701;99500011765;;Licht. + Stoppschalt. mit Leitung 4m;GE;SP1
1910369561;99500011767;;Sicherheitsschalter 2OE+1S m. Kuppenst.;GE;SP1
1910365594;99500011769;;Netzgeraet 100-240AC 24V/20ADC;EU;SP5
1910367397;99500011772;;Leistungssch. 25A 4H/1S/1OE/230VAC Fed.;GE;SP2
1910209201;99500011773;;Lichtgitter Memco E10 36-2B/TKD TX+RX;GE;SP1
1910208924;99500011774;;Lichtgitter Memco E10 36-2B RX+TX;GE;SP1
1910365995;99500011797;99500011797_L;FL Switch 1004N-FX ST;GE;SP1
1910365593;99500011876;99500011876_L;UPS 24VDC 24VDC 20A;GE;SP1
1910208925;99500011880;;Bremskontrollschalter PMC 145L neu;GE;SP1
1910208926;99500011883;;BKS PMC 145L und Platine RPI;AE;SP6
1910208929;99500011886;;Mobilfunk Antenne AP-160A 5m lang;GE;SP1
1910368706;99500011928;;Schnittstelle CAN I-O Fremdtueren;GE;SP1
1910368707;99500011956;;Kopfmodul SI Steuerung B&R SPS X20;EU;SP5
1910367399;99500011958;;SafeKEY SI Steuerung B&R SPS X20;EU;SP5
1910367400;99500011959;;Busmodul SI Steuerung B&R SPS X20;EU;SP5
1910367852;99500011960;;Feldklem. 230V SI Steuerung B&R SPS X20;EU;SP5
1910367405;99500011961;;Ausgangsmodul SI Steuerung B&R SPS X20;EU;SP5
1910367853;99500011962;;Feldklem. 24VDC SI Steuerung B&R SPS X20;GE;SP1
1910368713;99500011963;;AC-DC Schaltregler PH 15-2406A;GE;SP1
1910208930;99500011964;;Touch Service Kit 10,4;GE;SP1
1910208931;99500011965;;Touch Service Kit 10,4Ceviroro;GE;SP1
1910208932;99500011966;;Touch service kit 5,7;GE;SP1
1910367406;99500011969;;reACTION Modul SI Steuerung B&R SPS X20;EU;SP5
1910367408;99500011972;;Zentraleinheit ST Steuerung B&R SPS X20;EU;SP5
1910368716;99500011973;;CF Karte 512MB ST Steuerung B&R SPS X20;GE;SP1
1910367411;99500011974;;Schnst. Modul ST Steuerung B&R SPS X20;EU;SP5
1910369562;99500011975;;Busbasis ST Steuerung B&R SPS X20;GE;SP1
1910369563;99500011976;;Bus Controller ST Steuerung B&R SPS X20;GE;SP1
1910367413;99500011977;;Einspeisemodul ST Steuerung B&R SPS X20;GE;SP1
1910367854;99500011978;;Feldklem. 24VDC ST Steuerung B&R SPS X20;EU;SP5
1910367415;99500011979;;Busbasis Z-Mod. ST Steuerung B&R SPS X20;GE;SP1
1910367416;99500011980;;Bus Cont. H-Mod ST Steuerung B&R SPS X20;GE;SP1
1910368722;99500011981;;1-fach Hub Mod ST Steuerung B&R SPS X20;GE;SP1
1910368723;99500011982;;2-fach Hub Mod ST Steuerung B&R SPS X20;GE;SP2
1910367417;99500011983;;Busmodul ST Steuerung B&R SPS X20;GE;SP1
1910367420;99500011984;;dig Eing. Modul ST Steuerung B&R SPS X20;EU;SP5
1910367422;99500011985;;dig Ausg. Modul ST Steuerung B&R SPS X20;EU;SP5
1910367423;99500011986;;Schnst. Mod CAN ST Steuerung B&R SPS X20;GE;SP1
1910367424;99500011989;;ZB EPROM ohne Software;EU;SP5
1910368731;99500012042;;Taster Blueton taktil blau Ladezeit;GE;SP1
1910367425;99500012054;;Magnetschalter 1W M8 (Reed-Sensor);GE;SP1
8001413632;99500012059;;Axiallüfter 115VAC 60Hz 180m3/h;AE;SP6
1910047519;99500012075;;Türantrieb F9 IP54 EN 81-20;AE;SP6
1910367428;99500012076;99500012076_L;Türsteuergerät F9 getrennt IP20 EN 81-20;AE;SP1
1910367432;99500012077;;Türantrieb F9 Regelgerät IP54 EN 81-20;GE;SP1
1910367433;99500012083;;Fehlerstromschutzschalter 4pol 80A 300mA;EU;SP5
1910208934;99500012093;;Mobilfunk Antenne AP-160A 10m lang;GE;SP1
1910208935;99500012097;;Führungsleiste;GE;SP1
1910208936;99500012098;;Unterlage Limax2D PDS Sensor;GE;SP1
1910208937;99500012099;;Signalwandler 214Y014;GE;SP1
1910208938;99500012100;;Drehgeber GEL 2444Y044;GE;SP1
1910365592;99500012131;;Relais 230V 50/60 Hz 2W;GE;SP1
1910367860;99500012136;;ZB Klemmenblock Fk Tuer ZU;EU;SP5
1910367437;99500012137;;Varistor Modul +LED LV 120-230VAC;EU;SP5
1910365591;99500012141;;Relais DEK-REL 24V AC/DC 1W, 6A;GE;SP1
1910365590;99500012147;;Sicherungslasttrenner NH00 3pol 690VAC;GE;SP1
1910367438;99500012161;;Leistungswiderstand 3x10R 3x150W;GE;SP2
1910367862;99500012168;;Blindelement DB tk-Logo;GE;SP2
8001413633;99500012187;;Drehgeber2048 BISSC Baumer Konus 3m 2rs;EU;SP5
1910367440;99500012209;;Busmodul BM01 ST Steuerung B&R SPS X20;EU;SP5
1910367441;99500012210;;Einspeisem.PS33 ST Steuer. B&R SPS X20;EU;SP5
1910367443;99500012217;;Notstromversorgung USV 3000 VA;GE;SP1
1910368743;99500012240;;Verlängerungsleitung Lichtgitter l=3,5m;GE;SP1
1910367446;99500012241;;Anschlussleitung Lichtgitter l=2,5m;GE;SP1
1910367450;99500012242;;Lichtgitter 03.G5.B174.TK4 RX+TX;GE;SP1
1910368746;99500012243;;Führungsprofil APD;GE;SP1
1910365589;99500012245;99500012245_L;Einschaltstrombegrenzer 5A 230V;GE;SP1
1910367861;99500012258;;Feldklemmen 24VDC 16-pol. B&R SPS X20;EU;SP5
1910369565;99500012265;;DI X20cSI9100 SI Steuerung B&R SPS X20;GE;SP1
1910369566;99500012278;;DC_DC_WANDLER 24VDC 48VDC/5A;GE;SP2
1910369567;99500012279;;DC_DC_WANDLER 48VDC 24VDC/1A;GE;SP1
1910369568;99500012280;;Optokopplermodul Ue 24Vdc Ua 110Vdc/3A0;GE;SP1
1910368748;99500012284;;ZB Leitung Verlaengerung RJ12 6000mm;GE;SP2
1910365588;99500012312;;Kupplung ST Stecksystem LWL;GE;SP2
1910367459;99500012326;;Sensor APS CEDES SIL3 2xCAN M12A 8pin 5m;GE;SP1
1910367461;99500012352;;Datenkabel QUINT UPS-IQ offene Ende 2m;GE;SP2
1910367482;99500012356;;Leitung LWL OM2 Multimode LC/ST 2m;GE;SP2
8001292861;99500012375;;Drehgeber WDG100 2x4096 3-reihig CT;GE;SP1
1910365587;99500012393;;Leuchte Schrank mit Leitungen;GE;SP1
1910367485;99500012435;;ZB SlimLED Panel 175x175;GE;SP1
1910369569;99500012472;;Ventilator 12W IP55;GE;SP2
1910367486;99500012484;;Lichtgitter 03.G5.FER.B174 RX+TX;GE;SP1
1910367488;99500012485;;Steuergeraet Lichtgitter 03.G5.PWS.FD2;AE;SP6
1910367489;99500012486;;Leitung LWL OM2 Multimode LC/ST 5m;GE;SP2
1910369570;99500012491;;Kabelkanaldeckel ver. 100x3000 m.Drehr.;EU;SP5
1910368754;batch5;8850007381;Türsteuergeraet VF7 CAN TK;GE;SP1
1910368755;99500012506;;"Taster Blueton EN81-70 ""Tuer Zu""";GE;SP1
1910368756;99500012507;;"Taster Blueton EN81-70 ""Tuer Auf""";GE;SP1
1910368757;99500012508;;"Taster Blueton EN81-70 ""Telefon""";GE;SP2
1910368758;99500012509;;"Taster Blueton EN81-70 ""Luefter""";GE;SP2
1910368759;99500012510;;"Taster Blueton EN81-70 ""Alarm"" Gelb 12V";GE;SP1
1910368760;99500012511;;"Taster Blueton EN81-70 ""Pfeil""";GE;SP1
1910368761;99500012512;;"Taster Blueton EN81-70 ""Pfeil Auf/Ab""";GE;SP1
1910368762;99500012513;;"Taster Blueton EN81-70 ""Rollstuhl""";GE;SP2
1910368763;99500012514;;"Taster Blueton EN81-70 ""-5""";GE;SP2
1910368764;99500012515;;"Taster Blueton EN81-70 ""-4""";GE;SP2
1910368765;99500012516;;"Taster Blueton EN81-70 ""-3""";GE;SP2
1910368766;99500012517;;"Taster Blueton EN81-70 ""-2""";GE;SP1
1910368767;99500012518;;"Taster Blueton EN81-70 ""-1""";GE;SP1
1910368768;99500012519;;"Taster Blueton EN81-70 ""0""";GE;SP1
1910368769;99500012520;;"Taster Blueton EN81-70 ""1""";GE;SP1
1910368770;99500012521;;"Taster Blueton EN81-70 ""2""";GE;SP1
1910368771;99500012522;;"Taster Blueton EN81-70 ""3""";GE;SP1
1910368772;99500012523;;"Taster Blueton EN81-70 ""4""";GE;SP1
1910368773;99500012524;;"Taster Blueton EN81-70 ""5""";GE;SP1
1910368774;99500012525;;"Taster Blueton EN81-70 ""6""";GE;SP1
1910368775;99500012526;;"Taster Blueton EN81-70 ""7""";GE;SP1
1910368776;99500012527;;"Taster Blueton EN81-70 ""8""";GE;SP1
1910368777;99500012528;;"Taster Blueton EN81-70 ""9""";GE;SP2
1910368778;99500012529;;"Taster Blueton EN81-70 ""10""";GE;SP2
1910368779;99500012530;;"Taster Blueton EN81-70 ""11""";GE;SP2
1910368780;99500012531;;"Taster Blueton EN81-70 ""12""";GE;SP2
1910368781;99500012532;;"Taster Blueton EN81-70 ""13""";GE;SP1
1910368782;99500012533;;"Taster Blueton EN81-70 ""14""";GE;SP2
1910368783;99500012534;;"Taster Blueton EN81-70 ""15""";GE;SP2
1910368784;99500012535;;"Taster Blueton EN81-70 ""16""";GE;SP2
1910368785;99500012536;;"Taster Blueton EN81-70 ""17""";GE;SP2
1910368786;99500012537;;"Taster Blueton EN81-70 ""18""";GE;SP2
1910368787;99500012538;;"Taster Blueton EN81-70 ""19""";GE;SP2
1910368788;99500012539;;"Taster Blueton EN81-70 ""20""";GE;SP2
1910368789;99500012540;;"Taster Blueton EN81-70 ""21""";GE;SP2
1910368790;99500012541;;"Taster Blueton EN81-70 ""22""";GE;SP2
1910368791;99500012542;;"Taster Blueton EN81-70 ""23""";GE;SP2
1910368792;99500012543;;"Taster Blueton EN81-70 ""24""";GE;SP2
1910368793;99500012544;;"Taster Blueton EN81-70 ""25""";GE;SP2
1910368794;99500012545;;"Taster Blueton EN81-70 ""26""";GE;SP2
1910369571;99500012560;;"Taster Blueton EN81-70 ""A""";GE;SP1
1910369572;99500012561;;"Taster Blueton EN81-70 ""A1""";GE;SP1
1910369573;99500012562;;"Taster Blueton EN81-70 ""A2""";GE;SP1
1910368798;99500012564;;"Taster Blueton EN81-70 ""B""";GE;SP1
1910369574;99500012565;;"Taster Blueton EN81-70 ""B1""";GE;SP1
1910369575;99500012566;;"Taster Blueton EN81-70 ""B2""";GE;SP1
1910369576;99500012577;;"Taster Blueton EN81-70 ""E""";GE;SP1
1910368802;99500012598;;"Taster Blueton EN81-70 ""GF""";GE;SP2
1910369577;99500012612;;"Taster Blueton EN81-70 ""P2""";GE;SP1
1910368804;99500012622;;"Taster Blueton EN81-70 ""U""";GE;SP2
1910369578;99500012664;;LED-Band_1 Strang_1 Schachtlicht V02;GE;SP2
1910368806;99500012672;;Taster STEP EN81-70 Blau Kommission;GE;SP2
1910368807;99500012673;;Taster STEP EN81-70 Blau Neutral;GE;SP1
1910368808;99500012674;;"Taster STEP EN81-70 Blau ""0""";GE;SP1
1910368809;99500012675;;"Taster STEP EN81-70 Blau ""1""";GE;SP1
1910368810;99500012676;;"Taster STEP EN81-70 Blau ""2""";GE;SP1
1910368811;99500012677;;"Taster STEP EN81-70 Blau ""3""";GE;SP1
1910368812;99500012678;;"Taster STEP EN81-70 Blau ""4""";GE;SP1
1910368813;99500012679;;"Taster STEP EN81-70 Blau ""5""";GE;SP1
1910368814;99500012680;;"Taster STEP EN81-70 Blau ""6""";GE;SP1
1910368815;99500012681;;"Taster STEP EN81-70 Blau ""7""";GE;SP1
1910368816;99500012682;;"Taster STEP EN81-70 Blau ""8""";GE;SP1
1910368817;99500012683;;"Taster STEP EN81-70 Blau ""9""";GE;SP1
1910368818;99500012684;;"Taster STEP EN81-70 Blau ""10""";GE;SP2
1910368819;99500012685;;"Taster STEP EN81-70 Blau ""11""";GE;SP2
1910368820;99500012686;;"Taster STEP EN81-70 Blau ""12""";GE;SP2
1910368821;99500012687;;"Taster STEP EN81-70 Blau ""13""";GE;SP2
1910368822;99500012688;;"Taster STEP EN81-70 Blau ""14""";GE;SP2
1910368823;99500012689;;"Taster STEP EN81-70 Blau ""15""";GE;SP2
1910368824;99500012690;;"Taster STEP EN81-70 Blau ""16""";GE;SP2
1910368825;99500012691;;"Taster STEP EN81-70 Blau ""17""";GE;SP2
1910368826;99500012693;;"Taster STEP EN81-70 Blau ""18""";GE;SP2
1910368827;99500012694;;"Taster STEP EN81-70 Blau ""19""";GE;SP2
1910368828;99500012695;;"Taster STEP EN81-70 Blau ""20""";GE;SP2
1910368829;99500012696;;"Taster STEP EN81-70 Blau ""21""";GE;SP2
1910368830;99500012697;;"Taster STEP EN81-70 Blau ""22""";GE;SP2
1910368831;99500012698;;"Taster STEP EN81-70 Blau ""23""";GE;SP2
1910368832;99500012699;;"Taster STEP EN81-70 Blau ""24""";GE;SP2
1910368833;99500012700;;"Taster STEP EN81-70 Blau ""25""";GE;SP2
1910368834;99500012701;;"Taster STEP EN81-70 Blau ""26""";GE;SP2
1910368835;99500012702;;"Taster STEP EN81-70 Blau ""-1""";GE;SP1
1910368836;99500012703;;"Taster STEP EN81-70 Blau ""-2""";GE;SP1
1910368837;99500012704;;"Taster STEP EN81-70 Blau ""-3""";GE;SP1
1910368838;99500012705;;"Taster STEP EN81-70 Blau ""-4""";GE;SP1
1910368839;99500012706;;"Taster STEP EN81-70 Blau ""-5""";GE;SP2
1910368840;99500012712;;"Taster STEP EN81-70 Blau ""Pfeil""";GE;SP1
1910368841;99500012713;;"Taster STEP EN81-70 Blau ""Pfeil auf/ab""";GE;SP1
1910368842;99500012728;;"Taster STEP EN81-70 Blau ""Tür zu""";GE;SP1
1910368843;99500012729;;"Taster STEP EN81-70 Blau ""Tür auf""";GE;SP1
1910368844;99500012736;;"Taster STEP EN81-70 Blau ""E0""";GE;SP1
1910368845;99500012737;;"Taster STEP EN81-70 Blau ""E1""";GE;SP1
1910368846;99500012738;;"Taster STEP EN81-70 Blau ""E2""";GE;SP1
1910368847;99500012739;;"Taster STEP EN81-70 Blau ""E3""";GE;SP2
1910368848;99500012752;;"Taster STEP EN81-70 Blau ""K""";GE;SP2
1910368849;99500012771;;"Taster STEP EN81-70 Blau ""U""";GE;SP1
1910368850;99500012772;;"Taster STEP EN81-70 Blau ""U1""";GE;SP1
1910368851;99500012773;;"Taster STEP EN81-70 Blau ""U2""";GE;SP1
1910368852;99500012774;;"Taster STEP EN81-70 Blau ""UG""";GE;SP1
1910368853;99500012775;;"Taster STEP EN81-70 Blau ""Ventilator""";GE;SP1
1910368854;99500012790;;"Taster STEP EN81-70 ""Alarm"" 12V 1OE/1S";GE;SP1
1910368855;99500012791;;Taster STEP EN81-70 Rot Kommission;GE;SP2
1910368856;99500012792;;Taster STEP EN81-70 Rot Neutral;GE;SP1
1910368857;99500012793;;"Taster STEP EN81-70 Rot ""0""";GE;SP1
1910368858;99500012794;;"Taster STEP EN81-70 Rot ""1""";GE;SP1
1910368859;99500012795;;"Taster STEP EN81-70 Rot ""2""";GE;SP1
1910368860;99500012796;;"Taster STEP EN81-70 Rot ""3""";GE;SP1
1910368861;99500012797;;"Taster STEP EN81-70 Rot ""4""";GE;SP1
1910368862;99500012798;;"Taster STEP EN81-70 Rot ""5""";GE;SP1
1910368863;99500012799;;"Taster STEP EN81-70 Rot ""6""";GE;SP1
1910368864;99500012800;;"Taster STEP EN81-70 Rot ""7""";GE;SP2
1910368865;99500012801;;"Taster STEP EN81-70 Rot ""8""";GE;SP2
1910368866;99500012802;;"Taster STEP EN81-70 Rot ""9""";GE;SP2
1910368867;99500012803;;"Taster STEP EN81-70 Rot ""10""";GE;SP2
1910368868;99500012804;;"Taster STEP EN81-70 Rot ""11""";GE;SP2
1910368869;99500012805;;"Taster STEP EN81-70 Rot ""12""";GE;SP2
1910368870;99500012806;;"Taster STEP EN81-70 Rot ""13""";GE;SP2
1910368871;99500012807;;"Taster STEP EN81-70 Rot ""14""";GE;SP2
1910368872;99500012808;;"Taster STEP EN81-70 Rot ""15""";GE;SP2
1910368873;99500012809;;"Taster STEP EN81-70 Rot ""16""";GE;SP2
1910368874;99500012810;;"Taster STEP EN81-70 Rot ""17""";GE;SP2
1910368875;99500012811;;"Taster STEP EN81-70 Rot ""18""";GE;SP2
1910368876;99500012812;;"Taster STEP EN81-70 Rot ""19""";GE;SP2
1910368877;99500012813;;"Taster STEP EN81-70 Rot ""20""";GE;SP2
1910368878;99500012814;;"Taster STEP EN81-70 Rot ""21""";GE;SP2
1910368879;99500012815;;"Taster STEP EN81-70 Rot ""22""";GE;SP2
1910368880;99500012816;;"Taster STEP EN81-70 Rot ""23""";GE;SP2
1910368881;99500012817;;"Taster STEP EN81-70 Rot ""24""";GE;SP2
1910368882;99500012818;;"Taster STEP EN81-70 Rot ""25""";GE;SP2
1910368883;99500012819;;"Taster STEP EN81-70 Rot ""26""";GE;SP2
1910368884;99500012820;;"Taster STEP EN81-70 Rot ""-1""";GE;SP1
1910368885;99500012821;;"Taster STEP EN81-70 Rot ""-2""";GE;SP1
1910368886;99500012822;;"Taster STEP EN81-70 Rot ""-3""";GE;SP1
1910368887;99500012823;;"Taster STEP EN81-70 Rot ""-4""";GE;SP2
1910368888;99500012824;;"Taster STEP EN81-70 Rot ""-5""";GE;SP2
1910368889;99500012851;;"Taster STEP EN81-70 Rot ""E""";GE;SP1
1910368890;99500012853;;"Taster STEP EN81-70 Rot ""E1""";GE;SP1
1910368891;99500012854;;"Taster STEP EN81-70 Rot ""E2""";GE;SP1
1910368892;99500012866;;"Taster STEP EN81-70 Rot ""K""";GE;SP1
1910368893;99500012873;;"Taster STEP EN81-70 Rot ""P""";GE;SP2
1910368894;99500012874;;"Taster STEP EN81-70 Rot ""P1""";GE;SP2
1910368895;99500012875;;"Taster STEP EN81-70 Rot ""P2""";GE;SP2
1910368896;99500012885;;"Taster STEP EN81-70 Rot ""U""";GE;SP1
1910368897;99500012886;;"Taster STEP EN81-70 Rot ""U1""";GE;SP2
1910368898;99500012887;;"Taster STEP EN81-70 Rot ""U2""";GE;SP2
1910368899;99500012888;;"Taster STEP EN81-70 Rot ""UG""";GE;SP2
1910368900;99500012889;;"Taster STEP EN81-70 Rot ""Ventilator""";GE;SP1
1910367491;99500012906;;CCR TWN4 MultiTech 2 BLE Einbau Var.;EU;SP5
1910367492;99500012907;;CCR TWN4 MultiTech 2 BLE Desktop Var.;EU;SP5
1910367493;99500012909;;Spannungsversorgung CCR 24V-5V;EU;SP5
1910367494;99500012915;;NPort IA5250A Moxa (LACS);EU;SP5
1910369579;99500012928;;Mikrofon Blueton EN81-70 Rund;EU;SP5
1910368904;99500012933;;Blindelement Blueton EN81-70 Schwarz;GE;SP1
1910368905;99500012934;;Blindelement Blueton EN81-70 Sch. Löcher;GE;SP1
1910367495;99500012936;;Schluesselblende Blueton EN81-70 o. LED;GE;SP2
1910367497;99500012937;;ZB Schlüsselblende Blueton EN81-70 m.LED;GE;SP2
1910368907;99500012938;;Blindelement STEP EN81-70 Löcher;EU;SP5
1910368908;99500012939;;Blindelement STEP EN81-70;GE;SP1
1910368909;99500012947;;"Taster VB-02 EN81-70 blau ""Tuer zu""";GE;SP1
1910368910;99500012948;;"Taster VB-02 EN81-70 blau ""Tuer auf""";GE;SP1
1910368911;99500012949;;"Taster VB-02 EN81-70 blau ""Telefon""";GE;SP1
1910368912;99500012950;;"Taster VB-02 EN81-70 blau ""Luefter""";GE;SP1
1910368913;99500012951;;"Taster VB-02 EN81-70 gelb ""Alarm"" 12V";GE;SP1
1910368914;99500012952;;"Taster VB-02 EN81-70 blau ""Pfeil""";GE;SP1
1910368915;99500012953;;"Taster VB-02 EN81-70 blau ""Pfeil auf/ab""";GE;SP1
1910368916;99500012954;;"Taster VB-02 EN81-70 blau ""Rollstuhl""";GE;SP2
1910368917;99500012955;;"Taster VB-02 EN81-70 blau ""-5""";GE;SP2
1910368918;99500012956;;"Taster VB-02 EN81-70 blau ""-4""";GE;SP2
1910368919;99500012957;;"Taster VB-02 EN81-70 blau ""-3""";GE;SP2
1910368920;99500012958;;"Taster VB-02 EN81-70 blau ""-2""";GE;SP2
1910368921;99500012959;;"Taster VB-02 EN81-70 blau ""-1""";GE;SP1
1910368922;99500012960;;"Taster VB-02 EN81-70 blau ""0""";GE;SP1
1910368923;99500012961;;"Taster VB-02 EN81-70 blau ""1""";GE;SP1
1910368924;99500012962;;"Taster VB-02 EN81-70 blau ""2""";GE;SP1
1910368925;99500012963;;"Taster VB-02 EN81-70 blau ""3""";GE;SP1
1910368926;99500012964;;"Taster VB-02 EN81-70 blau ""4""";GE;SP1
1910368927;99500012965;;"Taster VB-02 EN81-70 blau ""5""";GE;SP1
1910368928;99500012966;;"Taster VB-02 EN81-70 blau ""6""";GE;SP2
1910368929;99500012967;;"Taster VB-02 EN81-70 blau ""7""";GE;SP2
1910368930;99500012968;;"Taster VB-02 EN81-70 blau ""8""";GE;SP1
1910368931;99500012969;;"Taster VB-02 EN81-70 blau ""9""";GE;SP2
1910368932;99500012970;;"Taster VB-02 EN81-70 blau ""10""";GE;SP2
1910368933;99500012971;;"Taster VB-02 EN81-70 blau ""11""";GE;SP2
1910368934;99500012972;;"Taster VB-02 EN81-70 blau ""12""";GE;SP2
1910368935;99500012973;;"Taster VB-02 EN81-70 blau ""13""";GE;SP2
1910368936;99500012974;;"Taster VB-02 EN81-70 blau ""14""";GE;SP2
1910368937;99500012975;;"Taster VB-02 EN81-70 blau ""15""";GE;SP2
1910368938;99500012976;;"Taster VB-02 EN81-70 blau ""16""";GE;SP2
1910368939;99500012977;;"Taster VB-02 EN81-70 blau ""17""";GE;SP2
1910368940;99500012978;;"Taster VB-02 EN81-70 blau ""18""";GE;SP2
1910368941;99500012979;;"Taster VB-02 EN81-70 blau ""19""";GE;SP2
1910368942;99500012980;;"Taster VB-02 EN81-70 blau ""20""";GE;SP2
1910368943;99500012981;;"Taster VB-02 EN81-70 blau ""21""";GE;SP2
1910368944;99500012982;;"Taster VB-02 EN81-70 blau ""22""";GE;SP2
1910368945;99500012983;;"Taster VB-02 EN81-70 blau ""23""";GE;SP2
1910368946;99500012984;;"Taster VB-02 EN81-70 blau ""24""";GE;SP2
1910368947;99500012985;;"Taster VB-02 EN81-70 blau ""25""";GE;SP2
1910368948;99500012986;;"Taster VB-02 EN81-70 blau ""26""";GE;SP2
1910368949;99500013018;;"Taster VB-02 EN81-70 blau ""E""";GE;SP1
1910368950;99500013020;;"Taster VB-02 EN81-70 blau ""E1""";GE;SP2
1910368951;99500013021;;"Taster VB-02 EN81-70 blau ""E2""";GE;SP2
1910368952;99500013023;;"Taster VB-02 EN81-70 blau ""EG""";GE;SP2
1910368953;99500013033;;"Taster VB-02 EN81-70 blau ""K""";GE;SP1
1910368954;99500013040;;"Taster VB-02 EN81-70 blau ""P""";GE;SP2
1910368955;99500013041;;"Taster VB-02 EN81-70 blau ""P1""";GE;SP2
1910368956;99500013042;;"Taster VB-02 EN81-70 blau ""P2""";GE;SP2
1910368957;99500013052;;"Taster VB-02 EN81-70 blau ""U""";GE;SP2
1910368958;99500013053;;"Taster VB-02 EN81-70 blau ""U1""";GE;SP1
1910368959;99500013054;;"Taster VB-02 EN81-70 blau ""U2""";GE;SP1
1910368960;99500013055;;"Taster VB-02 EN81-70 blau ""UG""";GE;SP2
1910368961;99500013061;;"Taster VB-02 EN81-70 weiss ""Tuer zu""";GE;SP1
1910368962;99500013062;;"Taster VB-02 EN81-70 weiss ""Tuer auf""";GE;SP1
1910368963;99500013063;;"Taster VB-02 EN81-70 weiss ""Telefon""";GE;SP1
1910368964;99500013064;;"Taster VB-02 EN81-70 weiss ""Luefter""";GE;SP1
1910368965;99500013066;;"Taster VB-02 EN81-70 weiss ""Pfeil""";GE;SP1
1910368966;99500013067;;"Taster VB-02 EN81-70 weiss ""Pfeil auf/ab";GE;SP1
1910368967;99500013068;;"Taster VB-02 EN81-70 weiss ""Rollstuhl""";GE;SP2
1910368968;99500013069;;"Taster VB-02 EN81-70 weiss ""-5""";GE;SP2
1910368969;99500013070;;"Taster VB-02 EN81-70 weiss ""-4""";GE;SP2
1910368970;99500013071;;"Taster VB-02 EN81-70 weiss ""-3""";GE;SP2
1910368971;99500013072;;"Taster VB-02 EN81-70 weiss ""-2""";GE;SP1
1910368972;99500013073;;"Taster VB-02 EN81-70 weiss ""-1""";GE;SP1
1910368973;99500013074;;"Taster VB-02 EN81-70 weiss ""0""";GE;SP1
1910368974;99500013075;;"Taster VB-02 EN81-70 weiss ""1""";GE;SP1
1910368975;99500013076;;"Taster VB-02 EN81-70 weiss ""2""";GE;SP1
1910368976;99500013077;;"Taster VB-02 EN81-70 weiss ""3""";GE;SP1
1910368977;99500013078;;"Taster VB-02 EN81-70 weiss ""4""";GE;SP1
1910368978;99500013079;;"Taster VB-02 EN81-70 weiss ""5""";GE;SP1
1910368979;99500013080;;"Taster VB-02 EN81-70 weiss ""6""";GE;SP1
1910368980;99500013081;;"Taster VB-02 EN81-70 weiss ""7""";GE;SP1
1910368981;99500013082;;"Taster VB-02 EN81-70 weiss ""8""";GE;SP1
1910368982;99500013083;;"Taster VB-02 EN81-70 weiss ""9""";GE;SP1
1910368983;99500013084;;"Taster VB-02 EN81-70 weiss ""10""";GE;SP1
1910368984;99500013085;;"Taster VB-02 EN81-70 weiss ""11""";GE;SP1
1910368985;99500013086;;"Taster VB-02 EN81-70 weiss ""12""";GE;SP1
1910368986;99500013087;;"Taster VB-02 EN81-70 weiss ""13""";GE;SP1
1910368987;99500013088;;"Taster VB-02 EN81-70 weiss ""14""";GE;SP1
1910368988;99500013089;;"Taster VB-02 EN81-70 weiss ""15""";GE;SP2
1910368989;99500013090;;"Taster VB-02 EN81-70 weiss ""16""";GE;SP2
1910368990;99500013091;;"Taster VB-02 EN81-70 weiss ""17""";GE;SP2
1910368991;99500013092;;"Taster VB-02 EN81-70 weiss ""18""";GE;SP2
1910368992;99500013093;;"Taster VB-02 EN81-70 weiss ""19""";GE;SP2
1910368993;99500013094;;"Taster VB-02 EN81-70 weiss ""20""";GE;SP2
1910368994;99500013095;;"Taster VB-02 EN81-70 weiss ""21""";GE;SP2
1910368995;99500013096;;"Taster VB-02 EN81-70 weiss ""22""";GE;SP2
1910368996;99500013097;;"Taster VB-02 EN81-70 weiss ""23""";GE;SP2
1910368997;99500013098;;"Taster VB-02 EN81-70 weiss ""24""";GE;SP2
1910368998;99500013099;;"Taster VB-02 EN81-70 weiss ""25""";GE;SP2
1910368999;99500013100;;"Taster VB-02 EN81-70 weiss ""26""";GE;SP2
1910369000;99500013127;;"Taster VB-02 EN81-70 weiss ""E""";GE;SP1
1910369001;99500013129;;"Taster VB-02 EN81-70 weiss ""E1""";GE;SP2
1910369002;99500013130;;"Taster VB-02 EN81-70 weiss ""E2""";GE;SP2
1910369003;99500013132;;"Taster VB-02 EN81-70 weiss ""EG""";GE;SP1
1910369004;99500013142;;"Taster VB-02 EN81-70 weiss ""K""";GE;SP1
1910369005;99500013143;;"Taster VB-02 EN81-70 weiss ""KG""";GE;SP2
1910369006;99500013149;;"Taster VB-02 EN81-70 weiss ""P""";GE;SP2
1910369007;99500013150;;"Taster VB-02 EN81-70 weiss ""P1""";GE;SP2
1910369008;99500013151;;"Taster VB-02 EN81-70 weiss ""P2""";GE;SP2
1910369009;99500013161;;"Taster VB-02 EN81-70 weiss ""U""";GE;SP1
1910369010;99500013164;;"Taster VB-02 EN81-70 weiss ""UG""";GE;SP2
1910369011;99500013169;;"Taster VB-02 EN81-70 weiss ""ZG""";GE;SP2
1910369012;99500013170;;"Taster VB-02 EN81-70 weiss ""zwei Pfeile""";GE;SP1
1910369013;99500013171;;"Taster VB-02 EN81-70 weiss ""Ladezeit""";GE;SP1
1910369014;99500013172;;Taster VB-02 EN81-70 weiss Kommission;GE;SP2
1910369015;99500013173;;Taster VB-02 EN81-70 weiss ohne Beschr.;GE;SP1
1910369580;99500013181;;Taster VB-02 EN81-70 blau Kommission;GE;SP2
1910369017;99500013182;;Taster VB-02 EN81-70 blau ohne Beschr.;GE;SP1
1910367501;99500013199;;Rahmen 5mm grün VB-02;EU;SP5
1910367868;99500013206;;Patchkabel MAX RJ45 SF/UTP Cat5e 5m;GE;SP1
1910367869;99500013207;;Patchkabel MAX RJ45 SF/UTP Cat5e 15m;GE;SP1
1910369581;99500013227;;Leistungsschuetz 18A 3H 1S 1OE 24VDC;GE;SP1
1910367502;99500013237;;ZB SlimLED Panel 595x595 Notbeleuchtung;GE;SP1
1910367503;99500013263;;ZB Box Clone CF Karte u. Betätig_Sperre;EU;SP5
1910367504;99500013266;;Notstromversorgung USV 4000 VA;GE;SP1
1910367510;99500013274;;Leitung LWL OM2 Multimode LC/ST 10m;EU;SP5
1910367513;99500013275;;Leitung LWL OM2 Multimode LC/ST 3m;EU;SP5
1910365586;99500013287;;CANbridge NT Hutschienengehaeuse;GE;SP2
1910365585;99500013301;;Relaishalterung RIF-RHM-1 Draht;GE;SP1
1910369582;99500013329;;Flachsteckhülse 6,3x0,8MM volliso. YE;GE;SP2
1910367519;99500013341;;Leistungsschütz LC1-25A 4H/1S/1OE 220VDC;GE;SP2
1910367523;99500013360;;Sicherungssockel 1-polig 14x51;EU;SP5
1910367527;99500013369;;Relais PLC 230VUC 1W 6A SO46;GE;SP1
1910369611;99500013375;;Geblaese EBM VHS0140X2MGZ mit Filter;EU;SP5
8001360455;99500013376;;Kondensator 4µF;GE;SP2
8001292862;99500013379;;Drehgeber WDG100H-38 2048 TTL 3m;GE;SP1
1910369583;99500013383;;EasyGate LTE IP-Gateway o. Modem;EU;SP5
1910367529;99500013394;;EasyGate LTE IP-Gateway m. Modem;GE;SP1
1910561515;99500013410;;LED-Röhre T8,600mm,warmton,3000K;GE;SP1
1910561516;99500013411;;LED-Röhre T8,600mm,Tageslicht,4000K;GE;SP1
1910561517;99500013412;;LED-Röhre T8,1200mm,warmton,3000K;GE;SP1
1910561518;99500013413;;LED-Röhre T8,1200mm, Tageslicht,4000K;GE;SP1
1910561519;99500013414;;LED-Röhre T8,1500mm,warmton,3000K;GE;SP1
1910561520;99500013415;;LED-Röhre T8,1500mm, Tageslicht,4000K;GE;SP1
1910561521;99500013416;;LED-Röhre T9,Ring, D=300mm,Tageslicht,;GE;SP1
1910561522;99500013417;;LED-Röhre T9,Ring, D=400mm,Tageslicht,;GE;SP1
1910369026;99500013485;;"Taster STEP EN81-70 Blau ""E4""";GE;SP2
1910564198;99500013514;;Leistungsschütz LC1-12A 4H/1S/1OE 220VDC;GE;SP1
1910564199;99500013540;;Axiallüfter 110-240VAC 50-60Hz;GE;SP1
1910580491;99500013544;;Türsteuergerät Fermator VF7+ CAN LC;GE;SP1
1910369584;99500013562;;Endschalter IN73-11 AVGU RO50;GE;SP1
1910209203;99800000005;;Gegenrolle für ECD;GE;SP1
1910367533;99800000006;;Führungsschuh;GE;SP1
1910367534;99800000007;;Türblattbegrenzer;GE;SP1
1910367535;99800000008;;Zugfeder;GE;SP1
1910208941;99800000011;;Laufrolle mit Seilrille Span.;GE;SP1
1910208942;99800000012;;Laufrolle D=68mm;GE;SP1
1910367882;99800000014;;Schwelle rechts 900;EU;SP5
1910208943;99800000019;;Zusatzverriegelung links;AE;SP6
1910208944;99800000021;;Laufrolle für Gehänge;GE;SP1
1910367536;99800000022;;Türantrieb mit Gehänge rechts 900;GE;SP1
1910208945;99800000023;;Schwert li. Span.1011966601;GE;SP2
1910364349;99800000024;;Türverriegelung VF08 Teleskop;GE;SP2
1910369033;99800000025;;Schwert re. Span. 1011967701;GE;SP1
1910367538;99800000029;;Führungsschuh Set;EU;SP5
1910369035;99800000030;;Buchse für Laufrolle;GE;SP1
1910367539;99800000031;;Flansch;EU;SP5
1910564057;99800000032;;Gehänge 800;AE;SP6
1910564058;99800000034;;Schwelle 800;AE;SP6
1910367540;99800000036;;Gehänge P02-C 900;EU;SP5
1910367887;99800000037;;Zugfeder P02-C 800/900;GE;SP1
1910369039;99800000038;;Laufrollen Set P02-C;GE;SP2
1910208946;99800000040;;Hakenriegel P02-C;EU;SP5
1910367541;99800000042;;Zahnriemen VF08 P800;EU;SP5
1910208947;99800000043;;Zahnriemen VF08 P900;GE;SP1
1910369041;99800000046;;Schwert VF08-C;GE;SP1
1910209205;99800000048;;Lichtvorhang;GE;SP1
1910367542;99800000049;;Puffer 300.401A;GE;SP1
1910367543;99800000050;;ZB Standanzeige IP-7;GE;SP1
1910367546;99800000051;;Steckschlüssel;GE;SP1
1910208949;99800000053;;Deckplatte unten S1;GE;SP2
1910208950;99800000055;;ZB Leiterplatte UCC2;GE;SP1
1910208951;99800000056;;Adapterplatte;EU;SP5
1910208952;99800000057;;ZB Leiterplatte UCP+;GE;SP1
1910209206;99800000058;;Stecker Set für CMC4+;GE;SP1
1910208953;99800000059;;ZB Leiterplatte UBC;EU;SP5
1910367547;99800000060;;ZB Leiterplatte UCO;GE;SP1
1910208954;99800000061;;ZB Leiterplatte DMC;GE;SP1
1910208955;99800000062;;ZB Leiterplatte UBV;EU;SP5
1910208956;99800000063;;ZB Leiterplatte BPP+;GE;SP1
1910208957;99800000064;;ZB Leiterplatte VTH3;EU;SP5
1910208958;99800000065;;ZB Tasterplatine BMC-3A;GE;SP1
1910208959;99800000066;;ZB Tasterplatine BMC-3;GE;SP1
1910208960;99800000067;;Lichtvorhang 03 . 05 . CL 174;EU;SP5
1910208961;99800000069;;Notstromversorgung 800VA;GE;SP1
1910367548;99800000071;;Bremswiderstand 63R 1500W;GE;SP2
1910367549;99800000072;;Begrenzer SGN-200 Vn 1m/s;GE;SP2
1910367550;99800000073;;Magnet 40mm;GE;SP1
1910208963;99800000074;;Positionsmodul;GE;SP1
1910367551;99800000075;;Sensor load 2600 kg;GE;SP1
1910367552;99800000076;;Schmieraparat;GE;SP2
1910369050;99800000105;;Trafo 0V-16V-230V;EU;SP5
1910209207;99800000106;;Sensorkit DMC;GE;SP1
1910208977;99800000107;;Türantriebskarte VF08;GE;SP1
1910209208;99800000108;;Stromversorgung  Matnr. Span.: 10099902;GE;SP1
1910208978;99800000109;;Leuchte 6W 230V;GE;SP1
1910208979;99800000110;;Lichttaster CT-10;AE;SP6
1910369051;99800000111;;Alarmtasterplatine PB3A;GE;SP1
1910208980;99800000112;;Teleserviceplatine ILT;EU;SP5
1910367553;99800000113;;Microfonkarte 1PM1;GE;SP1
1910367554;99800000114;;Lautsprecherkarte 1PA1;EU;SP5
1910367555;99800000115;;Summer BMC;EU;SP5
1910208981;99800000116;;ZB Leiterplatte UBA2;GE;SP1
1910208982;99800000117;;ZB Leiterplatte UCV;EU;SP5
1910208983;99800000118;;ZB Leiterplatte UCM2;GE;SP1
1910208984;99800000119;;Türantrieb VF-08;GE;SP1
1910209209;99800000120;;Schloss mit Schlüssel;GE;SP1
1910208985;99800000121;;AMA Leiterplatte;AE;SP6
1910208986;99800000122;;Leiterplatte IMC;EU;SP5
1910208987;99800000123;;Zahnriemenklemme OP-14;GE;SP1
1910369055;99800000125;;Schwert zentral;EU;SP5
1910369056;99800000126;;Schwert li.Span. 1012568201;GE;SP2
1910208988;99800000127;;Schwert re. Span.1012568301;GE;SP2
1910367558;99800000128;;Zahnrolle für Türantrieb;GE;SP1
1910208989;99800000129;;Zahnriemen 700mm;GE;SP2
1910208990;99800000130;;Zahnriemen 800mm;GE;SP1
1910208991;99800000131;;Zahnriemen 900mm;GE;SP1
1910369057;99800000133;;schmales Schwert links;EU;SP5
1910369058;99800000134;;schmales Schwert rechts;EU;SP5
1910369059;99800000135;;Hebel für Schwert;GE;SP1
1910367559;99800000139;;Schlüsseltaster;GE;SP1
1910208993;99800000146;;ZB Tasterplatine BMC-4;GE;SP2
1910208994;99800000147;;ZB Tasterplatine BMC-4A;GE;SP1
1910367560;99800000148;;Magnetschalter CMS-CMB singel;GE;SP1
1910369062;99800000149;;ZB Leiterplatte Vacon NX OPTBE;GE;SP1
1910208995;99800000150;;Türantriebsplatine TK-DOD +I/O;GE;SP1
1910208996;99800000151;;Türantriebsplatine TK-DOD ECOR;GE;SP1
1910208997;99800000152;;Schlüssel für SO5;GE;SP2
1910208998;99800000153;;Schlüssel JMA;GE;SP1
1910369063;99800000156;;ZB Schwertverriegelung links;EU;SP5
1910369129;99820140;"0099820140; 0099820140_L";IC DIG EPROM 27C256 DIP28;GE;SP1
1910363957;9998090057;;Fuehrungswinkel für Tür MAN;EU;SP5
1910363959;9998100001;;Gummipuffer Form20291;AE;SP6
1910363960;9998300001;;Drahtspiegelglas 120x620x8;GE;SP2
1910208093;9998320007;;Schmierfilzeinlage 5,5;AE;SP6
1910363965;9998320010;;Schmierapparat 5,5;GE;SP1
1910363973;9998320011;;Schmierapparat 9,5;GE;SP1
1910363974;9998320012;;Schmierapparat 16,5;GE;SP1
1910208094;9998320067;;Filzstreifen;GE;SP1
1910208095;9998400007;9998400007_L;Getriebeoel Optigear;GE;SP1
1910208096;9998400008;;Schienenoel Spezial MAN 101 / RSL22;GE;SP1
1910208097;9998400009;;Schmieroel MAN Renolin B15 / RSL46;GE;SP1
1910208098;9998620034;;Türschliesser ATS400;GE;SP1
1910363975;9998620039;;Türschliesser ATS600K;EU;SP5
1910363977;9998620052;;Türdämpfer Ratgeber ZDH50;GE;SP2
1910363979;9998620061;;Moebelzylinder 572 HP 29248;GE;SP1
1910208099;9998620062;;Moebelzylinder 572 HP 29249;EU;SP5
1910363981;9998620063;;Türdämpfer Duo 3070F;GE;SP1
1910363982;9998622005;;Sicherungszylinderschloss 4906G/EZ;EU;SP5
1910363983;9998680013;;Buchse MB 1220 DU;EU;SP5
1910369075;9998710020;;Tellerfeder 21,8x12,3x0,35;EU;SP5
1910364495;9998710092;;Zugfeder Z-087;AE;SP6
1910363984;9998730002;;Pendelrolle fuer Regler;GE;SP1
1910564200;9998730005;;Fuehrungsrolle RD 100x30;AE;SP6
1910364497;9998730006;;Fuehrungsrolle G;GE;SP1
1910363985;9998730009;;Pendelrolle fuer Regler 52;GE;SP1
1910208100;9998730015;;Fuehrungsrolle 11A-ELSCO;GE;SP1
1910369613;9998740007;;Drahtseil 3x160 Blank;EU;SP5
1910369082;9998740020;;Drahtseil 2mm Dieppa A59;GE;SP1
1910208101;9998910004;;Richtungspfeil 100*30;GE;SP1
1910364515;9998930048;;Spannstift 3*14;EU;SP5
1910208102;9998940016;;Ripp Schraube M 8x16-8.8;EU;SP5
1910209177;9998940020;;Sperrzahnschraube M6x12;EU;SP5
1910564201;9998940050;;Sperrzahnschraube M6x20 8.8;AE;SP6
1910208103;9998940286;;Senkschraube M5x20;AE;SP6
1910363986;9998960005;;Sperrzahnmutter M 8-8;GE;SP2
1910364516;9998970039;;Sicherungsring 80x2,5;GE;SP1
1910208104;9999092003;;Notschlüssel für Notentriegelung;GE;SP1
1910208105;9999092059;;Seilrolle für Schiebetüre;GE;SP2
1910208106;9999092069;;Seilrolle RD 42*8;EU;SP5
1910369086;9999092095;;Kupplungsbolzen GR.1;GE;SP1
1910364518;9999092099;;Abdeckung fuer Notentriegelung;GE;SP1
1910208107;9999092110;;Seilspanner SE2/L/H;GE;SP1
1910208108;9999092119;;Rolle mit Achse;AE;SP6
1910208109;9999092225;;Rollenhebel mit Rolle;GE;SP1
1910208111;9999092874;;Rollenhaenger 2;GE;SP1
1910208112;9999112256;;Ausgleichsblech 45/1;GE;SP1
1910208113;9999112257;;Ausgleichsblech 45/3;GE;SP1
1910208114;9999132086;;Fuehrungsschuheinlage 25x5x150 ( Topco );GE;SP1
1910208115;9999132087;;Fuehrungsschuheinlage 100x25x5mm;GE;SP1
1910208116;9999132088;;Fuehrungsschuheinlage 20x5x100mm;GE;SP1
1910564208;9999302003;;Drahtspiegelglas 150x6-7x650;EU;SP5
1910564209;9999302017;;Drahtspiegelglas 150x6-7x350;EU;SP5
1910364519;9999312006;;Trittschiene für Schiebetür;EU;SP5
1910364522;9999312007;;Laufschiene für Schiebetür;GE;SP2
1910364507;9999312217;;Türgriff 2D/BO/KL;EU;SP5
1910363988;9999322001;;Puffer Nr.1 1001;GE;SP1
1910363990;9999322002;;Puffer Nr.2 1251;GE;SP1
1910363992;9999322004;;Puffer Nr.4 2201;GE;SP1
1910363993;9999322005;;Puffer Nr.11 1002;GE;SP1
1910364001;9999322007;;Puffer Nr.13 1652;GE;SP1
1910364002;9999322008;;Puffer Nr.14 2202;GE;SP1
1910364508;9999322009;;Schaltfahne 0,5*80*200;EU;SP5
1910208117;9999322033;;Rasterkurve für Schiebetür;GE;SP1
1910364509;9999322057;;Gummiring 34 Kuppl. Gr.1;GE;SP1
1910364510;9999322058;;Gummiring 49 Kuppl GR.2;EU;SP5
1910364511;9999322059;;Gummiring 54 Kuppl. GR.3;EU;SP5
1910208118;9999322076;;Kupplungsstueck;GE;SP1
1910364512;9999322098;;Gummiring RD15 6x2,5;EU;SP5
1910364006;9999322101;;Puffer Nr.0,5 0801;GE;SP1
1910364008;9999322109;;Puffer Nr.10 1002-0;GE;SP2
1910208119;9999322124;;Einlage 9,0/29x30x140;GE;SP1
1910208120;9999322125;;Einlage 16/ 29x30x140;GE;SP1
1910208121;9999322152;;Kettenreiter fuer Kette;AE;SP6
1910208122;9999322172;;Kopierwerk Trommel 300x222;EU;SP5
1910364010;9999322187;;Gummistopfen TKSPN mit Loch;AE;SP6
1910364012;9999322188;;Gummistopfen TKSPN ohne Loch;EU;SP5
1910369108;9999322209;;Rollenkern 30/HR2;AE;SP6
1910364013;9999322229;;Gleiter L/-4/-5;GE;SP1
1910364015;9999322239;;Gleitschuh SVS/K/B;EU;SP5
1910364520;9999322268;;Gummiring 22 TK-F;AE;SP6
1910364521;9999322272;;Gummiring 32 HR2;EU;SP5
1910208123;9999602003;;ZB Bremshebel BR180;EU;SP5
1910208124;9999602006;;ZB Bremshebel BR320-E;EU;SP5
1910364533;9999622021;;Kantriegel;EU;SP5
1910364523;9999672061;;Türlager O.RE F.1DE;EU;SP5
1910364534;9999672062;;Türlager O.LI.F.1DE;AE;SP6
1910364526;9999702009;;Türknopf RD50x51;AE;SP6
1910364016;9999712004;;Gummipuffer RD12 22;GE;SP1
1910208126;9999712018;;Druckfeder 126x20x6,3;EU;SP5
1910208127;9999712020;;Druckfeder 182x27x10;AE;SP6
1910369118;9999712026;;Pufferhuelse RD 20/10*22;EU;SP5
1910364017;9999712033;;Anschlagpuffer RD16x26;AE;SP6
1910364018;9999712036;;Anschlagpuffer RD22/25;AE;SP6
1910364020;9999712048;;Anschlagpuffer RD18/20;EU;SP5
1910208128;9999712061;;Druckfeder 69x8x1,2;AE;SP6
1910208129;9999712080;;Schutzkappe 6893-2;EU;SP5
1910208130;9999712127;;Schenkelfed. 35/1,5 links D35mm;AE;SP6
1910208131;9999712132;;Schenkelfed. 35/1,5 recht D35mm;EU;SP5
1910208132;9999732018;;Fuehrungsrolle GR2-2;AE;SP6
1910208133;9999732034;;Gegenrolle 28-3;AE;SP6
1910369122;9999732056;;Fuehrungsrolle RD 244x49;EU;SP5
1910364528;9999742117;;Schlosshebel L;EU;SP5
1910364529;9999742118;;Schlosshebel R;EU;SP5
1910208134;9999932057;;Entriegelungsstift;EU;SP5
1910208135;9999932060;;Druckstift;EU;SP5
1910369125;9999942009;;Augenschraube LBM16x100;EU;SP5
1910208136;9999942011;;Augenschraube LBM16x450;EU;SP5
1910208137;9999992064;;Seilnippel SN2/L/H;GE;SP1
1910369127;A03271;;Schild Breten verboten;GE;SP2
1910369614;B01501;;Riegel DLF 1R IP20;GE;SP2
1910369615;B01502;;Riegel DLF 1L;GE;SP2
1910369130;C08226;;ABDECKUNG;GE;SP2
1910209104;C08269;;Notentriegelung S6 links;GE;SP1
1910209105;C08548;;Türseil Länge 1300mm;GE;SP1
1910369616;C08551;;HALTER;GE;SP2
1910369617;D02022;;VERRIEGELUNG RE./OE;GE;SP2
1910369618;D02023;;VERRIEGELUNG LI./OE;GE;SP2
1910369134;D02213;;SEIL neu Teleskop TTS8;GE;SP2
1910369135;D02214;;SEIL Teleskop TTS8;GE;SP2
1910369619;D02225;;VERRIEGELUNGSKONTAKT;GE;SP2
1910369620;E20057;;DISTANZSTÜCK;GE;SP2
1910369138;E20090;;Schwellenpro.Türb. ang. Fahrk.;GE;SP2
1910369139;E20392;;SCHWELLENPROFIL M2TD6 or M2ZD6;GE;SP2
1910369140;E20393;;Schwellenprof.Türbreite angeb.;GE;SP2
1910209106;E21024;;KEILRIPPENSCHEIBE D36,5;GE;SP1
1910369621;E21030;;KEILRIPPENSCHEIBE;GE;SP2
1910369142;E21067;;FEDER für Türantrieb D6;GE;SP2
1910369143;E21212;;ZB Spannrolle;GE;SP1
1910369144;E90420;;VERLÄNGERUNGSKABEL 4m 5 pole;GE;SP2
1910369622;F02035;;TELESKOPSEIL;GE;SP2
1910369146;F02045;;GRENZTASTER AT 11 A-2-I;GE;SP1
1910369623;F02225;;BRÜCKE;GE;SP2
1910369624;F02226;;TÜRKONTAKT;GE;SP2
1910369625;F02231;;KEILRIEMEN;GE;SP2
1910369626;F02232;;Gummipuffer TTK8;GE;SP2
1910209109;M59331;;ROLLENFÜHRUNG MODEL B;GE;SP1
1910369327;M59333;;FÜHRUNGSROLLE D152;GE;SP2
1910369151;N03016;;ZB TASTER S;GE;SP2
1910369152;N05802;;TASTER ALARM;GE;SP2
1910369153;N05804;;TASTER TÜR AUF;GE;SP2
1910369154;N05805;;TASTER TÜR ZU;GE;SP2
1910369155;N05815;;TASTER;GE;SP2
1910369156;N05830;;KURZHUBTASTER MT 56 BI;GE;SP2
1910369328;O00703;;TÜRSEIL MIT PVC-MANTEL;GE;SP2
1910369329;O00721;;RIEGELMAGNET V 16, 230V AC, 100% ED;GE;SP2
1910209110;O00735;;FÜHRUNGSSCHUH-EINLAGE FS 5 KB;GE;SP1
1910369159;O99502;;Leuchttaster Switching;GE;SP2
1910369627;P03608;;NOTABLASS;GE;SP2
1910369161;P03610;;ABBREMSDROSSEL AB;GE;SP2
1910369162;P03835;;DICHTUNG-RÜCKSCHLAGVENTIL;GE;SP2
1910369628;P03837;;SENKVENTILKOLBEN;GE;SP2
1910369164;P03847;;O-RING-SCHLEICHFAHRTSTÖSSEL;GE;SP2
1910369165;P03848;;O-RING-EINSTELLSCHRAUBE;GE;SP2
1910369166;P03853;;DICHTUNG FÜR -NOTABLASS;GE;SP2
1910369167;P07780;;AB-VORSTEUERUNG KOMPLETT;GE;SP2
1910369629;P07817;;VORGESPANNTER NOTABLASS;GE;SP2
1910369630;P08008;;ISTWERTKABEL;GE;SP2
1910369631;P08033;;AUF-KOLBEN KOMPLETT LRV-A-1,175;GE;SP2
1910369171;P08054;;KUPFER-RING 1/4;GE;SP1
1910209111;P08067;;FILTERSCHRAUBEN 0,8 KOMPLETT;GE;SP1
1910369632;P08232;;DICHTUNGSSATZ KOMPLETT LRV 700-1;GE;SP2
1910369633;P08234;;Dichtungen Ventil Vorsteuerplatte;GE;SP2
1910369173;P09209;;FEDER für Hydraulik;GE;SP2
1910369174;P09210;;Dichtungssatz komplett hydr.;GE;SP1
1910512133;P09261;;MANOMETERANSCHLUSS-VERSCHRAUBUNG;GE;SP2
1910369176;P09402;;O-RING;GE;SP2
1910209113;P09410;;DICHTUNGSSATZ KOMPLETT;GE;SP1
1910369177;P09414;;VENTILSITZSCHEIBE;GE;SP2
1910512134;P09425;;DICHTSCHEIBE;GE;SP2
1910512135;P09457;;MANOMETERANSCHLUSSVERSCHRAUBUNG;GE;SP2
1910512136;P09458;;GERADER EINSCHRAUBSTUTZEN;GE;SP2
1910209115;V3017098;;Begrenzer SG200 1MS SS EX SP SS CAPT;AE;SP6
1910209279;66190009211;"66190009211_L; 66190009211_T";Frequenzumrichter CPI/MFC32 Grund V3;EU;SP5
1000256045;unbekannt;;ZB Leiterplatte MC3 I/O;AE;SP6
1000256403;unbekannt;;ROBA Multiswitch 180V-104V;GE;SP1
1000256746;unbekannt;;Tastplatte C Bezeichnung angeben;GE;SP2
1910499511;unbekannt;batch4;Schlüssel-Tastplatte BPP;GE;SP1
1000256803;61450009273;;ZB Bremsbacke DAB530 ohne DU;GE;SP1
1910499084;unbekannt;batch4;ÖL-Auffangbehälter TKE;GE;SP1
1910569119;65990010030;;Deckel Zusatzbox Inverter CT09G  Einkäufergruppe W03;GE;SP1
1910569118;65990010029;;Halteblech Zusatzbox Inverter CT09G Einkäufergruppe W03;GE;SP1
1000258118;99500009300;;IC DIG SMD Prozessor IA186ES;GE;SP2
1000257948;8850005531_E;;EasyGate LTE IP-Gateway ohne Modem_E;GE;SP1
1000258073;unbekannt;;Etikett 103 x 199;EU;SP5
1000257652;3345285002;;ZB Bremsbacke DAB450;EU;SP5
1000258730;65000009204;;Gehaeuse MH4-SI;GE;SP1
8001346043;6234302300;;Schneckenwelle TW160 50:1;Z0;SP1
8001346052;6234002430;;ZB Schneckenrad TW160 50:1;Z0;SP1
8001360408;6581015011;;Haftmagnet D180 100/50VDC Mayr;GE;SP1
8001346086;6581014011;-;Haftmagnet D160 100/50VDC Mayr;GE;SP1
1000218090;unbekannt;batch4;Sensor-Gegengewicht EWD-H-DSV10;GE;SP1
1000219396;unbekannt;;AY GOVERNOR GBTK 6024-500S 60240000133;GE;SP2
1000234961;unbekannt;batch4;UCM OVERSPEED FREQUENCYMETER;GE;SP1
1000236487;unbekannt;;2N DB-Antenne  GSM/UMTS;GE;SP1
1000256840;65100009323;P1E=EU Löschvermerk;ZB Leiterplatte MC3 I/O;EU;SP5
1000258054;unbekannt;;Umreifungsband 9x0,55mm weiß,1 Rolle=4km;GE;SP1
1910003023;unbekannt;batch4;GOVERNER TIGHTENER SYNERGY ELEMENT;GE;SP1
1910047240;unbekannt;;ZB Haftmagnet D160;GE;SP1
1910047816;unbekannt;;DREHGEBER ECN 413 2048;Z0;SP1
1910054673;unbekannt;batch4;OBERE LAUFROLLE FÜR VF-01/VF-08;GE;SP1
1910054989;unbekannt;batch4;Magnetschalter (NC) CABECO E4-M12 F.S;GE;SP1
1910066500;unbekannt;;Puffer 10080 AUTAN 5;GE;SP1
1910067312;unbekannt;;Exzentrischer Nylonstift Schwelle;Z0;SP1
1910067605;unbekannt;;2x Unterer c. Trittrolle D29 ED36;Z0;SP1
1910067867;unbekannt;;Rolle mit einer Nut;Z0;SP1
1910068095;unbekannt;;Einsatz EM 9 PU,  HSM + WSM f. Schiene;GE;SP1
1910068106;unbekannt;;FSF-16 Einsatz KH96A rot 140x29,5x30mm;GE;SP1
1910068108;unbekannt;;FSUGG-16 KH96 rot MWG10 140x29,5x30mm;GE;SP1
1910068154;unbekannt;;Rollführung AR1 Rollen VU94A D100 EMQ;GE;SP1
1910069119;unbekannt;;Riemen;GE;SP1
1910073552;unbekannt;;ZB Zentralseil M2Z/M4TZ K8/S8;GE;SP2
1910076581;unbekannt;;Gleitschuh elast. Einsatz D54,8X37,4X141;GE;SP1
1910076984;unbekannt;;Schütz LC1D32MD 220VDC 15kW 1NC+1NO;GE;SP1
1910077685;unbekannt;;TeSys D Schütz-4P-230 V AC Spule;GE;SP1
1910077697;unbekannt;;Schütz LC1D09MD;GE;SP1
1910077714;unbekannt;;Schütz-3P(3 NO)-230 V AC Spule;Z0;SP1
1910077950;unbekannt;;Türrolle mit zwei Nuten;Z0;SP1
1910077951;unbekannt;;Gleitbeschichtung 45 mm;Z0;SP1
1910077956;unbekannt;;Steuereinheit AT40;GE;SP1
1910077958;unbekannt;;Türrolle mit Achse;Z0;SP1
1910077960;unbekannt;;Gleitbeschichtung 65 mm;Z0;SP1
1910078073;unbekannt;;Schütz LC1D09P7 230VAC 4kW 1NC+1NO;EU;SP5
1910078171;unbekannt;;Exzentrische Türrolle SELCOM 3201.05.005;Z0;SP1
1910107834;unbekannt;;Netzteil TDE50R-EHE;GE;SP1
1910109177;unbekannt;;Hilfskontaktblock-1NO + 1NC;GE;SP1
1910109914;unbekannt;;Lichtstrahl PanaChrome 3D Slimline;GE;SP1
1910110343;unbekannt;;Hilfskontakt LADN22 vorne m 2NC 2NO;Z0;SP1
1910155761;unbekannt;;8x Plattenlaufrolle (10mm RACE SILL);Z0;SP1
1910156204;unbekannt;;Steuereinheit 230 V AC / 24 V DC Telco;GE;SP1
1910162966;unbekannt;;Dienstleistungen und sonstige Aufwendun.;;
1910162995;unbekannt;;Scheibenbremse Alzola FRTH100 2x100Nm;GE;SP1
1910163213;unbekannt;batch4;Seilspannroll-Baugr Ex1-R-keine Gewichte;GE;SP1
1910163480;unbekannt;;EURO-Palette;Z0;SP1
1910163615;unbekannt;batch4;Öler kompakt AK-40 (AKP.0025 PL);GE;SP1
1910165043;unbekannt;batch4;BG101 HUBENDE-BAUGRUPPE L=1M;GE;SP1
1910165049;unbekannt;batch4;NACHREGULIERMAGNET;GE;SP1
1910165057;unbekannt;batch4;LICHTVORHANG WECO 03.G5.B174.TK5;GE;SP1
1910165079;unbekannt;batch4;ANZEIGE HMI-KARTE;GE;SP1
1910165176;unbekannt;batch4;LOP31 TASTE NACH OBEN m/LBI;GE;SP1
1910165185;unbekannt;batch4;LBI-KARTE;GE;SP1
1910165409;unbekannt;batch4;"TFT3.5"" OHNE SYNTHESIZER";GE;SP1
1910165414;unbekannt;batch4;LID31 LANDEPFEILANZEIGE;GE;SP1
1910165906;unbekannt;batch4;WD320 LOP TASTERKABEL 3M;GE;SP1
1910197772;unbekannt;;DB02 Drucktaster Rauf-Runter Inox;Z0;SP1
1910197774;unbekannt;batch4;Gleitschiene IGANPE9IG (safety gear);GE;SP1
1910197776;unbekannt;batch4;Führungsschuh‑Belag T70 G‑100 9,5 mm;GE;SP1
1910197778;unbekannt;batch4;Gleitschuhhalter für Gegenwicht;GE;SP1
1910197781;unbekannt;batch4;Endschalter XCNR2510P20;GE;SP1
1910206841;P1E=EU Löschvermerk;;Zylinderschraube M3x12 8.8 vz;EU;SP5
1910206849;unbekannt;;Schraubsicherungslack rot;Z0;SP1
1910206864;unbekannt;;Zylinderschraube M10x20 8.8 verzinkt;Z0;SP1
1910206867;unbekannt;;SKT Schraube M10x20 8.8 vz;Z0;SP1
1910206886;unbekannt;;Scheibe A 4,3 St vz;Z0;SP1
1910206890;unbekannt;;Federring A12 Federstahl vz;GE;SP1
1910206897;unbekannt;;Sicherungsring 20x1,2 Federstahl;Z0;SP1
1910206909;unbekannt;;Faecherscheibe A8,4 Federstahl vz;Z0;SP1
1910206919;unbekannt;;SKT Mutter M68 vz;Z0;SP1
1910206954;P1E=EU Löschvermerk;;Leuchtstofflampe U 36W Universal;EU;SP5
1910206958;P1E=EU Löschvermerk;;Leuchtstofflampe 30W D26 895mm Interna;EU;SP5
1910206959;P1E=EU Löschvermerk;;Leuchtstofflampe 36W D26 970mm Univ-w.;EU;SP5
1910206960;P1E=EU Löschvermerk;;Leuchtstofflampe 38W D26 1047mm Lumilux;EU;SP5
1910206973;unbekannt;;Stift Combicon 4pol ger RM5,08 schraub;Z0;SP1
1910206980;unbekannt;;Kegelstopfen GPN600 B890;Z0;SP1
1910206987;unbekannt;;O Ring 120x3 37PAB769;EU;SP5
1910207011;unbekannt;;Tuelle A 6-2;Z0;SP1
1910207068;unbekannt;;Wellendichtring AS 170x200x15 NBR;EU;SP5
1910207092;unbekannt;;Dreikantsteckschlüssel M4/M5;Z0;SP1
1910207095;unbekannt;;Kombischraube M4x8 Z3 St vz;GE;SP1
1910207140;unbekannt;;Drehgeber 2x1024 Imp.HTL Aderendhuelsen;;
1910207166;unbekannt;;Taster Bremskontrolle 24VDC 200mA IP65;Z0;SP1
1910207172;unbekannt;;Sicherheitsschalter m.Bügelbetät. IP54;;
1910207198;unbekannt;;Leuchtstofflampe 18W D26 590mm -840;Z0;SP1
1910207211;P1E=EU Löschvermerk;;Profilhalbzylinder 10x30;EU;SP5
1910207223;P1E=EU Löschvermerk;;Ersatzwanne 350x350;EU;SP5
1910207304;P1E=EU Löschvermerk;;Ladewiderstand 100 O;EU;SP5
1910207305;P1E=EU Löschvermerk;;IGBT Modul BSM 150 V1-4;EU;SP5
1910207343;unbekannt;;ZB Schachtfahne 1/99;Z0;SP1
1910207471;unbekannt;;Fuehrungsschuheinlage 127x34 9mm;Z0;SP1
1910207478;unbekannt;;Fuehrungsschuheinlage 127x34 5mm;Z0;SP1
1910207515;unbekannt;;ZB Laufrolle D60Lf;Z0;SP1
1910207521;unbekannt;;ZB Laufrolle 90 Grad für M3TK;Z0;SP1
1910207538;P1E=EU Löschvermerk;;ZB Hakenriegel R M2TS8;EU;SP5
1910207556;unbekannt;;Rolle D30xd15,2x21;Z0;SP1
1910207564;unbekannt;;Huelse fuer Hakenriegel S8;Z0;SP1
1910207581;P1E=EU Löschvermerk;;Türschalter mit Brücke;EU;SP5
1910207653;P1E=EU Löschvermerk;;Bremse DAF210M;EU;SP5
1910207761;unbekannt;;ZB Leiterplatte MA 4 Standanzeige;GE;SP1
1910207763;P1E=EU Löschvermerk;;ZB Leiterplatte MV1 Rueckwandplatte;EU;SP5
1910207768;unbekannt;;ZB Eprom Satz MZ1;Z0;SP1
1910207776;unbekannt;;ZB Leiterplatte MZ1 Zentralplatte Gruppe;Z0;SP1
1910207793;unbekannt;;Netzgeraet MN6 24V/4A 90/180V 3,4A;EU;SP5
1910207794;unbekannt;;Netzgeraet 400V/ 24VDC/ 10A;Z0;SP1
1910207829;P1E=EU Löschvermerk;;ZB Magnetschalter;EU;SP5
1910207873;unbekannt;;ZB Alarmtaster Basic;EU;SP5
1910207877;P1E=EU Löschvermerk;;ZB Standanzeige MA7 Gruen;EU;SP5
1910207879;P1E=EU Löschvermerk;;ZB Lautsprecherelement vandalensicher;EU;SP5
1910207951;P1E=EU Löschvermerk;;ZB Leitung Lokalbus;EU;SP5
1910207987;P1E=EU Löschvermerk;;ZB Taster 2 S;EU;SP5
1910208146;P1E=EU Löschvermerk;;Puffer 165x80 A;EU;SP5
1910208181;unbekannt;;ZB Schienenoeler AK5 FK NC91/NC71;Z0;SP1
1910208182;unbekannt;;Lagerbolzen;EU;SP5
1910208186;P1E=EU Löschvermerk;;ZB Hakenriegel R S12;EU;SP5
1910208278;65100004578;;ZB Leiterplatte Bering. Delta Contr. Hyd;AE;SP6
1910208308;P1E=EU Löschvermerk;;Zielwahl Elektroniksatz eckig ohne Kabel;EU;SP5
1910208328;unbekannt;;Beschriftungselem. I ThyssenKrupp Basic;EU;SP5
1910208344;unbekannt;;ZB Taster STEP C flach blau 1;EU;SP5
1910208347;unbekannt;;ZB Taster STEP C flach blau 0;EU;SP5
1910208348;unbekannt;;ZB Taster STEP C flach blau 2;EU;SP5
1910208349;unbekannt;;ZB Taster STEP C flach blau 3;EU;SP5
1910208351;unbekannt;;ZB Taster STEP C flach blau 5;EU;SP5
1910208353;unbekannt;;ZB Taster STEP C flach blau -1;Z0;SP1
1910208354;unbekannt;;ZB Taster STEP C flach blau Pfeil;EU;SP5
1910208355;unbekannt;;ZB Taster STEP C flach blau Pfeil auf/ab;Z0;SP1
1910208356;unbekannt;;ZB Taster STEP C flach blau Tür zu;EU;SP5
1910208357;unbekannt;;ZB Taster STEP C flach blau Tür auf;EU;SP5
1910208377;unbekannt;;ZB Taster STEP C fla. Brail/Tak blau 0;EU;SP5
1910208378;unbekannt;;ZB Taster STEP C fl Tak bla Tür zu;Z0;SP1
1910208380;unbekannt;;ZB Taster STEP C Brail/Tak rot 1;Z0;SP1
1910208381;unbekannt;;ZB Taster STEP C Brail/Tak rot 2;Z0;SP1
1910208387;unbekannt;;ZB Taster STEP C fla. Brail/Tak blau 1;EU;SP5
1910208388;unbekannt;;ZB Taster STEP C fla. Brail/Tak blau 2;EU;SP5
1910208389;unbekannt;;ZB Taster STEP C fla. Brail/Tak blau 3;EU;SP5
1910208390;unbekannt;;ZB Taster STEP C fla. Brail/Tak blau 4;EU;SP5
1910208391;unbekannt;;ZB Taster STEP C fla. Brail/Tak blau 5;EU;SP5
1910208395;unbekannt;;ZB Alarmtaster C Tak flach 1OE/1S;Z0;SP1
1910208396;unbekannt;;ZB Taster STEP C fl Tak bla Pfeil;EU;SP5
1910208397;unbekannt;;ZB Taster STEP C Tak blau Pfeil auf/ab;Z0;SP1
1910208398;unbekannt;;ZB Taster STEP C fl Tak bla Tür auf;EU;SP5
1910208512;P1E=EU Löschvermerk;;Handleuchte mit 5m Kabel;EU;SP5
1910208514;P1E=EU Löschvermerk;;Leitungsschutzschalter 60N C6;EU;SP5
1910208520;P1E=EU Löschvermerk;;Trafo 230/28,5 V;EU;SP5
1910208525;P1E=EU Löschvermerk;;Trafo 11,2-11,7 V;EU;SP5
1910208535;P1E=EU Löschvermerk;;Leuchtanzeige MA6434P;EU;SP5
1910208544;unbekannt;;Leuchtstoffröhre TLD 30 W/29;GE;SP1
1910208640;P1E=EU Löschvermerk;;E/A Baugruppe 40/40;EU;SP5
1910208641;unbekannt;;Etagenmodul LEM2 voll bestückt;EU;SP5
1910208693;P1E=EU Löschvermerk;;Bedienanleitung TCI/TCM Tester Englisch;EU;SP5
1910208710;P1E=EU Löschvermerk;;Geländerverlängerung FKD;EU;SP5
1910208711;P1E=EU Löschvermerk;;Fussleiste yellowtool-flex;EU;SP5
1910208715;P1E=EU Löschvermerk;;Lotdrahtaufnahme;EU;SP5
1910208718;P1E=EU Löschvermerk;;Traegertraverse;EU;SP5
1910208725;P1E=EU Löschvermerk;;Endschalter mit Winkel;EU;SP5
1910208730;P1E=EU Löschvermerk;;Schienen Ziehvorrichtung;EU;SP5
1910208731;P1E=EU Löschvermerk;;Orsy-Box;EU;SP5
1910208732;P1E=EU Löschvermerk;;ZB Hebevorrichtung MRE EVO F Q>1600kg;EU;SP5
1910208733;P1E=EU Löschvermerk;;Haken für Kabine;EU;SP5
1910208734;P1E=EU Löschvermerk;;Motorhalterung für GG;EU;SP5
1910208735;P1E=EU Löschvermerk;;Bügel- und Seilschutz;EU;SP5
1910208738;P1E=EU Löschvermerk;;ZB Trägertraverse Yellow beams;EU;SP5
1910208741;unbekannt;;Gliedermaßstab 2m transluzent grün;EU;SP5
1910208747;P1E=EU Löschvermerk;;PSDW Seil 10,2mm für Lasttest 5m;EU;SP5
1910208753;P1E=EU Löschvermerk;;Motorhebearm;EU;SP5
1910208754;P1E=EU Löschvermerk;;Seilsicherungsbolzen Synergy Set6&7Seile;EU;SP5
1910208755;P1E=EU Löschvermerk;;Seilsicherungsbolzen Set Synergy 10Seile;EU;SP5
1910208756;P1E=EU Löschvermerk;;ZB Fanghebeladapter;EU;SP5
1910208760;P1E=EU Löschvermerk;;ZB Montagekoffer für Hängekabel;EU;SP5
1910208833;P1E=EU Löschvermerk;;Temperaturregler TP 7010;EU;SP5
1910208872;unbekannt;;Magnetschalter 1S M8 (Reed-Sensor);EU;SP5
1910208876;unbekannt;;Hilfsschuetz 230V AC 4S;Z0;SP1
1910208877;unbekannt;;Hilfsschalter 4OE;Z0;SP1
1910208891;unbekannt;;Steuerplatine can Türantrieb RT301;Z0;SP1
1910208900;P1E=EU Löschvermerk;;Leuchtstofflampe 36W;EU;SP5
1910208920;unbekannt;;Drehgeber2048 SSI Baumer Konus 5m 3rs;Z0;SP1
1910208940;P1E=EU Löschvermerk;;Laufrollen Set rechts;EU;SP5
1910208962;P1E=EU Löschvermerk;;Drehgeber Kübler;EU;SP5
1910208964;P1E=EU Löschvermerk;;Blindelement SM1;EU;SP5
1910208965;P1E=EU Löschvermerk;;Taster SM1 Braille Mf Bez. -1;EU;SP5
1910208966;P1E=EU Löschvermerk;;Taster SM1 Braille Mf Bez. 0;EU;SP5
1910208967;P1E=EU Löschvermerk;;Taster SM1 Braille Mf Bez. 1;EU;SP5
1910208968;P1E=EU Löschvermerk;;Taster SM1 Braille Mf Bez. 2;EU;SP5
1910208969;P1E=EU Löschvermerk;;Taster SM1 Braille Mf Bez. 3;EU;SP5
1910208970;P1E=EU Löschvermerk;;Taster SM1 Braille Mf Bez. 4;EU;SP5
1910208971;P1E=EU Löschvermerk;;Taster SM1 Braille Bez. -1;EU;SP5
1910208972;P1E=EU Löschvermerk;;Taster SM1 Braille Bez. 0;EU;SP5
1910208973;P1E=EU Löschvermerk;;Taster SM1 Braille Bez. 1;EU;SP5
1910208974;P1E=EU Löschvermerk;;Taster SM1 Braille Bez. 2;EU;SP5
1910208975;P1E=EU Löschvermerk;;Taster SM1 Braille Bez. 3;EU;SP5
1910208976;P1E=EU Löschvermerk;;Taster SM1 Braille Bez. 4;EU;SP5
1910208992;P1E=EU Löschvermerk;;Türmotor OP14;EU;SP5
1910209044;P1E=EU Löschvermerk;;ZB Frequenzumrichter CPI40E V3 synchron;EU;SP5
1910209046;P1E=EU Löschvermerk;;ZB Frequenzumrichter CPI60E V3 synchron;EU;SP5
1910209055;unbekannt;;Grundgeraet CPI15E V3;EU;SP5
1910209058;unbekannt;;Frequenzumrichter CPI/MFC32 Grund V3;GE;SP1
1910209062;unbekannt;;ZB Display RPI;Z0;SP1
1910209087;unbekannt;;Sensor Barcode Positioniersyst. BPS34;;
1910209103;unbekannt;;Getriebeoel Optigear 20L;;
1910209107;P1E=EU Löschvermerk;;Scheibe 4,5/8x8,5;EU;SP5
1910209112;unbekannt;;DICHTUNGSSATZ KOMPLETT;Z0;SP1
1910209137;unbekannt;;Kugelgelenk;Z0;SP1
1910209138;unbekannt;;Fuehrungsschuheinlage 127x34 16mm;Z0;SP1
1910209142;P1E=EU Löschvermerk;;ZBLaufrolleS8/K8 D71 LF61 o.Sr;EU;SP5
1910209143;unbekannt;;ZB Mitnehmerrolle fuer Hakenriegel S8;Z0;SP1
1910209163;unbekannt;;Magnetschalter bistabil 2-polig 3,5m;Z0;SP1
1910209173;P1E=EU Löschvermerk;;Schlüssel Manchette U03674;EU;SP5
1910209187;P1E=EU Löschvermerk;;E/A Baugruppe 24/24;EU;SP5
1910209202;P1E=EU Löschvermerk;;BKS PMC 145L und Platine CPI;EU;SP5
1910209212;P1E=EU Löschvermerk;;Leuchtstofflampe 36W D26 mit Schutzrohr;EU;SP5
1910209226;P1E=EU Löschvermerk;;ZB Begrenzerspannrolle <=2,5m/s d6,5;EU;SP5
1910209251;unbekannt;;ZB Leiterplatte MP Portmodul;Z0;SP1
1910209274;P1E=EU Löschvermerk;;Frequenzumrichter CPI10E Grundg V3;EU;SP5
1910209276;unbekannt;;Frequenzumrichter CPI09F synchron;Z0;SP1
1910210252;6519030660;;ZB Leiterplatte MT Türmodul;GE;SP1
1910210253;unbekannt;;Netzgeraet MN6 24V/4A 90/180V 3,4A;EU;SP5
1910318323;unbekannt;;Dichtungssatz  Ventilblock AZSTBII;GE;SP1
1910362676;unbekannt;;Kondensator 2µF 4000VAC;Z0;SP1
1910362681;P1E=EU Löschvermerk;;Leuchtstofflampe 40W D32 Ring DA413mm;EU;SP5
1910362717;unbekannt;;Pendelrollenlager 22224E;Z0;SP1
1910362718;unbekannt;;Zylinderrollenlager NJ 2316 E;Z0;SP1
1910362767;P1E=EU Löschvermerk;;ZB Zusatzteile T125/B Klemmplatte;EU;SP5
1910362830;P1E=EU Löschvermerk;;Netzgeraet Aufbau API;EU;SP5
1910362831;P1E=EU Löschvermerk;;Netzgeraet Aufbau API72;EU;SP5
1910362843;P1E=EU Löschvermerk;;Schwellenprofil 42x23xca.3,5;EU;SP5
1910362860;P1E=EU Löschvermerk;;ZB Leiterplatte Rechner Aufzug;EU;SP5
1910362861;P1E=EU Löschvermerk;;ZB Leiterplatte Ansteuerung Abtaktwid.;EU;SP5
1910362862;P1E=EU Löschvermerk;;ZB Leiterplatte FDI;EU;SP5
1910362863;P1E=EU Löschvermerk;;ZB Leiterplatte FEI Steuerspannungserfas;EU;SP5
1910362864;P1E=EU Löschvermerk;;ZB Leiterplatte FMC2 Rechner C166;EU;SP5
1910362872;P1E=EU Löschvermerk;;ZB Leiterplatte HSR;EU;SP5
1910362878;P1E=EU Löschvermerk;;ZB Leiterplatte Interface;EU;SP5
1910362881;P1E=EU Löschvermerk;;ZB Leiterplatte Ansteuerung L1,2,3 API;EU;SP5
1910362940;unbekannt;;Buchse 40x65x34;Z0;SP1
1910362963;unbekannt;;Zylinderschraube M6x16  8.8 verzinkt;Z0;SP1
1910362970;unbekannt;;SKT Schraube M6x20 8.8 vz;Z0;SP1
1910362985;unbekannt;;Zylinderschraube M5x12  8.8 verzinkt;Z0;SP1
1910362990;unbekannt;;Sicherungsschraube M8x25;Z0;SP1
1910362995;unbekannt;;SKT Schraube M12x140 8.8 vz;Z0;SP1
1910363013;unbekannt;;Flachkopfschraube AM4x30 4.8 vz;Z0;SP1
1910363022;P1E=EU Löschvermerk;;Senkschraube M8x16 4.8 vz;EU;SP5
1910363038;P1E=EU Löschvermerk;;Gewindestift M8x25 14H St vz;EU;SP5
1910363051;P1E=EU Löschvermerk;;Schaftschraube M8x175 9S20K vz;EU;SP5
1910363061;6073903980;;Halteblech 40x35x2 entgratet;GE;SP1
1910363122;unbekannt;;Scheibe 10 St vz;Z0;SP1
1910363130;unbekannt;;Scheibe 17/33x0,5 St2K50 GK vz;Z0;SP1
1910363132;unbekannt;;Sicherungsscheibe S10 Federstahl vz;Z0;SP1
1910363146;unbekannt;;Sicherungsscheibe S12 Federstahl vz;Z0;SP1
1910363199;unbekannt;;Jumper 2,54mm MAX;Z0;SP1
1910363271;P1E=EU Löschvermerk;;Schild Tragfaehigkeitsschild;EU;SP5
1910363284;unbekannt;;Passfeder A14x9x63;Z0;SP1
1910363363;unbekannt;;ZB Schachtfahne 41-50;GE;SP2
1910363364;unbekannt;;ZB Schachtfahne 51-59;GE;SP2
1910363396;unbekannt;;ZB Türblatt L D4 TB700-900;GE;SP2
1910363397;unbekannt;;ZB Türblatt R D4 TB 700-900;GE;SP2
1910363499;unbekannt;;Mutter fuer Gehaenge K5;Z0;SP1
1910363501;unbekannt;;Dichtung für hinteres Flanschlager;;
1910363542;unbekannt;;ZB Schachtfahne 21-30 510mm;GE;SP2
1910363604;unbekannt;;Buchse 60x80x19;Z0;SP1
1910363628;unbekannt;;ZB Typenschild C;Z0;SP1
1910363657;unbekannt;;ZB Spreizschwert R;EU;SP5
1910363708;P1E=EU Löschvermerk;;Gewicht fuer Schliessgewicht S1;EU;SP5
1910363839;unbekannt;;ZB Seilrolle D800x240 / zxd;GE;SP2
1910363877;P1E=EU Löschvermerk;;Achse D40x186;EU;SP5
1910363878;P1E=EU Löschvermerk;;Achse D60/70x220;EU;SP5
1910363888;unbekannt;;Seilrolle D400x80 4x10;Z0;SP1
1910364019;P1E=EU Löschvermerk;;ZB Rollenplatte schnell S12 TB900;EU;SP5
1910364072;unbekannt;;ZB Fuehrung fuer Tuerblatt;Z0;SP1
1910364126;unbekannt;;Zugfeder 680;EU;SP5
1910364133;P1E=EU Löschvermerk;;ZB Zubehoer S8 M8x20 und Scheibe;EU;SP5
1910364230;P1E=EU Löschvermerk;;ZB Beschriftungselement 5C;EU;SP5
1910364354;unbekannt;;ZB Abstreifer für Türblattaufhängung;Z0;SP1
1910364387;unbekannt;;ZB Seilrolle HL D700 DAB530;GE;SP3
1910364415;P1E=EU Löschvermerk;;Fuehrungsleiste fuer Rollen SB150;EU;SP5
1910364424;unbekannt;;Laufrolle ohne Seilrille D50;;
1910364441;P1E=EU Löschvermerk;;Achse D80x252;EU;SP5
1910364445;unbekannt;;Schutzgitter SC400;GE;SP1
1910364447;P1E=EU Löschvermerk;;Frequenzumrichter CPI 09 V3;EU;SP5
1910364456;unbekannt;;ZB Seilrolle D540 ZxD DAF380;GE;SP2
1910364465;unbekannt;;Achse D80x322;Z0;SP1
1910364466;unbekannt;;ZB Transportkit Maschine SC400;Z0;SP1
1910364467;unbekannt;;ZB Seilrolle D600 DAB450;GE;SP2
1910364469;P1E=EU Löschvermerk;;ZB Stator SC400M008 SD;EU;SP5
1910364474;unbekannt;;Fettzufuhrrohr SC400B AS;Z0;SP1
1910364475;unbekannt;;Fettauffang SC400B;Z0;SP1
1910364477;unbekannt;;Rohr Fettzufuhr SW-H 2 SC400B;Z0;SP1
1910364498;unbekannt;;Bremsabdeckung PMB285 L001-002;Z0;SP1
1910364578;unbekannt;;ZB Schachtfahne Geschw.kontr. v<=6m/s;GE;SP2
1910364615;unbekannt;;ZB Bremsbacke TW63B;;
1910364628;P1E=EU Löschvermerk;;Abdeckung F9 Tuerantrieb;EU;SP5
1910364629;unbekannt;;ZB Bremsbacke TW130 2x200Nm;;
1910364638;unbekannt;;ZB Bremsbacke TW130 2x125 Nm;;
1910364648;unbekannt;;ZB Bremsbacke TW160;;
1910364680;P1E=EU Löschvermerk;;Aufnahmeleiste Rollenfuehrung SB150;EU;SP5
1910364703;P1E=EU Löschvermerk;;Schwellenprofil Alu zwischen Zargen S12;EU;SP5
1910364738;unbekannt;;ZB Druckstueck Aushebung SC400;Z0;SP1
1910364739;P1E=EU Löschvermerk;;ZB Zentralseil Türbreite 900mm;EU;SP5
1910364765;P1E=EU Löschvermerk;;Edelstahlprofil Schwelle M2T/M4TZ S8;EU;SP5
1910364766;unbekannt;;ZB Seilrolle DW D1100 zxd;Z0;SP1
1910364770;P1E=EU Löschvermerk;;Leitung mit Steckverbinder M12 SF1000;EU;SP5
1910364775;P1E=EU Löschvermerk;;Lochblech fuer Zugfeder M2T S12;EU;SP5
1910364818;unbekannt;;ZB Seilklemme DW 14x13 DAF380M1xx SC400;Z0;SP1
1910364819;unbekannt;;ZB Seilklemme DW 14x12 DAF380M1xx;Z0;SP1
1910364820;unbekannt;;ZB Seilklemme DW 14x10 DAF380M1xx;Z0;SP1
1910364826;P1E=EU Löschvermerk;;ZB Bremsbacke DAB530;EU;SP5
1910364846;65680009227;;Rahmen 3C flach;GE;SP1
1910364941;unbekannt;;Flachdichtung SC400B Lagerdeckel;Z0;SP1
1910365041;P1E=EU Löschvermerk;;Schwellenprofil TB900 S11;EU;SP5
1910365118;unbekannt;;ZB Taster RT42 Sammelbestell. Graviert;Z0;SP1
1910365185;unbekannt;;Aufsetzpuffer T4 165 X 80 mm;Z0;SP1
1910365315;P1E=EU Löschvermerk;;Einlegeschild 12;EU;SP5
1910365436;P1E=EU Löschvermerk;;"ZB Taster STEP C flach blau ""P""";EU;SP5
1910365682;unbekannt;;Modem analog steckbar mit Voice-Funktion;Z0;SP1
1910365770;P1E=EU Löschvermerk;;ZB Leiterplatte MPSP Portmodul;EU;SP5
1910365800;unbekannt;;ZB Trennschaltverstaerker KFD2-SR-Ex2;Z0;SP3
1910365802;unbekannt;;ZB Leiterplatte MP Portmodul;;
1910365833;unbekannt;;Stift 0,5-2;Z0;SP1
1910365895;unbekannt;;Zylinderschraube M8x16 8.8 verzinkt;Z0;SP1
1910366471;2200980;;Kabelkanal BA6 80040x2000;GE;SP1
1910366472;2200940;;Kabelkanal BA6 80025x2000;GE;SP1
1910366516;0099339660;;FI Schutzschalter 25A 30mA 2pol.230VAC;GE;SP1
1910366556;P1E=EU Löschvermerk;;"ZB Taster STEP C flach blau ""O""";EU;SP5
1910366580;unbekannt;;"ZB Taster STEP C fla. Brail/Tak blau""-1""";EU;SP5
1910366656;unbekannt;;BA Antrieb TW45C fr;Z0;SP1
1910366678;P1E=EU Löschvermerk;;Pendelrollenlager BS2 2214 2CSW/GEN4;EU;SP5
1910366682;P1E=EU Löschvermerk;;Makrolon opal 1050x860x3;EU;SP5
1910366693;unbekannt;;Schraubendreher Gr.6 nach DIN 911;Z0;SP1
1910366721;unbekannt;;ZB Taster neutral S;Z0;SP1
1910366736;P1E=EU Löschvermerk;;Abdeckrahmen Bedienkasten DZS lang;EU;SP5
1910366738;unbekannt;;Pendelrollenlager 23134;Z0;SP1
1910366742;unbekannt;;Tastplatte C vergoldet neutral;;
1910366796;P1E=EU Löschvermerk;;ZB CPI100R Ersatzgerät;EU;SP5
1910366807;unbekannt;;Scheibenbremse RSQ800 2x800Nm;Z0;SP1
1910366808;unbekannt;;Scheibenbremse RTW600 2x550Nm;Z0;SP1
1910366810;unbekannt;;Scheibenbremse RSQ800 2x550Nm;Z0;SP1
1910366811;unbekannt;;Frequenzumrichter CPI/MFC32 Grundgeraet;Z0;SP1
1910366824;unbekannt;;Rohrverschraubung Winkel 90 NW08 D10;Z0;SP1
1910366825;P1E=EU Löschvermerk;;Bodenbelag Concrete Dark Grey;EU;SP5
1910367014;unbekannt;;ZB Leitung Schachtlicht 10m;Z0;SP1
1910367162;unbekannt;;Geblaese Radial SC400 CSA;Z0;SP1
1910367240;unbekannt;;Netzfilter 180A, 3x480V CPI310R;GE;SP1
1910367243;unbekannt;;Netzfilter 3x36A 480VAC;Z0;SP1
1910367286;P1E=EU Löschvermerk;;Stahlseil 30m;EU;SP5
1910367288;P1E=EU Löschvermerk;;Stahlseil 60m;EU;SP5
1910367290;P1E=EU Löschvermerk;;Stahlseil 100m;EU;SP5
1910367410;unbekannt;;Naeherungsschalter NJ8-18GM50-E2;Z0;SP1
1910367414;unbekannt;;Wellendichtring CR 130x170x12 CRW1 R;Z0;SP1
1910367426;unbekannt;;LS-3 Hauptbaugruppe 48V;Z0;SP1
1910367427;unbekannt;;Axiallüfter 115VAC 60Hz 180m3/h;Z0;SP1
1910367439;unbekannt;;Drehgeber2048 BISSC Baumer Konus 3m 2rs;Z0;SP1
1910367627;unbekannt;;Passscheibe DIN 988 28x40x0,1;Z0;SP1
1910367678;unbekannt;;ZB Taster neutral;EU;SP5
1910367726;P1E=EU Löschvermerk;;Umrichter MFC 31-26 SM V3;EU;SP5
1910367727;P1E=EU Löschvermerk;;Umrichter MFC 21-48 SM V1;EU;SP5
1910367728;P1E=EU Löschvermerk;;Umrichter MFC 31-60 SM V3;EU;SP5
1910367736;P1E=EU Löschvermerk;;Umrichter MFC 31-40 SM V3;EU;SP5
1910367819;P1E=EU Löschvermerk;;Seil für Personenwinde auf Trommel 150m;EU;SP5
1910367841;P1E=EU Löschvermerk;;ZB Fanglöseseil;EU;SP5
1910367893;unbekannt;;V Ring V 130A;Z0;SP1
1910367921;P1E=EU Löschvermerk;;Arretierbolzen M10x1;EU;SP5
1910367950;P1E=EU Löschvermerk;;Taster Bremskontrolle 24VDC 200mA IP65;EU;SP5
1910367979;unbekannt;;Zylinderschraube M10x110-8.8-A2F;Z0;SP1
1910368028;P1E=EU Löschvermerk;;Rillenkugellager 6315-2RS-C3;EU;SP5
1910368092;unbekannt;;SKT Schraube M10x120 10.9 vz;Z0;SP1
1910368107;P1E=EU Löschvermerk;;ZB Schwellenheizung S8 Nachlieferung;EU;SP5
1910368235;P1E=EU Löschvermerk;;Diode 1N4148 100V 200mA;EU;SP5
1910368269;unbekannt;;V Ring V 180A NBR;Z0;SP1
1910368326;P1E=EU Löschvermerk;;Kombischraube M6x20 Z4-1 8.8 vz;EU;SP5
1910368393;unbekannt;;Zylinderschraube M8x30 8.8 verzinkt;GE;SP1
1910368403;unbekannt;;Scheibe 46/70x1 St1203;Z0;SP1
1910368406;unbekannt;;Zylinderrollenlager NJ2324 E C3;Z0;SP1
1910368407;unbekannt;;Zylinderrollenlager NJ322 E;Z0;SP1
1910368602;unbekannt;;Schachtfahne 3;GE;SP2
1910368603;unbekannt;;Schachtfahne 4;GE;SP2
1910368604;unbekannt;;Schachtfahne 5;GE;SP2
1910368605;unbekannt;;Schachtfahne 6;GE;SP2
1910368606;unbekannt;;Schachtfahne 7;GE;SP2
1910368607;unbekannt;;Schachtfahne 8;GE;SP2
1910368609;unbekannt;;ZB Schachtfahne 13-20;GE;SP2
1910368610;unbekannt;;ZB Schachtfahne 21-30;GE;SP2
1910368630;unbekannt;;Treibscheibenkranz W263/. D540xb160;Z0;SP3
1910368631;unbekannt;;Treibscheibenkranz W263 D640xb160;Z0;SP3
1910368643;unbekannt;;ZB Seilrolle D740x228 zxd;Z0;SP3
1910368653;unbekannt;;Befestigungsblech 92x40x3;GE;SP1
1910368670;unbekannt;;ZB Leitung Modbus Christ-HIMA RJ45;;
1910368687;unbekannt;;ZB Seilrolle D400 zxD DAF290;Z0;SP3
1910368689;unbekannt;;ZB Seilrolle D400 ZxD DAF330;Z0;SP3
1910368694;unbekannt;;ZB Wippe mit Heber DAF380;Z0;SP1
1910368728;unbekannt;;ZB Schneckenwelle Hub Unit TW45;GE;SP2
1910368730;unbekannt;;ZB Schneckenwelle Hub Unit;GE;SP2
1910368742;unbekannt;;Treibscheibe DAF270 EBS D440 7x10 K40°;Z0;SP1
1910368744;unbekannt;;Flachdichtung Lagerdeckel AS SC500;Z0;SP1
1910368745;unbekannt;;Deckel Klemmenkasten SC500L;Z0;SP1
1910368747;unbekannt;;Abdeckung oben SC500L;Z0;SP1
1910368751;unbekannt;;ZB Seilrolle D400 ZxD SC300;Z0;SP3
1910368753;unbekannt;;ZB  Rückwand SC500L;Z0;SP1
1910368795;unbekannt;;Dichtungsring SC400;Z0;SP1
1910368797;unbekannt;;Lagerdeckel SC400B AS aussen;Z0;SP1
1910368801;unbekannt;;Treibscheibe SC400 D560 z x d;Z0;SP3
1910368803;unbekannt;;ZB Blockierungsklemme SC400;Z0;SP1
1910368805;unbekannt;;ZB Seilrolle SC400 D540;Z0;SP3
1910368901;P1E=EU Löschvermerk;;Flanschplatte Bremse SC400 Guss;EU;SP5
1910369030;P1E=EU Löschvermerk;;ZB Treibscheibe K1 D240 L mit FS mit US;EU;SP5
1910369043;unbekannt;;Conduithalteblech PMB285 L002;GE;SP1
1910369080;P1E=EU Löschvermerk;;Laufrolle II50/150I50/1;EU;SP5
1910369185;P1E=EU Löschvermerk;;Begrenzer-Sp.Ø200 494N T90 Linksseitig;EU;SP5
1910369276;unbekannt;;ZB Leitung AWG26 4pol var. FBL stecker e;GE;SP2
1910369339;P1E=EU Löschvermerk;;ZB Leiterplatte FRP Feldregler;EU;SP5
1910369340;P1E=EU Löschvermerk;;ZB Leiterplatte FSK Snubber API26;EU;SP5
1910369341;P1E=EU Löschvermerk;;ZB Leiterplatte Impulsgenerator 50Hz;EU;SP5
1910369342;P1E=EU Löschvermerk;;ZB Leiterplatte Netzteil GPI;EU;SP5
1910369343;P1E=EU Löschvermerk;;ZB Leiterplatte Ueberwachung I;EU;SP5
1910369346;P1E=EU Löschvermerk;;ZB Rollenfuehrung RTK300;EU;SP5
1910369347;P1E=EU Löschvermerk;;ZB Rollenfuehrung Unterkette;EU;SP5
1910369376;P1E=EU Löschvermerk;;Treibscheibe W149B;EU;SP5
1910369410;P1E=EU Löschvermerk;;Treibscheibe TW130 D900 6x11 S100;EU;SP5
1910369418;unbekannt;;ZB Treibscheibe mit Bremsscheibe SC400;GE;SP2
1910369446;P1E=EU Löschvermerk;;Umrichter MFC 21-32 SM V1;EU;SP5
1910369451;unbekannt;;ZB Leiterplatte MC3 Microcomputer TCM;EU;SP5
1910369498;P1E=EU Löschvermerk;;ZB Leitung Spannungsversorgung ADAP;EU;SP5
1910369533;unbekannt;;ZB Seilrolle D740x228 zxd;Z0;SP3
8001409494;99000011923;;Set Scheibenbremse SC500L;GE;SP1
1910369546;unbekannt;;Scheibenbremse SC400 3200Nm RSD9 DA;Z0;SP1
1910369547;unbekannt;;Scheibenbremse SC400 3200Nm RSD9 CSA DA;Z0;SP1
1910369553;99500009475;;Leitung H07RN-F 1X1,5;GE;SP2
1910369564;unbekannt;;Bus Controller ST Steuerung B&R SPS X20;Z0;SP1
1910369612;unbekannt;;Kondensator 4µF;Z0;SP1
1910474015;unbekannt;;Transportbox;Z0;SP1
1910474016;unbekannt;;Karton KAR_01;Z0;SP1
1910474019;unbekannt;;Karton V 4 KAR_04;Z0;SP1
1910474024;unbekannt;;Transportbox schwarz;Z0;SP1
1910474025;unbekannt;;P2 Palette;Z0;SP1
1910495920;unbekannt;batch4;Steuerseil CMC4+ 20.50;GE;SP1
1910496351;unbekannt;batch4;Tastplatte SCHÄFER KT-40 „Pfeil“ REL;GE;SP1
1910496775;unbekannt;batch4;Sicherheitsfederhalter DSR;GE;SP1
1910496898;unbekannt;batch4;Fliehkraftregler-Spanner CMC4+ LH;GE;SP1
1910496916;unbekannt;batch4;Flip-Flop-Magnetsensor CMC-4+;GE;SP1
1910496918;unbekannt;batch4;Induktiver Sensor TK-UCM A3;GE;SP1
1910497122;unbekannt;batch4;Seilendstück 6,6MM ohne Feder (SYNERGY);GE;SP1
1910497147;unbekannt;batch4;Kabel Fliehkraftregler 6,5D;GE;SP1
1910497158;P1E=EU Löschvermerk;;Zugseil DRAKO 250T 6D;EU;SP5
1910497286;unbekannt;batch4;Radsperre Kompaktstütze;GE;SP1
1910497314;unbekannt;;Rolle Türe SEMANTIC (2 Stück);Z0;SP1
1910497425;unbekannt;;Netzteil PSC35A-C;GE;SP1
1910497461;unbekannt;;LED-Anzeige Elektronischer Transformator;GE;SP1
1910497701;unbekannt;batch4;Flip-Flop-Geschwindigkeitswechsel;GE;SP1
1910497936;unbekannt;batch4;Präsenzkontakt Geländer Normal/Inspekt.;GE;SP1
1910498001;unbekannt;batch4;Trennschalter ML0-032 S00;GE;SP1
1910498007;unbekannt;;Elektrischer Kontakt T2 Kompakt;GE;SP1
1910498084;unbekannt;batch4;Anschlusskasten-Baugruppe TCAN;GE;SP1
1910498108;unbekannt;batch4;Endschalter OMRON D4NS-4AF;GE;SP1
1910498117;unbekannt;batch4;Endschalter XCK-N2149P20;GE;SP1
1910498122;unbekannt;batch4;Endschalter XCK-P127 XCK127G11 XCKN2127;GE;SP1
1910498123;unbekannt;batch4;Endschalter XCK-P510 XCKN2510P20;GE;SP1
1910498486;unbekannt;batch4;Sicherheitsmodul 24VAC/DC 3NO 6A 20/50;GE;SP1
1910498506;unbekannt;batch4;Magnetischer Induktor (1 NO) CMC4+;GE;SP1
1910498507;unbekannt;batch4;Magnetischer Induktor (1 NO) CMC4+ öffn.;GE;SP1
1910498666;unbekannt;batch4;Induktiv Sensor E1-M12/55-200 B324(X324);GE;SP1
1910498698;unbekannt;batch4;Achse unteres Rad Aufhängung VF-08;GE;SP1
1910498988;unbekannt;batch4;Positionierungsmodul CMC-4+Voröffnung;GE;SP1
1910499018;unbekannt;batch4;Testhaken 2000KG;GE;SP1
1910499058;unbekannt;batch4;Etagenanzeige-Magnet (80mm);GE;SP1
1910499068;unbekannt;batch4;Magnethalter-Baugruppe CMC-4 doppelt;GE;SP1
1910499069;unbekannt;batch4;Magnethalter-Baugruppe CMC-4;GE;SP1
1910499202;unbekannt;batch4;Lichtgehäuse CMC4+ 20.50;GE;SP1
1910499209;unbekannt;;Lichtanzeige 600X600 niedriges Profil;GE;SP1
1910499258;P1E=EU Löschvermerk;;LED-Beleuchtungsanzeige 300X300;EU;SP5
1910499268;unbekannt;batch4;LED-Beleuchtungsanzeige 600x600 NEU;GE;SP1
1910499275;unbekannt;batch4;Auto-LED-Streifen 24V 250MM;GE;SP1
1910499276;unbekannt;batch4;LED-Streifen Auto 24V 500MM;GE;SP1
1910499280;unbekannt;batch4;LED-Streifen-Kit Schacht 7 Haltest. Mod;GE;SP1
1910499294;unbekannt;batch4;600X600 LED-Beleuchtungsanzeige;GE;SP1
1910499314;unbekannt;batch4;MEMCO Vorhanganker-Kit;GE;SP1
1910499315;unbekannt;batch4;Lichtvorhang KIT Zentrale Öffnung;GE;SP1
1910499318;unbekannt;batch4;Montagesatz rechts öffnende Aufzugstür;GE;SP1
1910499319;unbekannt;batch4;BEFESTIGUNGSSET FÜR TELESKOP COMPACT;GE;SP1
1910499324;unbekannt;batch4;Lichtvorhang MEMCO E10 36 81:20/50;GE;SP1
1910499435;unbekannt;batch4;LOP-51 Schwarz DB02 Hoch Schwarz;GE;SP1
1910499436;unbekannt;batch4;LOP-51 Schwarz DB02 Hoch und Runter;GE;SP1
1910499438;unbekannt;batch4;LOP-51 Edelstahl DB02 Hoch TKE;GE;SP1
1910499439;unbekannt;batch4;LOP-51 Edelstahl DB02 Hoch und Runter;GE;SP1
1910499487;unbekannt;batch4;Tastenfeld LOP-50 Edelstahl 1 Taste;GE;SP1
1910499488;unbekannt;batch4;Tastenfeld LOP-50 Edelstahl 2 Tasten;GE;SP1
1910499508;unbekannt;batch4;Vandalisicher Schlüsselschalter EUROKEY;GE;SP1
1910508646;66600000002;;SP Frequenzumrichter CT Allgemein;GE;SP2
1910508647;66600000019;;Frequenzumrichter CT Allgemein;GE;SP2
1910508648;66600000022;;SP Bremswiderstände CT;GE;SP2
1910508649;66600000023;;SP Netzfilter CT TIS2 MR;GE;SP2
1910508650;66600000024;;SP Netzdrossel CT TIS2 MR;GE;SP2
1910508651;66600000039;;SP CT Zubehör;GE;SP2
1910508652;66600000040;;SP CT Ersatzteile CTxxG MRL;GE;SP2
1910508653;66600000041;;SP CT Ersatzteile CTxx MR;GE;SP2
1910508654;66610000005;;CT09 + Variante TKE TIS2;Z0;SP1
1910508655;880731020091;;CT09 + Variante LE Klemmstecker;Z0;SP1
1910508656;880731020092;;CT09 + Variante LE DCP-Modul;Z0;SP1
1910508658;880731030091;;CT09G + Variante LE Klemmstecker;GE;SP1
1910508659;880731030092;;CT09G + Variante LE DCP-Modul;GE;SP1
1910508660;66670000002;;CT15 + Variante TKE TIS2;Z0;SP1
1910508661;880731020151;;CT15 + Variante LE Klemmstecker;Z0;SP1
1910508662;880731020152;;CT15 + Variante LE DCP-Modul;Z0;SP1
1910508664;880731030261;;CT26G + Variante LE Klemmstecker;GE;SP1
1910508665;880731030262;;CT26G + Variante LE DCP-Modul;GE;SP1
1910508666;66680000002;;CT32 + Variante TKE TIS2;Z0;SP1
1910508667;880731020321;;CT32 + Variante LE Klemmstecker;Z0;SP1
1910508668;880731020322;;CT32 + Variante LE DCP-Modul;Z0;SP1
1910508669;66630000004;;CT40G + Variante TKE TIS3;GE;SP1
1910508670;880731030401;;CT40G + Variante LE Klemmstecker;GE;SP1
1910508671;880731030402;;CT40G + Variante LE DCP-Modul;GE;SP1
1910508672;66690000002;;CT48 + Variante TKE TIS2;Z0;SP1
1910508673;880731020481;;CT48 + Variante LE Klemmstecker;Z0;SP1
1910508674;880731020482;;CT48 + Variante LE DCP-Modul;Z0;SP1
1910508675;66640000005;;CT60 + Variante TKE TIS2;Z0;SP1
1910508676;880731020601;;CT60 + Variante LE Klemmstecker;Z0;SP1
1910508677;880731020602;;CT60 + Variante LE DCP-Modul;Z0;SP1
1910508678;66640000004;;CT60G + Variante TKE TIS3;GE;SP1
1910508679;880731030601;;CT60G + Variante LE Klemmstecker;GE;SP1
1910508680;880731030602;;CT60G + Variante LE DCP-Modul;GE;SP1
1910508681;66650000003;;CT105 + Variante TKE TIS2;Z0;SP1
1910508682;880731020051;;CT105 + Variante LE Klemmstecker;Z0;SP1
1910508683;880731020052;;CT105 + Variante LE DCP-Modul;Z0;SP1
1910508684;66700000002;;CT50R + Variante TKE TIS3;Z0;SP1
1910508689;66610000002;;Frequenzumrichter CT 09;Z0;SP1
1910508696;66670000001;;Frequenzumrichter CT 15;Z0;SP1
1910508698;66630000003;;Frequenzumrichter CT40G Grundgerät;GE;SP1
1910508700;66680000001;;Frequenzumrichter CT 32;Z0;SP1
1910508704;66600000045;;ZB Leitungssatz DCP;Z0;SP1
1910508705;66690000001;;Frequenzumrichter CT 48;Z0;SP1
1910508706;66640000002;;Frequenzumrichter CT 60;Z0;SP1
1910508707;66640000003;;Frequenzumrichter CT60G Grundgerät;GE;SP1
1910508709;66650000002;;Frequenzumrichter CT105;Z0;SP1
1910508710;66700000001;;Frequenzumrichter CT 50R;Z0;SP1
1910508714;65960011447;;ZB Leitung CAT5 10m ST-gew.ST;GE;SP1
1910508716;66600000030;;Ethernet Leitung X1 m;Z0;SP1
1910508717;66600000031;;Ethernet Leitung X2 m;Z0;SP1
1910508720;66600000026;;MCi210 Modul o.Sw Sonder;Z0;SP1
1910512139;unbekannt;;SKT Schraube M8x20 8.8 vz;GE;SP1
1910512142;unbekannt;;Federring A12 Federstahl vz;EU;SP5
1910512143;unbekannt;;Scheibe A8,4 St vz;GE;SP1
1910512147;unbekannt;;Kabelband Typ SST2I;GE;SP1
1910512164;unbekannt;;Scheibe 52/68x4 PVC;Z0;SP1
1910512165;unbekannt;;Scheibe 62/80x4 PVC;Z0;SP1
1910512166;unbekannt;;Scheibe 82/100x4 PVC;Z0;SP1
1910512170;P1E=EU Löschvermerk;;Pendelrollenlager 23220-2CS;EU;SP5
1910561510;unbekannt;;EasyGate LTE IP-Gateway ohne Modem;GE;SP1
1910561995;unbekannt;;Fangzange;GE;SP2
1910563947;unbekannt;;Achse D50x190;GE;SP1
1910563952;unbekannt;;ZB Isolationselement m. Unterlage 80hoch;GE;SP1
1910563957;unbekannt;;ZB Stuetze 650x251x5;GE;SP1
1910563980;unbekannt;;Zylinderschraube M4x35 8.8 vz;GE;SP1
1910563984;unbekannt;;Zylinderschraube M10x16 8.8 vz;GE;SP1
1910563997;unbekannt;;IC DIG EPROM MAX 27C256 DIP28;GE;SP1
1910563998;unbekannt;;IC DIG Eprom MAX 27C1001/27C010 DIP32;GE;SP1
1910564040;unbekannt;;Frequenzumrichter CPI/MFC15 Grund V3;GE;SP1
1910564041;unbekannt;;Frequenzumrichter CPI/MFC48 Grundg V3;GE;SP1
1910564102;unbekannt;;ZB Eprom MAX MF4 / MF4_0400;GE;SP3
1910564166;unbekannt;;SI CANopen Modul;GE;SP1
1910564202;unbekannt;;Seilrolle D540 x 240 Rohteil;GE;SP1
1910564203;unbekannt;;ZB Leiterplatte MC3 Microcomputer ECOR;GE;SP1
1910564204;unbekannt;;Leitung 4-polig SlimLop l=1500;GE;SP1
1910564205;unbekannt;;ZB Leitung Schachtbus kompakt;Z0;SP3
1910564206;unbekannt;;ZB Leiterplatte VQC;EU;SP5
1910564207;unbekannt;;Leitung CAN-BUS 600mm;GE;SP1
1910569112;65990009683;;ZB Notbremssteuerung NBS ROBAswitch;EU;SP5
1910569122;66610000010;;ZB Frequenzumrichter CT09 Grundgerät;GE;SP1
1910569123;66640000010;;ZB Frequenzumrichter CT60 Grundgerät;GE;SP1
1910569124;66650000010;;Frequenzumrichter CT105 Grundgerät;Z0;SP1
1910569125;66690000010;;ZB Frequenzumrichter CT48 Grundgerät;GE;SP1
1910573138;66680000010;;ZB Frequenzumrichter CT32 Grundgerät;GE;SP1
1910573139;66660000010;;ZB Frequenzumrichter CT15 Grundgerät;GE;SP1
1910575820;unbekannt;;"IC DIG CF 32007 NW I DIP28 0,6"" Zaehler";Z0;SP1
1910575821;65100009255;;Core-Modul MHC;AE;SP6
1910575822;65410009211;;Netzteil NDR-480-24;GE;SP1
8000694839;5000780;;Zylinderschraube M10x16 8.8 vz;AE;SP6
8000786445;unbekannt;;Scheibenbremse SC500 4500 Nm;EU;SP5
8000812669;unbekannt;;Scheibenbremse SC500 4500 Nm CSA;GE;SP1
8000874050;unbekannt;;PWB-KARTE HV05;GE;SP1
8000921139;6581004010;P1E=EU Löschvermerk;Haftmagnet D130 100/50VDC;EU;SP5
8001292849;unbekannt;;Flachbeutel 500x300x0,3;Z0;SP1
8001332309;4007356;;Treibscheibe TW63B D450x132 Rohteil;;
8001332310;4007366;;Treibscheibe TW63B D510x132 Rohteil;;
8001332311;4006186;;Treibscheibe TW63B D520x135 Rohteil;;
8001332312;4007376;;Treibscheibe TW63B D590x132 Rohteil;;
8001332313;4007386;;Treibscheibe TW63B D675x96 Rohteil;;
8001332324;62310002966;;Treibscheibe TW45C D440 Rohteil;;
8001332325;62310002967;;Treibscheibe TW45C D520 Rohteil;;
8001332329;62330006975;;Treibscheibe TW130 D540 Rohteil;;
8001332330;62330006977;;Treibscheibe TW130 D640 Rohteil;;
8001332331;62330009225;;Treibscheibe TW130 D720 Rohteil;;
8001332332;unbekannt;;Treibscheibe TW130 D900 Rohteil;;
8001332382;6030031010;;ZB Blockierungsklemme TW160;GE;SP1
8001346076;62340009244;;Treibscheibe TW160 D560 Rohteil;;
8001346077;4006686;;Treibscheibe TW160 D640 Rohteil;;
8001346078;4006696;;Treibscheibe TW160 D720 Rohteil;;
8001346079;4006716;;Treibscheibe TW160 D800 Rohteil;;
8001346250;4006456;;Treibscheibennabe W332C Rohteil;;
8001346251;4005986;;Treibscheibenkranz D640x180 Rohteil;;
8001346252;4001586;;Treibscheibenkranz D640x215 Rohteil;;
8001346253;4006586;;Treibscheibenkranz D700x215 Rohteil;;
8001346254;4006596;;Treibscheibenkranz D700x180 Rohteil;;
8001346255;4004336;;Treibscheibenkranz D740x160 Rohteil;;
8001346256;4005976;;Treibscheibenkranz D740x215 Rohteil;;
8001346257;4005886;;Treibscheibenkranz D800x160 Rohteil;;
8001346258;4004586;;Treibscheibenkranz D800x215 Rohteil;;
8001360486;unbekannt;;Wellendichtring AS 170x200x15 NBR;EU;SP5
8001363188;62480000059;;Halter Filtermatte SF600;GE;SP1
8001363227;0500355034;;Buchse MB 4020 DU;GE;SP1
8001363484;62490009397;;Halter Filtermatte SF1000;GE;SP1
8001414312;99000010865;;Scheibenbremse SC500M 4500 Nm CSA;GE;SP1
8001442624;60300009255;;ZB Seilablaufschutz TW45 SR450;;
8001442625;60300009259;;ZB Seilablaufschutz TW45 DP=360mm;;
8001442627;6030013110;;ZB Lagerstuetze 360 R;;
8001442628;6030014110;;ZB Lagerstuetze 360 L;;
8001442629;6030015110;;ZB Lagerstuetze 450 R;;
8001442630;6030016110;;ZB Lagerstuetze 450 L;;
8001442631;6030017110;;ZB Lagerstuetze 540 R;;
8001442632;6030018110;;ZB Lagerstuetze 540 L;;
8001442634;6030120110;;Strebe 369x130,5x5;;
8001442638;62310003857;;ZB Maschinenrahmen TW45C o.SR;;
8001442639;62310009280;;BT Stützen und Lagerstuetzen TW45+TW63;;
8001442640;6030020110;;ZB Stuetze 650x372x5;;
8001442641;62320009287;;BT Achshalter an Lagerstütze D80;;
8001442642;6232001100;;ZB Maschinenrahmen TW63B o.SR;;
8001442643;6232005100;;ZB Rahmenoberteil BO m.SR TW63B;;
8001442644;62330008411;;ZB Maschinenrahmen TW130 o.SR;;
8001442645;62330009207;;ZB Stuetze Maschinenrahmen TW130;;
8001442646;62330009208;;ZB Maschinenrahmen TW130 m.SR Oberteil;;
8001442647;62330009214;;Seilschutzbuegel Rollenbock TW130;;
8001442648;62330009248;;ZB Seilniederh Erdb SR 450/540x160 TW130;;
8001442649;62330009263;;BT Stützen und Rollenbock TW130;;
1910366023;99500011358;;Leitungsschutzschalter 13A 1P B C60H;GE;SP1
8001442612;99500011334;;Scheibenbremse SC500M 4500 Nm;GE;SP1
1910209234;6073206240_L P1E=EU Löschvermerk;;Fuehrungsschuh L280 Schiene 16mm;GE;SP1
1000258427;99000010909;;Palette 200cm*110cm;EU;SP5
1000259897;unbekannt;;Umreifungsband 9x0,55mm 4km;GE;SP1
8001465358;99500012094;;Drehgeber 2048 BISSC KonusF 3m 2rs;GE;SP1
1910165632;unbekannt;;EUROKEY STD KIT COP ON/OFF SCHALTEN;Z0;SP1
1000260370;60230009913;;ZB Geschw.begrenzer Jungblut HJ 300 L;GE;SP2
1000260371;60230009914;;ZB Geschw.begrenzer Jungblut HJ 300 R;GE;SP2
8001363426;62480010087;;Zugstange SF700;GE;SP2
1910076504;P1E=EU Löschvermerk;;Gleitschuh-Einlage 5 mm 100x20x30 mm;EU;SP2
1910160645;unbekannt;batch4;DRUCK TASTEr PFEIL NACH OBEN BST BAMSC037;GE;SP1
1910046698;unbekannt;batch4;Taster S1 BST LOP 1 Pfeil;GE;SP1
1000226514;unbekannt;batch4;KABEL WECO TX 03.G5.UF11.AMP;GE;SP1
1910046724;unbekannt;batch4;CMC4+ 20,50 & MOD-ANSCHLUSS IMC-KARTE;GE;SP1
1910160616;unbekannt;batch4;"TASTER DB02  TAKTIL/BRAILLE ""-2""";GE;SP1
1910092466;unbekannt;batch4;Tür Kontakt CD10/LD10 L;GE;SP1
1910046632;unbekannt;batch4;LADEPLATINEN UCP - CMC4;GE;SP1
1910060496;unbekannt;batch4;Schlüssel STS Code 9056;GE;SP1
1910148030;unbekannt;batch4;STROMVERSORGUNG LED-PLATTE 40 W;GE;SP1
1910092476;unbekannt;batch4;LED-Panel 310x310 Notbeleuchtung + Trafo;GE;SP1
1000229224;unbekannt;batch4;LED-Panel 595X595;GE;SP1
1910160648;unbekannt;batch4;STROMVERSORGUNG LADEGERÄT PSC35A-C;GE;SP1
1910049170;unbekannt;batch4;Ladegewicht Kabel Q = 630 KG;EU;SP5
1910060458;10083164 Nr. SBC Spain;batch4;Karte UBF CMC4+ 20-50 & MOD;GE;SP1
1910046725;unbekannt;batch4;Karte UCC CMC4;GE;SP1
8000841771;99500012075;1910047519;Türantrieb DM180+DMIC-II-C (linke Tür);GE;SP1
8000841730;99500012075;1910047519;Türantrieb DM180+DMIC-II-C (rechte Tür);GE;SP1
1000261953;unbekannt;;TKE Aufkleber Achtung Strom 105x148mm;GE;SP1
1000261894;unbekannt;;TKE Betriebsheft A5;Z0;SP1
8000831074;;;ZB Begrenzer GBTK 6024-500S GBTK 6024-50;GE;SP2
8001409511;62440000306;;ZB Handlueftung Bremse SC500L;GE;SP3
8001290577;99000011906;;Schild 15x50 inklusiv Laminat;;SP1
1000262235;62430001018;;Treibscheibe DAF270M D440 Rohteil;GE;SP2
8000831072;;;ZB Begrenzr GBTK 6024-300S GBTK 6024-30;GE;SP2
8000831075;unbekannt;;ZB Begrenzer GBTK 6024-500S GBTK 6024-50;GE;SP2
8000804614;;;ZB GBTK 6024-300M;GE;SP2
1000262273;unbekannt;;LED-Röhre T9,Ring, D=216mm Tageslicht;GE;SP1
1000099485;10082623;batch4;KARTE PIA CMC4+ 20.50;GE;SP1
1000234736;10085572 Nr. SBC Spain! P1E=EU Löschvermerk;batch4;Steuerplatine UBF-CMC4+;GE;SP1
1910497121;10077442 Nr. SBC Spain;batch4;SEILBUCHSE  6, 6 MM MIT FEDER (SYNERGY);GE;SP1
1910499062;10077204 Nr. SBC Spain;batch4;NIVELLIERMAGNET L=280 mm;GE;SP1
1910499295;10082606 Nr. SBC Spain;batch4;LED Leuchtfeld PIC 100x100;GE;SP1
1910499316;10085658 Nr. SBC Spain;batch4;VORHANGVERANKERUNGSSATZ KOMPAKT ZENTRAL;GE;SP1
1910002925;batch5;8850821057;UPS IDG1600 (1600VA) 20/50 IDG1600;GE;SP1
1910052762;batch5;8830000612;Relais Finder 40.52;GE;SP1
1910052905;batch5;8850003563;Türkontakt Brücke zu TK5 Langlöcher;GE;SP1
1910163145;batch5;;Gegengewichtspufferkasten;Z0;SP1
1910163214;batch5;;Seilspannroll-Baugr Ex2-L-keine Gewichte;Z0;SP1
1910163597;batch5;;Bügelriemen ohne Feder;Z0;SP1
1910163598;batch5;;Bügelriemen mit Feder;Z0;SP1
1910163601;batch5;;BPSTK 5300N AL O40-12.5 0.6m USB;Z0;SP1
1910163620;batch5;;LED-Feld-Baugruppe (280 x 280);Z0;SP1
1910165019;batch5;;CIB-KARTE;Z0;SP1
1910165020;batch5;;EA241 WARTUNGS-HANDLAMPE;Z0;SP1
1910165027;batch5;;INSPEK.STEUERUNG FAHRKORB OHNE STECKDOSE;Z0;SP1
1910165034;batch5;;FAHRKORB NOTLEUCHTE EA200;Z0;SP1
1910165036;batch5;;KURZER MAGNET;Z0;SP1
1910165039;batch5;;BG270 ZONENPOSITIONSSENSOR;Z0;SP1
1910165041;batch5;;BG282D UNTERER SENSOR FÜR LANGS ABSENKEN;Z0;SP1
1910165042;batch5;;BG282U UNTERER SENSOR FÜR LANGS ANHEBEN;Z0;SP1
1910165052;batch5;;BG281T OBERER FÜLLSTANDSSENSOR;Z0;SP1
1910165053;batch5;;BG281B UNTERER FÜLLSTANDSSENSOR;Z0;SP1
1910165076;batch5;;CIO-KARTE;Z0;SP1
1910165077;batch5;;WLAN-KARTE;Z0;SP1
1910165078;batch5;;ECB (SOM) KARTE;Z0;SP1
1910165085;batch5;;LONG WAY 6FM9-12V 9A/H BATTERY;Z0;SP1
1910165088;batch5;;TKE.PWB NETZKARTE;Z0;SP1
1910165089;batch5;;ICB1-KARTE;Z0;SP1
1910165097;batch5;;SZ310  BED.FELD F-STECKER/LEUCHTE L=0,5M;Z0;SP1
1910165098;batch5;;SZ310  BED.FELD E-STECKER/LEUCHTE L=0,5M;Z0;SP1
1910165104;batch5;;SG100 GRUBEN-NOTAUS-SCHALTER L=0,5M;Z0;SP1
1910165132;batch5;;SG100.1 MASCHINE NOTAUSSCHALTER;Z0;SP1
1910165146;batch5;;7'' ANZEIGE +XPU-KARTE;Z0;SP1
1910165153;batch5;;ANZEIGE-SCHAUGLAS;Z0;SP1
1910165155;batch5;;COP SPRECHMODUL DISC301-C2;Z0;SP1
1910165162;batch5;;COP NOTLEUCHTENMODUL;Z0;SP1
1910165163;batch5;;CPB-KARTE;Z0;SP1
1910165177;batch5;;LOP31 TASTE NACH UNTEN m/LBI;Z0;SP1
1910165179;batch5;;LOP31 TASTE NACH OBEN+ UNTEN m/LBI;Z0;SP1
1910165187;batch5;;LIDC31 STOCKWERK FAHRKORB-PFEILANZEIGE;Z0;SP1
1910165188;batch5;;UMRICHTER HVI-6;Z0;SP1
1910165198;batch5;;KAMERA-SET V1;Z0;SP1
1910165199;batch5;;BESCHLEUNIGUNGSMESSER;Z0;SP1
1910165205;batch5;;LED-BAND-SCHACHTBELEUCHTUNG L=X;Z0;SP2
1910165216;batch5;;MAXi+ANTENNEN (VODAFONE);Z0;SP1
1910165254;batch5;;DMC 6 USB;Z0;SP1
1910165255;batch5;;MAXi+ANTENNEN (ORANGE);Z0;SP1
1910165256;batch5;;SCHRANKSPRECHANLAGE DISC301-D2;Z0;SP1
1910165417;batch5;;WD140.1+BG141 SCHÜRZE KONTAKT KIT;Z0;SP1
1910165428;batch5;;HVI-6 I/0 ELEKTRONIKPLATINE;Z0;SP1
1910165429;batch5;;HVI-6 BREMSSTEUERPLATINE;Z0;SP1
1910165430;batch5;;HVI-6 LÜFTER;Z0;SP1
1910197753;batch5;;NB1 Leistungsschutzschlater 4 polig;Z0;SP1
1910197754;batch5;;NB1L Fehlerstrom-Schutzschalter;Z0;SP1
1910197755;batch5;;NB1 Hilfskontaktschalter;Z0;SP1
1910197756;batch5;;NB1 Hilfskontaktschalter;Z0;SP1
1910197757;batch5;;Impulsrelias, 1P,1NO, 16A,230-240VAC;Z0;SP1
1910197758;batch5;;Relais mit Fassung  HFA4;Z0;SP1
1910197759;batch5;;Steckdose Serie MSC IP54 BLACK Rail;Z0;SP1
1910197760;batch5;;NB1L Fehlerstrom-Schutzschalter;Z0;SP1
1910197761;batch5;;NB1L Fehlerstrom-Schutzschalter;Z0;SP1
1910197762;batch5;;SOP (Service-Bedienfeld);Z0;SP1
1910197763;batch5;;Schützausrüstung;Z0;SP1
1910197764;batch5;;Sicherheitsschalter  (Schachtleiter);Z0;SP1
1910197765;batch5;;Endschalter;Z0;SP1
1910197766;batch5;;Endschalter;Z0;SP1
1910197767;batch5;;EIT Schutz + Schalttafelabdeckung;Z0;SP1
1910197768;batch5;;EIT CB Module;Z0;SP1
1910197769;batch5;;Werkzeuge Handlauf;Z0;SP1
1910197770;batch5;;EIT-Kabelbaum;Z0;SP1
1910197771;batch5;;LIP (Board);Z0;SP1
1910197773;batch5;;Gleitschiene für Rollen ASA0002AL;Z0;SP1
1910197775;batch5;;ZUBEHÖR FÜR LADEAUFZUG XCA.0075;Z0;SP1
1910197777;batch5;;Gleitschuhhalter MACLA ASA 0015;Z0;SP1
1910197779;batch5;;Brugg-Gurt 43 kN;Z0;SP1
1910498317;batch5;8830000611;Relais Finder 40.52;GE;SP1
1910668161;batch5;8850005551;Luftfilter Set RAS-Wagner;GE;SP1
1910668162;P1E=EU Löschvermerk;;Luftfilter;EU;SP5
1910668163;batch5;8850005553;Rauchspray;Z0;SP1
1910668164;batch5;8850005554;Rauchstift;GE;SP1
1910668165;batch5;8850005555;Schlüssel;GE;SP1
1910668166;batch5;8850005557;Rauchmelderkopf CT 3000;GE;SP1
1910668167;batch5;8850005558;Rauchmelderkopf Esser SD-O 371;GE;SP1
1910668168;batch5;8850005559;Rauchmelderkopf;GE;SP1
1910668169;batch5;8850005561;UBM 20, Detektormodul SSD 533;GE;SP1
1910668170;batch5;8850005564;Detektionseinheit;GE;SP1
1910668171;batch5;8850005566;Akku 1,2 A 12V;GE;SP1
1910668172;batch5;8850005567;Akku 2,3 A 12V;GE;SP1
1910668173;batch5;8850005568;Akku 3,4 A 12V;GE;SP1
1910668174;batch5;8850005569;Akku 0,8 A 12V;GE;SP1
1910668175;batch5;8850055020;UBM 20, Detektormodul SSD 535;GE;SP1
1910668176;batch5;8850055022;UBM 21, RWA;GE;SP1
1910668177;batch5;8850055024;Akku 12V 12Ah;GE;SP1
1910668178;batch5;8850055038;UBM 401 BTR Maschinenraum;GE;SP1
1910668179;batch5;8850821056;USV-Anlage 1200VA/720W;GE;SP1
1910668180;batch5;ES1000118008;Batterie 12 V 18 Ah ARD;GE;SP1
1910668181;batch5;8850004313;Pendelrolle;GE;SP1
1910668182;batch5;8850004651;Ersatzfilter RAS;GE;SP1
1910668183;batch5;8850004661;Notstrombatterie 12 V, 3,4 Ah;GE;SP1
1910668184;batch5;8850000058;Führungsrolle für RFP D125 mm;GE;SP1
1910668185;batch5;8850003056;Gleitführung;GE;SP1
1910668186;batch5;8850003082;Rolle VSL 50/10x15 VU 93° Lager 6000;GE;SP1
1910668187;batch5;8850003085;Türführung PE 100x36,2x7,6;GE;SP1
1910668189;batch5;8850003847;Anschlagdämpfer D20/10,3 x 20;GE;SP1
1910668190;batch5;8850003898;Rolle VSL 75/17x20/10 VU 93° Lager 6203;GE;SP1
1910668191;batch5;8850004323;Einlage TPU 5mm;GE;SP1
1910668192;batch5;8850004326;Führungsschuheinlage 1414 NE, L140mm;GE;SP1
1910668193;batch5;8850004837;Führungsschuheinlage EM 10 PA, L140mm;GE;SP1
1910668194;batch5;8850004847;Türführung 100/94x35x10mm;GE;SP1
1910668195;batch5;8850004854;Führungseinlage 9 PEC 140x29,5x30mm;GE;SP1
1910668196;batch5;8850004861;Türlaufrolle PA6G Lager 6202;GE;SP1
1910668197;batch5;8850005400;Türführung 35x10,5x18mm;GE;SP1
1910668198;batch5;8850005415;Rolle VSL 100/20x30 VU 93° Lager 6204;GE;SP1
1910668199;batch5;8850005416;Führungseinlage EM 10 PE;GE;SP1
1910668200;batch5;8850005417;Führungseinlage EM 16 PA;GE;SP1
1910668201;batch5;8850005429;Führungsschuheinlage, Cell-VU;GE;SP1
1910668202;batch5;8850008000;Führungsschuh VS-60 TPU;GE;SP1
1910668203;batch5;8850008001;Futterblech für Halteschuh 140mm;GE;SP1
1910668204;batch5;8850008005;Führungseinlage grün EM 14 PA;GE;SP1
1910668205;batch5;8850008006;Führungseinlage rot EM 14 PU;GE;SP1
1910668206;batch5;8850008008;Einlage EK 5 PU 100x20x30mm;GE;SP1
1910668207;batch5;8850008009;Führungseinlage rot EK 9 PU;GE;SP1
1910668208;batch5;8850008010;Führungseinlage EKU 5 PU;GE;SP1
1910668209;batch5;8850008011;Führungseinlage TPU 1416 NE;GE;SP1
1910668210;batch5;8850008012;Führungseinlage grün EK 5 PA;GE;SP1
1910668211;batch5;8850008013;Führungseinlage rot EL 16 PU;GE;SP1
1910668212;batch5;8850008015;Führungseinlage EMU 16 PE;GE;SP1
1910668213;batch5;8850008017;Führungseinlage TPU 1409 NE;GE;SP1
1910668214;batch5;8850008023;Türblattführung 100x35x11,5;GE;SP1
1910668215;batch5;8850008028;Schienenöler Kunststoff;GE;SP1
1910668216;batch5;8850008030;Schienenöler 5mm;GE;SP1
1910668217;batch5;8850008031;Schienenöler 16mm;GE;SP1
1910668218;batch5;8850008033;Ölauffangbehälter 16mm;GE;SP1
1910668219;batch5;8850820155;Führungsschuheinlage EM 5 PU;GE;SP1
1910668220;P1E=EU Löschvermerk;;Ölauffangbehälter, rund D160;EU;SP5
1910668221;batch5;8850820232;Ölauffangbehälter ,eckig;GE;SP1
1910668222;batch5;8850820851;Türlaufrolle PAG;GE;SP1
1910668223;batch5;8850820879;Türblattführung PE;GE;SP1
1910668224;batch5;8860995981;Türlaufrolle VF92 PA6G Lager 6201;GE;SP1
1910668225;batch5;8840S30003;Einlage 15 PEC Cell-VU;GE;SP1
1910668226;P1E=EU Löschvermerk;;Türkontakt und Brücke 60mm;EU;SP5
1910668227;batch5;8850007136;Zahnriemen HTD 5M 1;GE;SP1
1910668229;batch5;8850007139;Zahnriemen RPP5;GE;SP2
1910668230;batch5;8850007143;Synchronisationsseil;GE;SP2
1910668231;P1E=EU Löschvermerk;;Rolle, PFR-04;EU;SP5
1910668232;batch5;8850007156;Rolle, PFR-38;GE;SP1
1910668233;P1E=EU Löschvermerk;;Rolle, PFR-62;EU;SP5
1910668234;P1E=EU Löschvermerk;;Rolle, PFR-08;EU;SP5
1910668235;P1E=EU Löschvermerk;;Rolle, PFR-09;EU;SP5
1910668236;P1E=EU Löschvermerk;;Ritzel;EU;SP5
1910668237;P1E=EU Löschvermerk;;Mitnehmerrolle Satz 915mm;EU;SP5
1910668238;batch5;8850007168;Mitnehmerrolle Satz;GE;SP1
1910668239;batch5;8850007273;Sicherheitsfeder, L442 mm;GE;SP1
1910668240;batch5;8850007289;Gummianschlag Türverriegelung M6x25 mm;GE;SP1
1910668241;batch5;8850007303;Führungsschuh 8mm;GE;SP1
1910668242;batch5;8850007304;Führungsschuh 25mm Turflügel;GE;SP1
1910668243;batch5;8850007305;Führungsschuh 16mm;GE;SP1
1910668244;batch5;8850007306;Führungsschuh;GE;SP1
1910668245;batch5;8850007308;Führungsschuh 140mm;GE;SP1
1910668246;batch5;8850007313;Führungsschuh 90mm;GE;SP1
1910668247;P1E=EU Löschvermerk;;Türkontakt und Brücke 40mm;EU;SP5
1910668248;batch5;8850007336;Türkontakt und Brücke 50mm;GE;SP1
1910668249;batch5;8850007353;Türkontakt und Brücke;GE;SP1
1910668250;batch5;8850007354;Türsteuergerät VF4+;EU;SP5
1910668251;batch5;8850007358;Türsteuergerät VF5;GE;SP1
1910668252;batch5;8850007378;Gegendruckrolle S/K T2, C4;GE;SP1
1910668253;batch5;8850007379;Führungsschuh T2,C4;GE;SP1
1910668255;batch5;8850007384;Mitnehmerschwert mit Kontakt;GE;SP1
1910668256;batch5;ENC6005010;Akkumulator 12 V 1,2 Ah;Z0;SP1
1910668257;batch5;8840300782;Notentriegelungsschlüssel Dreikant M5;GE;SP1
1910668258;P1E=EU Löschvermerk;;Schachtumschalter 3-polig;EU;SP5
1910668260;batch5;8850003188;Betätigungskralle Sicherheitsschalter WZ;GE;SP1
1910668262;batch5;8850003785;Brücke;GE;SP1
1910668263;batch5;8850004047;Notentriegelungsschlüssel CS;GE;SP1
1910668264;batch5;8850004400;Kontaktbrücke PZ 24;GE;SP1
1910668265;batch5;8850004401;Unterlage PZ - U5;GE;SP1
1910668266;batch5;8850820644;Türverriegelung Riegelbüchse 'B';GE;SP1
1910668267;P1E=EU Löschvermerk;;Notentriegelungsschlüssel D12;EU;SP5
1910668268;batch5;8850003008;Schlüssel MAP;GE;SP1
1910668269;batch5;8850003076;Türverriegelung SE7/SBE6;GE;SP1
1910668270;batch5;8850003118;Puffer D20;GE;SP1
1910668271;batch5;8850003129;Einlage L200;GE;SP1
1910668272;batch5;8850003139;Türkontakt ADL;GE;SP1
1910668273;batch5;8850003145;Notentriegelungsschlüssel;GE;SP1
1910668274;batch5;8850003158;Riegelbüchse transparent;GE;SP1
1910668275;batch5;8850003162;Führung 6mm;GE;SP1
1910668276;batch5;8850003349;Filzstreifen;GE;SP1
1910668277;batch5;8850003367;Keilriemennabe, D38 mm;GE;SP1
1910668278;batch5;8850003422;Zugfeder C82;GE;SP1
1910668279;batch5;8850003425;Notentriegelungsschlüssel L230;GE;SP1
1910668280;batch5;8850003539;Schlüssel Notentr. M6 re Gew. L70;GE;SP1
1910668281;batch5;8850003551;Schlüssel Notentr. M6 li Gew. L70;GE;SP1
1910668282;batch5;8850003561;Türkontaktbrücke (keine Langlöcher);GE;SP1
1910668284;batch5;8850003594;Signallampe BA9S 24V 1W;GE;SP1
1910668285;batch5;8850003690;Türkontakt Kone Schiebetür;GE;SP1
1910668286;batch5;8850004012;Positionsschalter;GE;SP1
1910668287;batch5;8850004020;Notentriegelungsschlüssel M6;GE;SP1
1910668288;batch5;8850004023;Gummipuffer D11;GE;SP1
1910668289;batch5;8850004028;Türführung groß;GE;SP1
1910668290;batch5;8850004040;Türführung komplett (Satz = 2);GE;SP1
1910668291;batch5;8850004115;Türverriegelung L2 (TV02/247);GE;SP1
1910668292;batch5;8850004413;Zugfeder TS6;GE;SP1
1910668293;batch5;8850004808;Feder zu Drehtüre;GE;SP1
1910668294;batch5;8850004928;Laufrolle D56 mm;GE;SP1
1910668295;batch5;8850004937;Türkontak PZ73D/B 18mm;GE;SP1
1910668296;batch5;8850005919;Türverriegelung DR0;GE;SP1
1910668297;batch5;8850008007;Führungseinlage 5,5;GE;SP1
1910668298;batch5;8850008051;Notentriegelungsschlüssel L193 mm;GE;SP1
1910668299;batch5;8850008056;Nylonkordel L1540 mm;GE;SP1
1910668300;batch5;8850008058;Gummipuffer Laufwagenschlange;GE;SP1
1910668301;batch5;8850820643;Türverriegelung;GE;SP1
1910668302;batch5;8850003021;Berührschutz für Türkontakt 5KS;GE;SP1
1910668303;batch5;8850003061;Türrolle D45;GE;SP1
1910668304;batch5;8850003093;Nylonkordel D 3mm;GE;SP1
1910668305;batch5;8850004718;Umlenkrolle;GE;SP1
1910668306;batch5;8850007374;Laufrolle D 54 mm;GE;SP1
1910668307;batch5;8850008002;Führungseinlage 16mm;GE;SP1
1910668308;batch5;8850008003;Führungseinlage 10mm;GE;SP1
1910668309;batch5;8850008016;Laufrolle D 50 mm;GE;SP1
1910668310;batch5;8850008024;Türführung;GE;SP1
1910668311;batch5;8850008040;Türkontakt C3;GE;SP1
1910668312;batch5;8850008041;Rollenschalter;GE;SP1
1910668313;batch5;8850008047;Notentriegelung;GE;SP1
1910668314;batch5;8850008050;Notentriegelungsschlüssel Dreikant;GE;SP1
1910668315;batch5;8850003566;Magnetschalter BN 32-R;GE;SP1
1910668316;batch5;8850004055;Türkontakt AZ07 K mit Brücke;GE;SP1
1910668318;batch5;8850004059;Magnetschalter BN 65-RZ;GE;SP1
1910668319;batch5;8850004833;Auslösemagnet Kpl.;GE;SP1
1910668320;batch5;8850005488;Leuchttaster ELAN;GE;SP1
1910668321;batch5;8850820256;Magnetschalter BN 325-R-1279;GE;SP1
1910668322;batch5;8850820811;Türkontaktbrücke AZ 02 B/16;GE;SP1
1910668323;batch5;8850004927;Magnetschalter MKF24ARAKX;GE;SP1
1910668324;batch5;8850005100;Notlichtgerät KNSG 300 V002;GE;SP1
1910668325;batch5;8850003007;Motor für Türantrieb;GE;SP1
1910668326;batch5;8850005495;Türsteuergerät TSG V4;GE;SP1
1910668327;batch5;885003315;Gegendruckrolle für Blechtürblatt;GE;SP1
1910668329;batch5;885003331;Kontaktbrücke AZ 06/07 B/21;GE;SP1
1910668330;batch5;885003332;Zwangstürkontakt rund;GE;SP1
1910668331;batch5;885003337;Zugfeder mit Öse;GE;SP1
1910668332;batch5;885003342;Gummipuffer Typ A;GE;SP1
1910668333;batch5;885003343;Anschlagpuffer;GE;SP1
1910668334;batch5;885003344;Mikro - Schalter;GE;SP1
1910668335;batch5;8850003020;Türblattführung;GE;SP1
1910668336;batch5;8850003051;Türkontakt;GE;SP1
1910668337;batch5;8850003053;Schließfeder (Zugfeder);GE;SP2
1910668338;batch5;8850003330;Rollenschließgewicht ohne Kugellager;GE;SP1
1910668339;batch5;8850003332;Gummipuffer mit Gewinde;GE;SP1
1910668340;batch5;8850003340;Rolle für Hakenriegel;GE;SP1
1910668341;batch5;8850003361;Verstellbare Türverkleidungsführung;GE;SP1
1910668342;batch5;8850003375;Teleskopseil Tür;GE;SP2
1910668343;batch5;8850003387;O - Ring;GE;SP1
1910668344;batch5;8850003388;Türkontakt zwang;GE;SP1
1910668346;batch5;8850003392;Schließgewichtsseil Perlon;GE;SP1
1910668347;batch5;8850003395;Seilbefestigung 1;GE;SP1
1910668348;batch5;8850003626;Verriegelungsrolle für TA 9V;GE;SP1
1910668349;batch5;8850003632;Teleskopseil 1000mm;GE;SP1
1910668350;batch5;8850003633;Beipackbeutel für Seile;GE;SP2
1910668351;batch5;8850003634;Rolle für Teleskopseil;GE;SP1
1910668352;batch5;8850003635;Laufrolle Ø 65 komplett langsam;GE;SP1
1910668353;batch5;8850003636;Laufrolle D65 komplett schnell;GE;SP1
1910668354;batch5;8850003654;Seilbefestigung;GE;SP1
1910668355;batch5;8850003714;Gummipuffer;GE;SP1
1910668356;batch5;8850004024;Gegendruckrolle;GE;SP1
1910668357;batch5;8850004802;Klemmplatte für Zahnriemen;GE;SP1
1910668358;batch5;8850004824;Türkontakt Typ PZ 73 / IP20;GE;SP1
1910668359;batch5;8850004825;Führungsblech;GE;SP2
1910668361;batch5;8850820792;Schließgewichtsseil Perlonseil;GE;SP1
1910668362;batch5;8850820804;Steuergerät;GE;SP1
1910668363;batch5;8850821074;Verriegelung links;GE;SP1
1910668364;batch5;8860995191;Schließfeder TTS 5;GE;SP1
1910668365;batch5;8850003204_N;Gegendruckrolle komplett mit Bolzen 1;GE;SP1
1910668366;batch5;8850003205_N;Verriegelung komplett, links;GE;SP1
1910668367;batch5;8850003210_N;Gegendruckrolle komplett mit Schraube;GE;SP1
1910668368;batch5;8850003212_N;Teleskopseil;GE;SP2
1910668369;batch5;8850003213_N;Kontaktbrücke Typ PZ 21;GE;SP1
1910668370;batch5;8850003214_N;Schließgewichtsseil;GE;SP2
1910668371;batch5;8850003216_N;Gummipuffer für Schließgewicht;GE;SP1
1910668372;batch5;8850003224_N;Gegendruckrolle komplett mit Bolzen;GE;SP1
1910668373;batch5;8850003225_N;Türkontakt Typ AZ 06 KT;GE;SP1
1910668374;batch5;8850003226_N;Zugfeder für Mitnehmer;GE;SP1
1910668375;batch5;8870000048;Hilfsstromgerät HSG 121.2 G;;SP1
1910668376;batch5;8850005438;LED Röhre, T8, 20 W, 840, L: 1200 mm;Z0;SP1
1910668377;batch5;8850005475;LED Röhre, T8, 22 W, 840, L: 1500 mm;Z0;SP1
1910668378;batch5;8850005500;LED Modul Clio;Z0;SP1
1910668379;batch5;8850003090;Türverriegelung LR 180;;SP1
1910668380;batch5;8850004382;S1D Riegel links, Ersatzriegel;;SP1
1910668381;batch5;8850003596;Hilfsstromquelle 12V 2Ah waagerechte;Z0;SP1
1910668382;batch5;8850005445;Hilfsstromquelle 12V 7.2Ah;GE;SP1
1910668383;batch5;8850005459;Hilfsstromquelle 24 VDC 2Ah;GE;SP1
1910668384;batch5;8850820965;USV-Anlage IDG800;GE;SP1
1910668385;batch5;8840301140;Glühlampe, 30 V, 1,4 W, BA7s;GE;SP1
1910668386;batch5;8850005468;"Taster VB 42 XI rot, ""neutral""";GE;SP1
1910668387;batch5;8850005472;"Taster VB 42 XI rot, ""Pfeil""";GE;SP1
1910668388;batch5;8850005489;"Taster Schäfer B50R XL ""Pfeil""";GE;SP1
1910668389;batch5;8850005490;"Taster VB42 M rot, ""neutral""";GE;SP1
1910668390;batch5;8850005520;"Taster Schäfer B50R XL ""neutral""";GE;SP1
1910668391;batch5;8850820714;Schlüsselschalter Standard;GE;SP1
1910668392;batch5;8850820730;Kurzhubtaster MT56;GE;SP1
1910668393;batch5;8850820735;Kurzhubtaster;GE;SP1
1910668394;P1E=EU Löschvermerk;;Taster rund VB42M;EU;SP5
1910668395;P1E=EU Löschvermerk;;KT40 TH, 1NO+1NC, db gelb, S039 TH Alarm;EU;SP5
1910668396;batch5;8850004707;Akku 12V 6.0AH;GE;SP1
1910668397;batch5;8850005497;Hilfsschütz 1S+1Ö, 230V 50/60Hz;GE;SP1
1910668398;batch5;8850004361;Relais 12 V DC (Typ DOLD);GE;SP1
1910668399;batch5;8850004803;Schaltnetzteil SNSNT10024DS;GE;SP1
1910668400;batch5;8850820550;Relaisesockel;GE;SP1
1910668401;batch5;8850820551;Sicherheitsrelais;GE;SP1
1910668402;batch5;8850004307;Magnetschalter MKF24ARAF;GE;SP1
1910668403;batch5;8850003077;Magnetschalter, 250V-MCO74AAP SEMATIC;GE;SP1
1910668404;batch5;8850003757;Schließfeder Schachttüre;GE;SP1
1910668406;batch5;8850004950;Notentriegelung für Schachttüren (Satz);GE;SP1
1910668407;batch5;8850004952;Obere Rolle für Schwert (mit Exzenter);GE;SP1
1910668408;batch5;8850004953;Untere Rolle für Schwert (ohne Exzenter);GE;SP1
1910668409;batch5;8850820847;Seilrollen-Träger;GE;SP1
1910668410;batch5;8850820890;Türsteuergerät;GE;SP1
1910668411;batch5;8850003311;Schwingmetall-Befestigung AT 18 / AT 25;GE;SP1
1910668412;batch5;8850003314;Siemens Montagewinkel 6FB1104;GE;SP1
1910668413;batch5;8850003315;Türmitnehmer (12 mm) 2 Stück;GE;SP1
1910668414;batch5;8850003316;Umlenkvorrichtung;GE;SP1
1910668415;batch5;8850003317;Zahnriemen STS (12 mm);GE;SP1
1910668416;batch5;8850004455;Türantrieb AT 40 komplett, 30 V, rechts,;GE;SP1
1910668417;batch5;8850004456;Türantrieb AT 40 komplett, 30 V, links;GE;SP1
1910668418;batch5;8850004457;Türantrieb AT 40 komplett, 30 V, rechts;GE;SP1
1910668419;batch5;8850004819;Türsteuergerät AT 40, CAN;GE;SP1
1910668420;batch5;8850004770;Schmierkartusche Fett;GE;SP1
1910668421;batch5;8850005154;Gleitführung Einlage;GE;SP1
1910668422;batch5;8850005156;Guide position ref. system PRS-2;GE;SP1
1910668423;batch5;8850008021;Guide shoe insert;GE;SP1
1910668424;batch5;8850003010;Akku 6 V / 4,5 Ah;GE;SP1
1910668425;batch5;8850005431;Notstromgerät NSG 230 / 6 V, 4,5 Ah;GE;SP1
1910668426;batch5;ES1009999927;Akku 12 V 5 Ah / 20 hr;GE;SP1
1910668427;batch5;8840302728;Hupe Typ 631;;SP1
1910668428;batch5;8850004709;LED-Lampe  8 W, E27, matt;;SP1
1910668429;batch5;8850005450;Niedervolt-Halogenlampe 12 V DC, 50 W;;SP1
1910668430;batch5;8850005496;Hilfsschütz EATON DILER-31;;SP1
1910668431;batch5;8850005499;Relais Serie 41.61 Finder;;SP1
1910668432;batch5;8850005505;Lampe 240 V, 5 W, 840;GE;SP1
1910668433;batch5;8850005910;Stromversorgung TRIO POWER;GE;SP1
1910668434;batch5;8850820320;Zeitblock;GE;SP1
1910668435;batch5;8850005017;ESE Adapter;GE;SP1
1910668436;batch5;8840300827;Microschalter M697, rechts;GE;SP1
1910668437;batch5;8840300828;Microschalter M697, links;GE;SP1
1910668438;batch5;8840300984;Führungsschuh komplett mit Trägerelement;GE;SP1
1910668439;batch5;8840314212;Rolle  D = 200;GE;SP1
1910668440;batch5;8850003023;Türkontakt AST821;GE;SP1
1910668441;batch5;8850003347;Feder für automatische Türschließung;GE;SP1
1910668442;batch5;8850003764;Feder;GE;SP1
1910668443;batch5;8850003773;Zahnscheibe konisch;GE;SP1
1910668444;batch5;8850003775;Türseil;GE;SP1
1910668445;batch5;8850003784;Kontakt Hydrabelt KF-2V;GE;SP1
1910668446;batch5;8850003790;Flachrillenriemen PJ965;GE;SP1
1910668447;batch5;8850004100;Führungsschuh-Set;GE;SP1
1910668448;batch5;8850004104;Türkontakt Wittur;GE;SP1
1910668449;batch5;8850004107;Laufrollen Set;GE;SP1
1910668450;batch5;8850004110;Schließgewichtseil;GE;SP1
1910668451;batch5;8850004228;Riegelrolle;GE;SP1
1910668452;batch5;8850004230;Rolleneinheit, rechts;GE;SP1
1910668453;batch5;8850004240;Art. 89627G02;GE;SP1
1910668454;batch5;8850005909;Schließfeder;EU;SP5
1910668455;batch5;8850820815;Feder f Schachttürschließung;GE;SP1
1910668456;batch5;8850820848;Rolle;GE;SP1
1910668457;batch5;8850820935;Rillenriemen;GE;SP1
1910668458;batch5;8860994612;Türführung VF92;GE;SP1
1910668459;batch5;unbekannt;MIDI/SUPRA V2 ERSATZTEILKIT EN 81-20/50;GE;SP1
1910668460;batch5;unbekannt;UMRÜSTUNGSSATZ FÜR SDS DC-PWM;GE;SP1
1910668461;batch5;unbekannt;VERKABELT DC MOTOR GR 63X25,24VCC-1500MM;GE;SP1
1910668462;batch5;unbekannt;ECO+ STEUERGERÄT;GE;SP1
1910668463;batch5;unbekannt;EBRA Steuerungsplatine;GE;SP1
1910668464;batch5;unbekannt;HAKENRIEGEL KOMPLETT FUER TYP 11/41 LINK;GE;SP1
1910668465;batch5;unbekannt;ROLLER DIAMETER 200MM WRG WIDE 38MM.;GE;SP1
1910668466;P1E=EU Löschvermerk;;CALL BUT.L-BDU INT.WHITE/BLUE1;EU;SP5
1910668467;batch5;unbekannt;ROPE PULLEY, TENSION WEIGHT, D214X20MM;GE;SP1
1910668469;batch5;unbekannt;ROLLER DIAMETER 150MM WRG WIDE 27MM.;GE;SP1
1910668470;batch5;unbekannt;OBERE HD PREMIUM LAUFROLLE, D56 MM HYDRA;GE;SP1
1910668471;batch5;unbekannt;ROLLER DIAMETER 100MM. WRG;GE;SP1
1910668472;batch5;unbekannt;2 X ROLLER DIAMETER 53MM (EXTERNAL 60MM);GE;SP1
1910668473;batch5;unbekannt;LAUFROLLE D44MM FINELINE;GE;SP1
1910668474;batch5;unbekannt;HAKENRIEGELROLLEN STANDARD L21,3 SCHWARZ;GE;SP1
1910668475;batch5;unbekannt;FEDER FÜR SCHACHTTÜRSCHLIEßUNG. L440 MM;GE;SP1
1910668476;batch5;unbekannt;FEDER FÜR SCHACHTTÜRSCHLIEßUNG. L315 MM;GE;SP1
1910668477;batch5;unbekannt;UNTERE GEGENROLLE FÜR LAUFWAGEN D.36MM;GE;SP1
1910668478;P1E=EU Löschvermerk;;DOORS CONTACT KF9074;EU;SP5
1910668479;batch5;unbekannt;FILZ FÜR GEGENGEWICHT L=1000 MM;GE;SP1
1910668480;batch5;unbekannt;SYNCHRON/SCHLIEßROLLE HYDRA D64MM;GE;SP1
1910668481;batch5;unbekannt;TOOTH BELT, HDT5M 12;GE;SP2
1910668482;batch5;unbekannt;SAFETY SWITCH SEL1-A1Z (S274093);GE;SP1
1910668483;batch5;unbekannt;EBRA SLIDING JAW, GDE RAIL 16MM;GE;SP1
1910668484;batch5;unbekannt;GEGENROLLE EXZENTER FÜR ARIES;GE;SP1
1910668485;batch5;unbekannt;CONTACT BRIDGE KF 9075;GE;SP1
1910668486;batch5;unbekannt;DOOR PANEL SHOES KIT (4PCS);GE;SP1
1910668487;batch5;unbekannt;EXTENSION SPRING STEEL WIRE;GE;SP1
1910668488;P1E=EU Löschvermerk;;TRÄGERELEMENT / FÜHRUNGSSCHUH;EU;SP5
1910668489;batch5;unbekannt;SLIDING ELEMENT EBRA 20;GE;SP1
1910668490;P1E=EU Löschvermerk;;FÜHRUNGSSCHUH GELOCHT;EU;SP5
1910668491;P1E=EU Löschvermerk;;ÖFFNUNG GERÄTE-ETIKETT, 95X110MM;EU;SP5
8000831073;unbekannt;;ZB Begrenzer GBTK 6024-300S GBTK 6024-30;GE;SP2
8000831070;unbekannt;;ZB Begrenzer GBTK 6024-300S GBTK 6024-30;GE;SP2
8000831071;unbekannt;;ZB Begrenzer GBTK 6024-300S GBTK 6024-30;GE;SP2
8000804613;unbekannt;;ZB GBTK 6024-260M;GE;SP2
1910366364;65100009345;;ZB Leiterplatte MHC2 DGCe;GE;SP2
1000261677;8001292808;;ZB Bremse Alzola FRTH100 2x100Nm EN-ETK;GE;SP1
1000261678;60760000407;;Elekt.-und Leitungs-Set2 12.5 Doppeld.;AE;SP6
1000262536;99000009810;;Distanzhülse DAB530 D50x24/30x13;GE;SP1
1000262773;unbekannt;;Handlüftstab RSD10 Set;GE;SP1
8001414701;5601390;;Zylinderrollenlager NJ310E;GE;SP1
8001253856;unbekannt;;Set Bremsenleitung PMB300M/XM A17;Z0;SP1
1910163399;unbekannt;;Fenac-Ersatzteilkit FNC 58SC;GE;SP1
1000260871;4002586;;Fuehrungsschuh GG25;GE;SP1
1000264026;unbekannt;unbekannt;Einwegpalette IPPC;Z0;SP1
1910366118;unbekannt;;Klebeband Tesakrepp 30mm farblos;Z0;SP1
1000264076;unbekannt;;Papier-Packband Nature 50mmx50m K730;GE;SP1
1000264077;unbekannt;;Paketband tesa Eco Strong braun 50mm 66m;GE;SP1
1000264075;unbekannt;;Stretchfolie 500mm 270m 23µ transparent;GE;SP1
1000264090;68102485013_L;;LS-3 Hauptbaugruppe 230V mit Software;Z0;SP4
1000264130;65100009298_L;;ZB Leiterplatte MHC2 mit Grundsoftware;GE;SP1
1000264205;0098843400;;Zugfeder 59,4x13,5x1,0;GE;SP1
1000240178;65280009214_L;;AGILE Terminal Ausführung 2;GE;SP1
1000264243;5151060;;O Ring 172x4 72NBR/872;GE;SP1
1910676987;unbekannt;;Steuerkarte Delcon‑2 LRV‑Hydraulikven.;GE;SP1
1000264239;unbekannt;;CPI32 V1 Grundgerät Refurbished;AE;SP6
1000264238;66110009219_T;;CPI10E Grundgerät V3 Refurbished;AE;SP6
8001290517;99000011228;;VpCI-126 Haube 1000 600 1300;Z0;SP1
8001360448;99000011226;;VpCI-126 Haube 1400 850 1900;Z0;SP1
1000264519;0099865150;;IC DIG SMD S-RAM 1Mbit;Z0;SP1
8001401822;unbekannt;;Türantriebssteuerung Reparaturzubehör K8;GE;SP1
8000717576;unbekannt;;Türantrieb C/Kabel;GE;SP1
1910207784;6531406430;;Treibscheibe D84x14 2x3,2;AE;SP6
1000264667;99500004165;;Echtzeit RTC-8564JE Bauform VSOJ-20;Z0;SP1
1000264744;unbekannt;;Stretchfolie 500mm 270m 23µ schwarz;GE;SP1
8001363397;62480010047;;Druckrolle SF700;Z0;SP1
1910576776;99000012074;;FK Bremsfangvorrichtungspaar 6071/1;GE;SP2
1910366091;99500001847;;Widerstand 330R 25W Konfekt. 500mm;GE;SP1
1000264937;65100009251_P;;ZB Leiterplatte MHC DB Voice;GE;SP3
11111111;;;Test Material;;
8001363202;99000009636;;Pendelrollenlager 23048 C3;GE;SP1
1910160575;SBC Spain 10084940;;7-Zoll-TFT-Display mit synth. Sprache;GE;SP1
1000028963;batch5;8850004058;Magnetschalter BN 325-R;GE;SP1
1000103550;batch5;8850003961;Türschloss rechts 'QKS8';GE;SP1
1000256518;batch5;8830000682;Relais 230 V AC (Typ Finder);Z0;SP1
1910052701;batch5;8850820315;LEISTUNGSSCHÜTZ LC1D 3P 230V AC 1S+1Ö;GE;SP1
1910052843;batch5;8850003094;HILFSSCHALTERBLOCK LADN31, 3S+1Ö;GE;SP1
1910052906;batch5;8850003544;TÜRKONTAKTKÖRPER 5KS QKS6/8/9/11;GE;SP1
1910052928;batch5;8850003153;TÜRKONTAKT ZKK MIT BRÜCKE;GE;SP1
1910053105;batch5;8850003117;BANDBREMSE ZH QK58;GE;SP1
1910053802;batch5;8850003011;DRUCKKNOPF CHROM, LEUCHTRING ROT;GE;SP1
1910054156;batch5;8850007023;AUSSENRUF-EINHEIT 1 PVC-TASTER BLANKO;GE;SP1
1910054464;batch5;8850003112;EINLAGE EKL 10 PU L10 100*26,5*30;GE;SP1
1910054598;batch5;8850003456;ROLLE MIT EXCENTERACHSE ORLY UND LM;GE;SP1
1910054608;batch5;8850003451;ROLLE MIT EXCENTER MODELL 80;GE;SP1
1910054634;batch5;8850003417;PLASTIK-SCHUH QKS6-9 PAL QKS8-10 CAB PAL;GE;SP1
1910054635;batch5;8850003075;TÜR-FÜHRUNG FILZ GERADE QKS6‑8‑9‑10;GE;SP1
1910054638;batch5;8850003405;TÜRSUPPORT, LAUFROLLE, QKS8 D40mm;GE;SP1
1910054639;batch5;8850003406;TÜRSUPPORT QKS8 25;GE;SP1
1910054641;batch5;8850003408;ROLLE, D25 QKS8 FÜR HAKENRIEGEL;GE;SP1
1910054645;batch5;8850003411;TÜRSUPPORT QKS8 INNENBIEGUNG;GE;SP1
1910054647;batch5;8850003414;TÜRSEILROLLE QKS8;GE;SP1
1910054651;batch5;8850003401;LAUFROLLE D54/48/10*17 QKS11;GE;SP1
1910054653;batch5;8850003402;TÜRFÜHRUNG PVC QKS11 (SET 2);GE;SP1
1910054654;batch5;8850003114;SCHLOSSROLLE D70/19.5X12 QKS11;GE;SP1
1910054662;batch5;8850003413;TÜRROLLE AUS KUNSTSTOFFTEIL QKS8 GERADE;;SP1
1910054720;batch5;8850003692;TÜRLAUFROLLE Ø 59 MIT GEWINDE;GE;SP1
1910054721;batch5;8850003691;TÜRLAUFROLLE Ø 58 OHNE GEWINDE;GE;SP1
1910054971;batch5;8850003842;FINGERMAGNETSCHALTER OTIS2000 TYP FSB2;GE;SP1
1910054976;batch5;8850003839;NÄHERUNGSSCHALTER GAA177HB2;GE;SP1
1910054977;batch5;8850003838;NÄHERUNGSSCHALTER GAA177HB3;GE;SP1
1910054982;batch5;8850003567;MAGNETSCHALTER MSR BI, 100 W / 3 A;GE;SP1
1910055012;batch5;8850008042;MAGNETSCHALTER MONOSTABIL 61U- 61N- 30;GE;SP1
1910055013;batch5;8850007016;FINGERMAGNETSCHALTER 77 U/N (SET 2);GE;SP1
1910055545;batch5;8850003017;KEILRIPPENRIEMEN, 4-RILLIG L=1016;GE;SP1
1910055546;batch5;8850003484;KEILRIPPENRIEMEN, 10-RILLIG L=1016;GE;SP1
1910055547;batch5;8850003560;ANTRIEB 10X6X1400 FÜR QKS6-QKS9;GE;SP1
1910055549;batch5;8850003366;KEILRIEMEN 8X5X900 LI;GE;SP1
1910070710;batch5;8850008055;MEHRZWECKFETT FÜR SPINDELANTRIEB;GE;SP2
1910076620;batch5;8850003391;ROLLE UMLENKROLLE FÜR SCHLIEßGEWICHT;GE;SP1
1910076622;batch5;885003320;GEGENDRUCKROLLE FÜR LANGSAME FEDERUNG 35;GE;SP1
1910184228;batch5;8850003191;TÜRKONTAKT DZ73-B;GE;SP1
1910210653;batch5;8850007027;FÜHRUNGSSCHUHEINLAGE FÜR 9ER SCHIENE;GE;SP1
1910316664;batch5;8850003190;HALTESCHUH  + EINLAGE EK5 PU;GE;SP1
1910317817;batch5;8850003910;ZAHNRIEMEN FÜR MOTOR RPP 675 MM - 5M/9;GE;SP1
1910340510;batch5;8850003568;Hilfsschütz 31Z 1S/3Ö 80V;GE;SP1
1910668155;batch5;8850004805;Laufrollen-Satz D120 mm 4 stück;GE;SP1
1910668156;batch5;8850004943;Deckplatte AZSTB-II kpl. mit Manometer;GE;SP1
1910668157;batch5;8820100020;Akku 12 V 1,2 Ah MW Faston 4,8mm TS35;GE;SP1
1910668158;batch5;8850005484;Lichtgitter Panachrome 3D TX + RX 10mm;GE;SP1
1910668159;batch5;8850005485;Steuergerät Panachrome 2D Memco;GE;SP1
1910668160;batch5;8850005550;GLASSCHEIBE RWA-BEDIENSTELLE 10ER PACK;GE;SP1
1910670939;batch1+2 Tepper + Schweiz batch1;;Abzweigdose D4095;Z0;SP1
1910670940;batch1+2 Tepper + Schweiz batch1;;Relaissockel Finder 24V 48.52.9.024.0050;Z0;SP1
1910670941;batch1+2 Tepper + Schweiz batch1;;Führung für Kabinentüre TTK5/TTK8/STK6;Z0;SP1
1910670942;batch1+2 Tepper + Schweiz batch1;;Gleitstück 65mm;Z0;SP1
1910670943;batch1+2 Tepper + Schweiz batch1;;Gleitstück 45mm;Z0;SP1
1910670944;batch1+2 Tepper + Schweiz batch1;;Akku 2N 1,2V 2100mAh NiMH;Z0;SP1
1910670945;batch1+2 Tepper + Schweiz batch1;;Batterie/Akku Typ 512V/7Ah,4,8mm;Z0;SP1
1910670946;batch1+2 Tepper + Schweiz batch1;;Schließung für Schlüsselbehälter;Z0;SP1
1910670947;batch1+2 Tepper + Schweiz batch1;;Schlüsselbehälter;Z0;SP1
1910670948;batch1+2 Tepper + Schweiz batch1;;2N Antenne 10M 9db GSM/UMTS gateway;Z0;SP1
1910670949;batch1+2 Tepper + Schweiz batch1;;Injektionsmörtel Allrounder WIT-VM 250;Z0;SP1
1910670950;batch1+2 Tepper + Schweiz batch1;;Gleitstück 77mm;Z0;SP1
1910670951;batch1+2 Tepper + Schweiz batch1;;Türkontakt brücke PZ 21 (kurz) 21mm;Z0;SP1
1910670952;batch1+2 Tepper + Schweiz batch1;;Glühlampe 30V/0.04A, Typ BA7;Z0;SP1
1910670953;batch1+2 Tepper + Schweiz batch1;;Wollfilz 3150GY, grau;Z0;SP1
1910670954;batch1+2 Tepper + Schweiz batch1;;Dübel-Montagesockel für Kabelbinder;Z0;SP1
1910670955;batch1+2 Tepper + Schweiz batch1;;Hängekabel Aufhängung rund Typ S-LAR 1;Z0;SP1
1910670956;batch1+2 Tepper + Schweiz batch1;;Laufrolle 2K, V0 zweirillig max 35kg;Z0;SP1
1910670957;batch1+2 Tepper + Schweiz batch1;;Laufrolle 2K, V0 1R D65 max 35Kg;Z0;SP1
1910670958;batch1+2 Tepper + Schweiz batch1;;LED-Leuchtmittel Spot 2700KGU5.3 3,0Watt;Z0;SP1
1910670959;batch1+2 Tepper + Schweiz batch1;;2N EasyGate LTE/4G IP-Gateway;Z0;SP1
1910670960;batch1+2 Tepper + Schweiz batch1;;Klebesockel;Z0;SP1
1910670961;batch1+2 Tepper + Schweiz batch1;;Magnet m. Markierung Typ ZMM 'S' D20mm;Z0;SP1
1910670962;batch1+2 Tepper + Schweiz batch1;;Leuchtmittel MR16 50mm GU5.3 20W/12V;Z0;SP1
1910670963;batch1+2 Tepper + Schweiz batch1;;Leuchtstoffröhre 18W 840 weiß;Z0;SP1
1910670964;batch1+2 Tepper + Schweiz batch1;;LED Röhre 9W=18W 600mm840,4000K T8 G13;Z0;SP1
1910670965;batch1+2 Tepper + Schweiz batch1;;Türkontakt Z 73-B;Z0;SP1
1910670966;batch1+2 Tepper + Schweiz batch1;;Federpuffer Typ 11 mit Bund D17 mm;Z0;SP1
1910670967;batch1+2 Tepper + Schweiz batch1;;Führungsrolle Mit Exzenterbolzen, D42;Z0;SP1
1910670968;batch1+2 Tepper + Schweiz batch1;;Laufrolle 2K V0 kpl.1R Bolzen verz.;Z0;SP1
1910670969;batch1+2 Tepper + Schweiz batch1;;Netzteil 24V DC 5A;Z0;SP1
1910670970;batch1+2 Tepper + Schweiz batch1;;Lichtgitter kpl. Typ SG TRC 210-032;Z0;SP1
1910670971;batch1+2 Tepper + Schweiz batch1;;Universalklemme Typ UK5N;Z0;SP1
1910670972;batch1+2 Tepper + Schweiz batch1;;Ölbindemittel Sack 10 KG;Z0;SP1
1910670973;batch1+2 Tepper + Schweiz batch1;;USV 800VA/450W;Z0;SP1
1910670974;batch1+2 Tepper + Schweiz batch1;;Leuchtstoffstarter4-65WST111;Z0;SP1
1910670975;batch1+2 Tepper + Schweiz batch1;;Steckdose Aufputz;Z0;SP1
1910670976;batch1+2 Tepper + Schweiz batch1;;Führungsschuheinlage Typ FS 9 P;Z0;SP1
1910670977;batch1+2 Tepper + Schweiz batch1;;Schlüssel StandardTyp XN 47069;Z0;SP1
1910670978;batch1+2 Tepper + Schweiz batch1;;Türkontakt AZ 07 K 08106;Z0;SP1
1910670979;batch1+2 Tepper + Schweiz batch1;;LampeSlimLicht  T5 Röhre 24W 6400K;Z0;SP1
1910670980;batch1+2 Tepper + Schweiz batch1;;Distanzblech 1.0 x 50 x 160;Z0;SP1
1910670981;batch1+2 Tepper + Schweiz batch1;;Schlüssel f Schließung Schlüsselbehälter;Z0;SP1
1910670982;batch1+2 Tepper + Schweiz batch1;;Batterie/Akku Typ 16V/3,3Ah;Z0;SP1
1910670983;batch1+2 Tepper + Schweiz batch1;;Magnetschalter BN 325-r -1279 -5 m;Z0;SP1
1910670984;batch1+2 Tepper + Schweiz batch1;;Aderendhülse mit Kunststoffhülse;Z0;SP1
1910670985;batch1+2 Tepper + Schweiz batch1;;Türkontakt brücke PZ 18 (kurz) 18 mm;Z0;SP1
1910670986;batch1+2 Tepper + Schweiz batch1;;Notlichtgerät KNSG 300 V002 230VAC;Z0;SP1
1910670987;batch1+2 Tepper + Schweiz batch1;;OBERE LAUFROLLE FÜR LAUFWAGEN D.50MM;Z0;SP1
1910670988;batch1+2 Tepper + Schweiz batch1;;Aufsetzpuffer Acla D100x85mm;Z0;SP1
1910670989;batch1+2 Tepper + Schweiz batch1;;Leuchtstoff Starter 4-22 WST151;Z0;SP1
1910670990;batch1+2 Tepper + Schweiz batch1;;Federpuffer Typ 11 und Bund D17 mm;Z0;SP1
1910670991;batch1+2 Tepper + Schweiz batch1;;Hilfsschütz 230Vac;Z0;SP1
1910670992;batch1+2 Tepper + Schweiz batch1;;Gegenmutter M50x1,5 Typ 116/M50;Z0;SP1
1910670993;batch1+2 Tepper + Schweiz batch1;;Würgestopfen (Dichtungsnippel) M50;Z0;SP1
1910670994;batch1+2 Tepper + Schweiz batch1;;Führungsschuheinlage Typ FS 16 LP;Z0;SP1
1910670995;batch1+2 Tepper + Schweiz batch1;;Halogenlampe 42W 2700K;Z0;SP1
1910670996;batch1+2 Tepper + Schweiz batch1;;Federpuffer Typ 8 mit Bund D13 mm;Z0;SP1
1910671267;batch1+2 Tepper + Schweiz batch1;;Gummipuffer 39007084;Z0;SP1
1000253566;batch1+2 Tepper + Schweiz batch1;;HLB Liftbox;Z0;SP1
1910049221;batch1+2 Tepper + Schweiz batch1;;Kettenöl C1-150 (5 Liter);Z0;SP1
1910060462;batch1+2 Tepper + Schweiz batch1;;Türkontaktbrücke zu TK5;Z0;SP1
1910178737;batch1+2 Tepper + Schweiz batch1;;Hochleistungsnagel X-P 20 B3 MX;Z0;SP1
1910178748;batch1+2 Tepper + Schweiz batch1;;Hochleistungsnagel X-P 24 B3 MX;Z0;SP1
1910565183;batch1+2 Tepper + Schweiz batch1;;Teflonstück;Z0;SP1
1910670997;batch1+2 Tepper + Schweiz batch1;;REG.FREQ.UMR.7,5 KW 400 V;Z0;SP1
1910670998;batch1+2 Tepper + Schweiz batch1;;HYDRAULIKÖL H2  HYD HLP-D ISO VG 46;Z0;SP1
1910670999;batch1+2 Tepper + Schweiz batch1;;BEL.FAHRKORB NOTBEL.BOX230VAC/12VDC INKL;Z0;SP1
1910671000;batch1+2 Tepper + Schweiz batch1;;"TÜRANT.UMBAUSATZ TSG200 ELEKTR; D6C ÖSTE";Z0;SP1
1910671001;batch1+2 Tepper + Schweiz batch1;;REG.SEILSPANNVORRICHTUNG INKL.POSITIONSS;Z0;SP1
1910671002;batch1+2 Tepper + Schweiz batch1;;Fehlstromschalter Typ B 40A/0,3A/FU fest;Z0;SP1
1910671003;batch1+2 Tepper + Schweiz batch1;;SCHLÜSSELBOX AP 150X150MM ZYL.882AME513;Z0;SP1
1910671004;batch1+2 Tepper + Schweiz batch1;;Türsteuergerät  VF5+ Links  TKAW;Z0;SP1
1910671005;batch1+2 Tepper + Schweiz batch1;;Frequenzumrichter 32A FB-10-D-400-32-B;Z0;SP1
1910671006;batch1+2 Tepper + Schweiz batch1;;SCHMIERSTOFFSPENDER SL14 125ML SIMALUBE;Z0;SP1
1910671007;batch1+2 Tepper + Schweiz batch1;;TÜRANT.AT40 400KG LINKS MOT., STEUERGER.;Z0;SP1
1910671008;batch1+2 Tepper + Schweiz batch1;;LICHTGITTER TELCO IR SENDER+EMPF. 40LS;Z0;SP1
1910671009;batch1+2 Tepper + Schweiz batch1;;Notrufaufbautableau für 2N 280x120x32;Z0;SP1
1910671010;batch1+2 Tepper + Schweiz batch1;;Frequenzumrichter 52A FB-10-D-400-52-B;Z0;SP1
1910671011;batch1+2 Tepper + Schweiz batch1;;Frequenzumrichter 16A FB-10-D-400-16-B;Z0;SP1
1910671012;batch1+2 Tepper + Schweiz batch1;;Rollenband komplett;Z0;SP1
1910671013;batch1+2 Tepper + Schweiz batch1;;PLAT.TSG ELEKTRONISCHE PLATTE;Z0;SP1
1910671014;batch1+2 Tepper + Schweiz batch1;;FREQ.UMR.MC 50A 400V LS M.VERPACK.,M.NET;Z0;SP1
1910671015;batch1+2 Tepper + Schweiz batch1;;VSO 180V SCHNELLERREGUNG MIT SCHMITT+SOH;Z0;SP1
1910671016;batch1+2 Tepper + Schweiz batch1;;Hängekabel für Notruf geschirmt 4x2x0,34;Z0;SP1
1910671017;batch1+2 Tepper + Schweiz batch1;;REINIGER R3 FETT- ETIKETTENLÖSER;Z0;SP1
1910671018;batch1+2 Tepper + Schweiz batch1;;GETRIEBEÖL W1 RESA CLP 220;Z0;SP1
1910671019;batch1+2 Tepper + Schweiz batch1;;BEF.MK7/1X KONSOLE EINFACHHALTERUNG F.MA;Z0;SP1
1910671020;batch1+2 Tepper + Schweiz batch1;;SCHIENEN-GLEITBAHNÖL RESA CGLP 220;Z0;SP1
1910671021;batch1+2 Tepper + Schweiz batch1;;BREMSENREINIGER;Z0;SP1
1910671022;batch1+2 Tepper + Schweiz batch1;;KABEL H05VV-F (YMM) 3G1,5;Z0;SP1
1910671023;batch1+2 Tepper + Schweiz batch1;;KABEL YSLY-JZ 10G0,5 PVC-STEUERLEITUNG;Z0;SP1
1910671024;batch1+2 Tepper + Schweiz batch1;;SCHLEPPKABEL 12X1,0MM² MIR GEGR;Z0;SP1
1910671025;batch1+2 Tepper + Schweiz batch1;;KLEMME # FED.KLEMME 2,5 MM2 WAGO;Z0;SP1
1910671026;batch1+2 Tepper + Schweiz batch1;;AUFKLEBER EN81 BRANDFALL D=50MM;Z0;SP1
1910671027;batch1+2 Tepper + Schweiz batch1;;GLÜHLAMPE 60W KLAR# 230 V, E27;Z0;SP1
1910671028;batch1+2 Tepper + Schweiz batch1;;PVC-STEUERLEITUNG YSLY-OZ-2X1MM²;Z0;SP1
1910671029;batch1+2 Tepper + Schweiz batch1;;Kabelbinderhalter X-ECT MX;Z0;SP1
1910671030;batch1+2 Tepper + Schweiz batch1;;Bolzenanker HST3 M12x115 40/20;Z0;SP1
1910671031;batch1+2 Tepper + Schweiz batch1;;Befestigungsmaterial - Kabelbinderdübel;Z0;SP1
1910671032;batch1+2 Tepper + Schweiz batch1;;Verbindungsklemme Wago Compact 221-415;Z0;SP1
1910671033;batch1+2 Tepper + Schweiz batch1;;Bolzenanker HST3 M8x95 -/30;Z0;SP1
1910671034;batch1+2 Tepper + Schweiz batch1;;Inspektionsschild Haftnotizen 50 Blatt;Z0;SP1
1910671035;batch1+2 Tepper + Schweiz batch1;;Schlagdübel HPS-1 6/40x65;Z0;SP1
1910671036;batch1+2 Tepper + Schweiz batch1;;Wago Verbindungsklemme 3 Draht;Z0;SP1
1910671037;batch1+2 Tepper + Schweiz batch1;;Hochleistungsnagel X-P 17 B3 MX;Z0;SP1
1910671038;batch1+2 Tepper + Schweiz batch1;;SOCKELTEIL (KABELBINDERHALTER) ABM M-A-C;Z0;SP1
1910671039;batch1+2 Tepper + Schweiz batch1;;Abzweigverbinder 0,5 - 1,0m;Z0;SP1
1910671040;batch1+2 Tepper + Schweiz batch1;;KABEL YSLY-OZ 4X1 GRAU# STEUERLEITUNG;Z0;SP1
1910671041;batch1+2 Tepper + Schweiz batch1;;Verbindungsklemme Wago Compact 221-412;Z0;SP1
1910671042;batch1+2 Tepper + Schweiz batch1;;WAGO-Durchgangsverbinder;Z0;SP1
1910671043;batch1+2 Tepper + Schweiz batch1;;PVC-STEUERLEITUNG # LIYY 4X0,22 (0,25);Z0;SP1
1910671044;batch1+2 Tepper + Schweiz batch1;;DRAHT H05V-K (YSF) 1X1 RT;Z0;SP1
1910671045;batch1+2 Tepper + Schweiz batch1;;Stahlnagel X-S 14 B3 MX;Z0;SP1
1910671046;batch1+2 Tepper + Schweiz batch1;;H05V-K (YSF) 1X0,5 PVC-ADERLEITUNG;Z0;SP1
1910671047;batch1+2 Tepper + Schweiz batch1;;DRAHT H07V-K (YSF) 1X1,5 SW;Z0;SP1
1910671048;batch1+2 Tepper + Schweiz batch1;;DRAHT H05V-K (YSF) 1X1 BL;Z0;SP1
1910671049;batch1+2 Tepper + Schweiz batch1;;PVC-Aderleitung H05V-K 0,5mm² (YSf) GN;Z0;SP1
1910671050;batch1+2 Tepper + Schweiz batch1;;H05V-K(YSF) 1X0,5 PVC-ADERLEITUNG;Z0;SP1
1910671051;batch1+2 Tepper + Schweiz batch1;;PVC-Aderleitung H05V-K 0,5mm² (YSf) RT;Z0;SP1
1910671052;batch1+2 Tepper + Schweiz batch1;;PVC-Aderleitung H05V-K 0,5mm² (YSf) SW;Z0;SP1
1910671053;batch1+2 Tepper + Schweiz batch1;;PVC-Aderleitung H05V-K 0,5mm² (YSf) BL;Z0;SP1
1910671054;batch1+2 Tepper + Schweiz batch1;;KABELBAND-DÜBEL DM 8MM;Z0;SP1
1910671055;batch1+2 Tepper + Schweiz batch1;;tke Aufzüge set Lift8 4G;Z0;SP1
1910671056;batch1+2 Tepper + Schweiz batch1;;Schlagdübel HPS-1 C 6/5SPBX30;Z0;SP1
1910671057;batch1+2 Tepper + Schweiz batch1;;PETROLEUM GERUCHSNEUTRAL IM KARTON À 4X;Z0;SP1
1910671058;batch1+2 Tepper + Schweiz batch1;;4G LTE ROUTER SERV24 4G LTE ROUTER;Z0;SP1
1910671059;batch1+2 Tepper + Schweiz batch1;;4G NANO NACHRÜSTPLATINE LEITRONIC 4G VOL;Z0;SP1
1910671060;batch1+2 Tepper + Schweiz batch1;;READY KONTAKT - USB RELAIS;Z0;SP1
1910671062;batch1+2 Tepper + Schweiz batch1;;Lichtgitte cegard/Miini MOD SY-2000-24;Z0;SP1
1910671063;batch1+2 Tepper + Schweiz batch1;;ROLLE D=47MM/ID=6MM UMLENKROLLE SYNCHRO.;Z0;SP1
1910671064;batch1+2 Tepper + Schweiz batch1;;Hydrauliköl HVLP Z ISO 46 50kg Tonnelet;Z0;SP1
1910671065;batch1+2 Tepper + Schweiz batch1;;Lift 1 Nachrüstsett I 4G;Z0;SP1
1910671066;batch1+2 Tepper + Schweiz batch1;;REG.FREQ.UMR.MCOMFORT MC 25A/400V/LS OHN;Z0;SP1
1910671067;batch1+2 Tepper + Schweiz batch1;;Tragseil DP9 13mm Kreuzschlag rechts;Z0;SP1
1910671068;batch1+2 Tepper + Schweiz batch1;;PROFILSCHIENE DIN HUTSCHIENE 14 CM H. 7.;Z0;SP1
1910671069;batch1+2 Tepper + Schweiz batch1;;Pufferkonsole Grundausf. H=180;Z0;SP1
1910671070;batch1+2 Tepper + Schweiz batch1;;SCHLÜSSELSCHALTER SCHALTER 90° SYN.SMP;Z0;SP1
1910671071;batch1+2 Tepper + Schweiz batch1;;Regelung RST ARC-2 65A Motor ca. 29kW;Z0;SP1
1910671072;batch1+2 Tepper + Schweiz batch1;;Frequenzumrichter FB-10-D-400-32 o.Bw;Z0;SP1
1910671073;batch1+2 Tepper + Schweiz batch1;;TD-Verlängerung 3 m;Z0;SP1
1910671074;batch1+2 Tepper + Schweiz batch1;;Schaltzyl.ZI;Z0;SP1
1910671075;batch1+2 Tepper + Schweiz batch1;;SCHL.ROHR D 48MM/ EINB.TIEFE 110MM KOMPL;Z0;SP1
1910671076;batch1+2 Tepper + Schweiz batch1;;Lift 1 Nachrüstsett II 4G;Z0;SP1
1910671077;batch1+2 Tepper + Schweiz batch1;;Frequenzumrichter FB-10-D-400-52 o.Bw;Z0;SP1
1910671078;batch1+2 Tepper + Schweiz batch1;;EASY ALARM EA8 DPX LMC70C TASTATUR SCHW.;Z0;SP1
1910671079;batch1+2 Tepper + Schweiz batch1;;FLUKE 177 Multimeter CAT III;Z0;SP1
1910671080;batch1+2 Tepper + Schweiz batch1;;HLB Liftbox;Z0;SP1
1910671081;batch1+2 Tepper + Schweiz batch1;;Tragseil HRS 10mm 1570 N/mm2;Z0;SP1
1910671082;batch1+2 Tepper + Schweiz batch1;;Frequenzumrichter FB-10-D-400-82 o.Bw;Z0;SP1
1910671083;batch1+2 Tepper + Schweiz batch1;;Easy Alarm 8-DPX ohne Sprechstelle;Z0;SP1
1910671084;batch1+2 Tepper + Schweiz batch1;;MOD KIT Türantrieb für Meiller rechts;Z0;SP1
1910671085;batch1+2 Tepper + Schweiz batch1;;Magnetband 35M für AWG;Z0;SP1
1910671086;batch1+2 Tepper + Schweiz batch1;;Befestigungsdübel CH - 5  PA schwarz;Z0;SP1
1910671087;batch1+2 Tepper + Schweiz batch1;;Befestigungssockel TM-3-S10C 9mm für KBi;Z0;SP1
1910671088;batch1+2 Tepper + Schweiz batch1;;Schlagdübel HPS-1 5/5X25;Z0;SP1
1910671090;batch1+2 Tepper + Schweiz batch1;;Reglerseil 6x19 Seale;Z0;SP1
1910671091;batch1+2 Tepper + Schweiz batch1;;Tragseil DP9 8mm Kreuzschlag rechts;Z0;SP1
1910671092;batch1+2 Tepper + Schweiz batch1;;Reglerseil 6,5x19 Seale;Z0;SP1
1910671093;batch1+2 Tepper + Schweiz batch1;;Tragseil DP9 9mm Kreuzschlag rechts;Z0;SP1
1910671095;batch1+2 Tepper + Schweiz batch1;;Tragseil HRS 8 mm;Z0;SP1
1910671096;batch1+2 Tepper + Schweiz batch1;;Installationskabel G51 4x1mm2 flexibel;Z0;SP1
1910671098;batch1+2 Tepper + Schweiz batch1;;Universalnagel X-P 24 B3 MX;Z0;SP1
1910671099;batch1+2 Tepper + Schweiz batch1;;Tragseil DP9 11mm Kreuzschlag rechts;Z0;SP1
1910671100;batch1+2 Tepper + Schweiz batch1;;Tragseil HRS 11mm;Z0;SP1
1910671101;batch1+2 Tepper + Schweiz batch1;;DRUCKVERSCH.BTL 300X400 PE NEUTRAL 50 MY;Z0;SP1
1910671102;batch1+2 Tepper + Schweiz batch1;;Schraube und Rondelle Beton 100mm;Z0;SP1
1910671103;batch1+2 Tepper + Schweiz batch1;;Schienenöl ISO 220;Z0;SP1
1910671104;batch1+2 Tepper + Schweiz batch1;;Hydrauliköl HLP Z ISO 68 Tonnelet 50kg;Z0;SP1
1910671105;batch1+2 Tepper + Schweiz batch1;;Reglerseil 8 MM 8x19 Trommeln à 300m;Z0;SP1
1910671106;batch1+2 Tepper + Schweiz batch1;;DRUCKVERSCH.BTL TRANSPARENT 75MY OHNE BE;Z0;SP1
1910671107;batch1+2 Tepper + Schweiz batch1;;Industriegetriebeöl SYNTHGEAR460 180kg;Z0;SP1
1910671108;batch1+2 Tepper + Schweiz batch1;;Unterlegscheibe 90x70x1,0mm Zinkorblech;Z0;SP1
1910671109;batch1+2 Tepper + Schweiz batch1;;Unterlegscheibe 90 x 70 x 1,5mm;Z0;SP1
1910671110;batch1+2 Tepper + Schweiz batch1;;KLEMME LOGILINK MP0049;Z0;SP1
1910671111;batch1+2 Tepper + Schweiz batch1;;Siebhülse HIT-SC 16x85;Z0;SP1
1910671113;batch1+2 Tepper + Schweiz batch1;;KETTENÖL SYNTLUB 2031;Z0;SP1
1910671115;batch1+2 Tepper + Schweiz batch1;;Industriegetreibeöl IG CLP ISO 220 180kg;Z0;SP1
1910671116;batch1+2 Tepper + Schweiz batch1;;Glühlampe BA9 60V 20mA;Z0;SP1
1910671117;batch1+2 Tepper + Schweiz batch1;;"AUFKL.BRANDFALL LOGO: ""AUFZUG IM BRANDFA";Z0;SP1
1910671118;batch1+2 Tepper + Schweiz batch1;;Dämpfungspuffer 8mm für Antriebsrad;Z0;SP1
1910671120;batch1+2 Tepper + Schweiz batch1;;Erste Hilfe-Tafel EHT 210x432x1mm deutsc;Z0;SP1
1910671121;batch1+2 Tepper + Schweiz batch1;;"Abzweigdose ""ENSTO"" KS grau Deckel Schna";Z0;SP1
1910671122;batch1+2 Tepper + Schweiz batch1;;Industriegetriebeöl Vulcogear 460 60L;Z0;SP1
1910671123;batch1+2 Tepper + Schweiz batch1;;Unterlegscheibe A 17/40mm verz.;Z0;SP1
1910671124;batch1+2 Tepper + Schweiz batch1;;Hydrauliköl HVLP UNI 46;Z0;SP1
1910671125;batch1+2 Tepper + Schweiz batch1;;Alarmtaster Zuleitung 5m 1S 1Ö W-63121;Z0;SP1
1910671126;batch1+2 Tepper + Schweiz batch1;;BAT.LITHIUM KN.ZELLE CR2032 3V;Z0;SP1
1910671128;batch1+2 Tepper + Schweiz batch1;;ANKERSTANGE HIT-V-5.8 M12X110;Z0;SP1
1910671129;batch1+2 Tepper + Schweiz batch1;;SYNTHGEAR 220 vollsynthetisch, 4,4l;Z0;SP1
1910671130;batch1+2 Tepper + Schweiz batch1;;ANKERSTANGE HIT-V-R M10X115MM;Z0;SP1
1910671131;batch1+2 Tepper + Schweiz batch1;;GEGENDRUCKROLLE MIT EXCENTER D=29MM, AUS;Z0;SP1
1910671132;batch1+2 Tepper + Schweiz batch1;;Klingelschlauchleitung 3x0,8mm weiss;Z0;SP1
1910671133;batch1+2 Tepper + Schweiz batch1;;Hydrauliköl HVLP Z ISO 46 180kg/200l;Z0;SP1
1910671134;batch1+2 Tepper + Schweiz batch1;;Trennscheiben AC-D 125x1mm inox 22mm-B.;Z0;SP1
1910671135;batch1+2 Tepper + Schweiz batch1;;Schild Auf-Ab im Stirnsockel/Schlüssels.;Z0;SP1
1910671136;batch1+2 Tepper + Schweiz batch1;;FÜHRUNGSSCHUHEINLAGE 2116 U Schiene 16mm;Z0;SP1
1910671137;batch1+2 Tepper + Schweiz batch1;;RC-GLIED/CIRCUIT RC LAD4 RCU 110-250 V;Z0;SP1
1910671268;batch1+2 Tepper + Schweiz batch1;;tke Aufzüge set Lift8 3G;Z0;SP1
1910671269;batch1+2 Tepper + Schweiz batch1;;Umrichter 9114LB;Z0;SP1
1000265218;neuer Werbeartikel;;TKE Lanyard - Umhängeband;GE;SP1
1000265221;neuer Werbeartikel;;TKE Thermobecher schwarz;GE;SP1
8001363362;5601490;;Rillenkugellager 6206-Z;;SP2
1910366368;65000009328;65290009277 V1.41 Agile/LACS MX mit Software;ZB Leiterplatte MX AGILE;GE;SP1
1910566752;10084464 Nr. SBC Spain!;;Max Antennenverlängerung V2 5 Meter;Z0;SP1
1910369691;66230000376;;ZB Schaltschrank CPI310R EN SYN/ASM;GE;SP2
1000249471;;;Set LWD6 4‑Kanal;Z0;SP1
1000254287;;;PHU;Z0;
1000254288;;;THU;Z0;
1000258503;;;PaperJet 90 ComPackt Max endlos, Standar;GE;SP1
1000258591;9900 001 1546;;Scheibenbremse RSQ Gr.800 2x550Nm;Z0;SP1
1000261279;61490006018;;Treibscheibe DAF210L D320 Rohteil;Z0;SP1
1000261280;61490000662;;Treibscheibe DAF210M1 D360 Rohteil;Z0;SP1
1000261679;99500012075_T;;Türantrieb F9 IP54 EN 81-20 refurbished;GE;SP1
1000261816;66180003119_T;;Frequenzumrichter CPI/MFC15 Grundgerät R;EU;SP5
1000261817;880730831707_T;;Umrichter CPI 32 V3 repariert;EU;SP5
1000261858;;;Dokumentation/Verpackung/Handhabung;GE;
1000262334;6034101980;;Befestigungswinkel Bremskontrolle W332C;Z0;SP1
1910007170;TEPPER:KMDBEN019;;SCHÜTZ 3PF+(1O+1F) 18A 23V AC;Z0;SP1
1910046608;;;Drehgeber_2048 BISSC 5873 KonusF  5m 2rs;EU;SP5
1910049190;;;BRACKING RESISTANCE 63R 1500W (BRSI163NX;Z0;SP1
1910052800;TEPPER:KMDW0010;;RC-Glied;Z0;SP1
1910052842;TEPPER:KMDCN0003;;RC-SCHALTUNG FÜR LC1D09 LC1D38 110 250VA;Z0;SP1
1910052844;TEPPER:8850820301;;Hilfsschalterblock 1S+1Ö Schraubanschl.;Z0;SP1
1910054822;;;Gummirolle Schlosshebel D8/20x15;Z0;SP1
1910094225;TEPPER:8850820851;;Türlaufrolle 53mm M6*16 (ext D60 mm) x2;Z0;SP1
1910162970;;;ZB Maschine PMB220M;Z0;SP1
1910163016;;;Kit Riemenhalter PMB220M;Z0;SP1
1910163018;;;ZB Riemenniederhalter PMB220L;GE;SP3
1910163078;;;ZB Kit Stator PMB220M001;AE;SP6
1910163081;;;Set Ersatzteile Hohner;Z0;SP1
1910163120;;;Riemenscheibensatz mit Welle  Q450-630;Z0;SP1
1910163302;;;Kabel Limitador 6D EOX;GE;SP2
1910163323;;;Rollen-Baugruppe Q(450-630);Z0;SP1
1910163553;;;GS SG-N 200 Vn 1m/s BOB IND NC+NA SEAME;GE;SP1
1910165014;;;PJ670/SJ244 LICHT/SUMM+NOTF.TASTE L=5,1M;Z0;
1910165075;;;Set Basic CIO;Z0;SP1
1910165090;1000220006;;CG.SMXL20 LIFT-NIVELLIERUNGSMODU (KE270);Z0;SP1
1910165096;;;SCHRANK LED-LEUCHTE TKE.2901.07 EA204;Z0;SP1
1910165157;;;Audiomodul Kabine 2N;Z0;SP1
1910165178;;;LOP31 TASTE NACH OBEN/UNTEN m/LBI;Z0;SP1
1910165444;;;PWB DECKEL;Z0;SP1
1910165566;;;VB02 DRUCKTASTER SCHWARZ (-1);Z0;SP1
1910165567;;;VB02 DRUCKTASTER SCHWARZ (0);Z0;SP1
1910165568;;;VB02 DRUCKTASTER SCHWARZ (1);Z0;SP1
1910165569;;;VB02 DRUCKTASTER SCHWARZ (2);Z0;SP1
1910165570;;;VB02 DRUCKTASTER SCHWARZ (3);Z0;SP1
1910165571;;;VB02 DRUCKTASTER SCHWARZ (4);Z0;SP1
1910165627;;;VB02 DRUCKTASTER SCHWARZ (PFEIL OBEN);Z0;SP1
1910165628;;;VB02 DRUCKTASTER SCHWARZ (PFEIL UNTEN);Z0;SP1
1910165714;;;Leiterplatte PBX‑L;Z0;SP1
1910165716;;;Leiterplatte PBX‑C;Z0;SP1
1910165732;;;VB02 ALARMTASTE SCHWARZ;Z0;SP1
1910165733;;;VB02 DRUCKKNOPF AUF SCHWARZ;Z0;SP1
1910165734;;;VB02 DRUCKKNOPF SCHLIEßEN SCHWARZ;Z0;SP1
1910165780;;;Batterie 12V 9Ah EOX;Z0;SP1
1910165852;;;Variador HVI‑22 22A;Z0;SP1
1910165905;;;KAMERA-SET V2;Z0;SP1
1910165929;;;Leiterplatte GPIO;Z0;SP1
1910165945;;;Micro‑SD Karte 32 GB;Z0;SP1
1910165951;;;Leiterplatte PCBA xPWB;Z0;SP1
1910165978;;;Leiterplatte E/S HVI‑22;Z0;SP1
1910165979;;;Leiterplatte Bremssteuerung HVI;Z0;SP1
1910197750;1000862690;;Vorhängeschloss-Verriegelung für Knebel;Z0;SP1
1910197751;;;XF9 Hilfskontaktschalter;Z0;SP1
1910197752;;;XF9J Hilfskontaktschalter;Z0;SP1
1910197785;1019993901;;Führungsschiene T70;Z0;SP1
1910207537;P1E=EU Löschvermerk;;ZB Hakenriegel L S8;EU;SP5
1910207772;P1E=EU Löschvermerk;;ZB Leiterplatte MV6 Rueckwandplatte;EU;SP5
1910207778;P1E=EU Löschvermerk;;ZB Leiterplatte MT Türmodul;EU;SP5
1910208887;;;Drehgeber_ 2x2048EnDat ECN413 Konus 10 m;EU;SP5
1910208892;;;Spannungswand. DC/AC 12/230V 600W/1200W;EU;SP5
1910208933;;;Türantrieb F9 IP54 EN 81-20;EU;SP5
1910209097;;;Drehgeber_2048 BISSC 5873 KonusF 10m 2rs;EU;SP5
1910209184;P1E=EU Löschvermerk;;ZB Leiterplatte HSD1;EU;SP5
1910209199;;;Drehgeber_ Konuswelle 2x2048EnDat_ECN413;EU;SP5
1910210660;TEPPER:8850820238;;Türlaufrolle 53mm M6*16 (ext D60 mm);Z0;SP1
1910364398;61640009491;P1E=EU Löschvermerk;Knieleiste SW starr ET15 aq=1000;EU;SP5
1910364494;;;Bremskontrollschalter Synergy;EU;SP5
1910364561;;;ZB Leiterplatte MH4 DZS1;EU;SP5
1910365771;;;ZB Leiterplatte MHC Microcomputer;EU;SP5
1910366367;65100000175;;Verschlussklemme TypCB5 16mm;Z0;SP1
1910366427;5131450;;Codierreiter Combicon;EU;SP5
1910366510;0099752110;;Federleiste 14pol Flachkabel;GE;SP1
1910367074;P1E=EU Löschvermerk;;LS-3 Hauptbaugruppe 230V;EU;SP5
1910369540;;;Set Scheibenbremse SC500L;EU;SP5
1910369593;99500009496-01;;Himatrix- Sicher DO-Rel-Modul F2 DO 8 01;GE;SP4
1910404886;5991390;;Flachbeutel 300x420x0,2;Z0;SP1
1910498004;;;Pesacargas DMC 6 Eingänge;Z0;SP1
1910498493;;;Sensor Lastmessung 630KG;GE;SP1
1910512181;8001413633;P1E=EU Löschvermerk;Drehgeber_2048 BISSC KonusF 3m 2rs;EU;SP5
1910512182;;;Drehgeber_2048 BISSC 5873 KonusF 10m 2rs;EU;SP5
1910561449;8850004187;P1E=EU Löschvermerk;Aufkleber Akku-Wechsel;EU;SP5
1910561452;8850990013;;Einkaufswagen-Chip/Schlüsselanhänger;EU;SP5
1910564216;8850990021;;Kombi-Set Haftnotizen;EU;SP5
1910565052;TEPPER:8850820879;;TÜRBLATTFÜHRUNGSSCHUH NUT 10MM;Z0;SP1
1910565951;TEPPER:8850003915_L;;UNTERE GEGENROLLE EXCENTER D36MM x2;Z0;SP1
1910568480;;;Leiterplatte PBI 48V;Z0;SP1
1910668468;P1E=EU Löschvermerk;;Rollenführung WRG  38MM.;EU;SP5
1910675671;;;Netzteil 24V 60W;Z0;SP1
1910676080;;;RPCM Board;Z0;SP1
1910676081;;;Leiterplatte xCPTB;Z0;SP1
1910676082;;;Leiterplatte BCB;Z0;SP1
1910676108;;;Netzteil 24V 60W EOX;Z0;SP1
1910676112;;;Relais KF310 REL‑IR2 24VDC;Z0;SP1
1910676125;;;Kabelbaum Variador DB15 5 m;Z0;SP1
1910676150;;;Inspektionsschalter BG144L;Z0;SP1
1910676168;;;Netzteil 12V 135W EOX;Z0;SP1
1910676175;;;Sensor Induktiv Limitador;Z0;SP1
1910676797;;;Variador HVI‑44;Z0;SP1
1910676818;;;Kabelbaum LOP WD320 L=4 m;Z0;SP1
1910676821;;;Ethernet Switch 5‑Port KE751;Z0;SP1
1910676887;;;Netzteil 24V 100W 6,25A EOX;Z0;SP1
1910699572;;;Tbl LOP Logo oEt oFahrt Smart MRL001;Z0;SP1
1910699573;;;Mitnehmerschwert links, Tür links;Z0;SP1
1910699574;;;Schütz MG5, 48-130V, neue Ausführung;Z0;SP1
1910699575;;;Techna Schacht/Kabinentürrolle D75 4St;Z0;SP1
1910699576;;;Türsupport gerade;Z0;SP1
1910699577;;;Türverschluss HV72 li TSS72S/ZSS72S;Z0;SP1
1910699578;;;Rohrtürschließer für 600-900er Türen;Z0;SP1
1910699579;;;Tür New York, Türrolle Set=4 '70;Z0;SP1
1910699580;;;EmergencyKeyTool M4, M5, M8, S1D, MAN;Z0;SP1
1910699582;;;Türrolle D70/60 f. Tür Europa 4St;Z0;SP1
1910699583;;;Türrolle D70/60/M8*17,Tür ADR/ADM;Z0;SP1
1910699584;;;Poly-V-belt, STM-PV30-1.73S-PU-42, l=30m;Z0;SP1
1910699585;;;Druckknopf Basiselement, COP, Ruftaster;Z0;SP1
1910699586;;;Führungseinlage SAG5 Gegengew.,Schiene5a;Z0;SP1
1910699587;;;Türrolle D76/70*14.5, Rundrille, M8;Z0;SP1
1910699588;;;085N, Türrolle;Z0;SP1
1910699589;;;Druckknopf MCS Inox matt LR rot;Z0;SP1
1910699590;;;Führungseinlage, Schiene 19;Z0;SP1
1910699591;;;COP Taster Basis F2KKIB Aufzugruf;Z0;SP1
1910699592;;;Türkontakt ZKSP;Z0;SP1
1910699593;;;Liftcomp Türseilrolle 65/57/15x14.5 M6;Z0;SP1
1910699594;;;Führungseinlage Gegengewicht, Schiene 5;Z0;SP1
1910699595;;;Notstromgerät Typ ECU2, Batterie 6V Akku;Z0;SP1
1910699596;;;Führungseinlage (Set=4), Schiene 16;Z0;SP1
1910699597;;;Laufrolle VSL D40/10*15 VU 93;Z0;SP1
1910699598;;;Türrolle D68/60 für ADB/OAK D8 M10*34;Z0;SP1
1910699599;;;Türführung Kunststoff 40x14x14mm;Z0;SP1
1910699600;;;Mikroschalt. BZ5RW822‑A2‑F2 Endsch.;Z0;SP1
1910699601;;;Akku 12V 3.2Ah;Z0;SP1
1910699602;;;Türrolle D65/55/12x15.5 TTK15/TTS15;Z0;SP1
1910699603;;;QKS11, Zahnriemen, 15*1350;Z0;SP1
1910699604;;;Führungseinlage, Schiene 14;Z0;SP1
1910699605;;;Zugfeder Türschließf. T82 1.1x13.2x710;Z0;SP1
1910699606;;;Türführung für Tür ADX1/ADX2;Z0;SP1
1910699607;;;Profilgummi 2500 lang;Z0;SP1
1910699608;;;Platine, RS14;Z0;SP1
1910699609;;;Zwischeneinlage Führ.2100 52/46x70mm 3x;Z0;SP1
1910699610;;;O-Ring 29.5*5.3 - NBR70 für Laufrolle;Z0;SP1
1910699611;;;Rathgeber Türführung L72.5 Nut7;Z0;SP1
1910699612;;;Selcom, Universal-Türseil;Z0;SP1
1910699613;;;Türführung unten, Polyamid 30x20x11,5;Z0;SP1
1910699614;;;Druckknopf MCS Inox poliert LR blau;Z0;SP1
1910699615;;;Rolle D32 , für Hakenriegel;Z0;SP1
1910699616;;;Fingermagnetschalter ÖHF 200VDC NO;Z0;SP1
1910699617;;;Akku F 12V/1,2AH NP1 2 -12;Z0;SP1
1910699618;;;Tasterunterteil Kurzhub 1NO,1NC 24V;Z0;SP1
1910699619;;;Notentriegelschl. L86 B4 montiert;Z0;SP1
1910699620;;;Gummiring für Rolle D44/38 Riegel OSMA;Z0;SP1
1910699621;;;Magnetschalt. BN85‑R‑1824‑1 60VAC/DC;Z0;SP1
1910699622;;;Rolle zu Riegelarm New York;Z0;SP1
1910699623;;;Kalotte D2 CRNI‑Ring x17.1;Z0;SP1
1910699624;;;Gummirolle Schlosshebel D12/21x15;Z0;SP1
1910699625;;;Türkontaktbr. Stiftlänge 27mm Otis 9538;Z0;SP1
1910699626;;;Führungseinlage rot , Schiene 10;Z0;SP1
1910699627;;;Riegelbuchse höhenverstellbar;Z0;SP1
1910699628;;;Eckführung winklig, 4 Zapfen, L=100;Z0;SP1
1910699629;;;Schacht/Kabin Türf. Prima Typ;Z0;SP1
1910699630;;;Türkontakt AZ 061, K08106;Z0;SP1
1910699631;;;Einlage 1 Zapfen, L1=100, B1=22, D=16;Z0;SP1
1910699632;;;MT28M TS1 V2A matt 30V gelb 1 Wechs.;Z0;SP1
1910699633;;;Leuchtstofflampe L(nur Röhre)=135, 4W;Z0;SP1
1910699634;;;Kabinentür seitl. öffn. TB900‑1050;Z0;SP1
1910699635;;;Einlage für MO6261D, abgebildet, Sch9;Z0;SP1
1910699636;;;Türsupport, gekröpft 23 mm;Z0;SP1
1910699637;;;Gegenrolle Tür AMD / ADV;Z0;SP1
1910699638;;;Varidor 10, Zahnriemen, GT3 L=1270 12mm;Z0;SP1
1910699639;;;Führungeinlage gedämpft BFK10 Schiene10;Z0;SP1
1910699640;;;Schienenöler Schiene 5–20mm Typ AK10;Z0;SP1
1910699641;;;Schiebetürf. Nut12 Set 2 Stk;Z0;SP1
1910699642;;;Führungseinlage rot, Schiene 6;Z0;SP1
1910699643;;;P31K, Rückhaltegehäuse;Z0;SP1
1910699644;;;Verriegelungsrolle O‑Ring PA6 TTS5;Z0;SP1
1910699645;;;Anschlagpuffer Tür Europa;Z0;SP1
1910699646;;;Führungseinlage gedämpft BFK Schiene10;Z0;SP1
1910699647;;;Akku 12V 2.3AH;Z0;SP1
1910699648;;;Brücke Türkontakt ZKSP vorn Eingriff;Z0;SP1
1910699649;;;Monitor, VF92, verstärkte Türrolle M8;Z0;SP1
1910699650;;;Türführung für Tür LM (Set = 2 Stück);Z0;SP1
1910699651;;;Einlage 1 Zapfen, L1=140, B1=25, D=16;Z0;SP1
1910699652;;;Schalterträger Typ D;Z0;SP1
1910699653;;;Muffe D4;Z0;SP1
1910699654;;;Rolle D30/M10x12(40) Exzenter Sematic;Z0;SP1
1910699655;;;Türkontakt mit brücke SEL1-A1ZP0;Z0;SP1
1910699656;;;Klemmstück für Zahnriemen AT. Antriebe;Z0;SP1
1910699657;;;Türblattaufhängebolzen M10;Z0;SP1
1910699658;;;O-Ring Set zu GBP (Set=2);Z0;SP1
1910699659;;;Steckbirne f. NAO 24V LED 40mA 1.1W;Z0;SP1
1910699660;;;Führungseinlage, 4-Loch, Schiene 16;Z0;SP1
1910699661;;;Türkontakt PZ73D/B, Brücke 18;Z0;SP1
1910699662;;;Anschlag für Türverriegelung;Z0;SP1
1910699663;;;Bunse, Fahrkorbführung, Schiene 5;Z0;SP1
1910699664;;;Türführung unten, Polyamid, ohne Bolzen;Z0;SP1
1910699666;;;Puffer für Prima-Tür;Z0;SP1
8000707822;;;BESCHICHTUNG;Z0;SP1
8000767693;;;Türantrieb DM180 F9 IP54;GE;SP1
8000782378;;;WD560 TX TÜRKANTENSCHUT-VERLÄNGER L=X;Z0;SP1
8000786638;;;BG132.1/BG132.2 KONT.ROLLENGÜRTEL;Z0;SP1
8000801463;;;Kabelbaum Zumbador PBX 3 m;Z0;SP1
8000830781;;;10 IN ANZEIGE + XPU-KARTE;Z0;SP4
8000842209;;;US RIELLO UPS SDU 6000;Z0;SP1
8000858285;;;US RIELLO UPS SDU 4000;GE;SP1
8000862769;;;Netzteil 48V 480W EOX;Z0;SP1
8000865910;;;FLEXIBLER GUMMI-MAGNET 140X20X6;Z0;SP1
8000865965;;;Netzteil 24V 150W;Z0;SP1
8000874070;;;Kit Kabelbäume EOX;Z0;SP1
8000881730;;;Leiterplatte CPTB;Z0;SP1
8000886757;62440000234;;Treibscheibe SC500L D640 z x d;Z0;SP1
8000898349;;;Set Elektronik PAM;Z0;SP1
8000898359;;;Bremswiderstand 14Ω 8000W;Z0;SP1
8000898360;;;Bremswiderstand 21Ω 6000W;Z0;SP1
8000976134;;;Leiterplatte P4S;Z0;SP1
8001274192;;;Regelgerät DMIC-II-C F9;GE;SP1
8001282100;;;Lastsensor Zylindrisch 1000 kg;Z0;SP1
8001332266;3218000021;;ZB Motor DTE/L180S/M;Z0;SP4
8001332267;65310009235;;Motor DTE180S003 27,5 325 00;Z0;SP3
8001346134;65310009274;;ZB Motor EMOD W332C;Z0;SP4
8001355230;;;Leiterplatte CPTB+xCPTB;Z0;SP1
8001413612;99000011475;;Pendelrollenlager 24020-2RS5W-C3GEN;GE;SP1
8001413624;99000011589;;Rillenkugellager SKF 6216.C3-2RSGEN;GE;SP1
8001442586;;;Geblaese EBM VHS0140X2MGZ mit Filter;GE;SP1
8001524073;6244 000 0462;;Treibscheibe SC500/D560 bearbeitet;GE;SP4
8001535067;P1E=EU Löschvermerk;;MCi200 Applikation Modul SW TIS2 CTxx;ES;SP5
8001535068;P1E=EU Löschvermerk;;ZB Leitung W806 CAN E300 IBI 900mm;ES;SP5
8001535069;P1E=EU Löschvermerk;;AY Cable W806 CAN E300 IBI 1200mm;ES;SP5
8001581899;;;Beutel kabelbäume retrofit-kit DES;Z0;SP4
8001332316;6232001980;;BT Maschine auf Rahmen/Stuetzen TW63;GE;SP1
1910165630;;1050994502 Nr. SBC Spain!;KIT EUROKEY STD COP ON MIT ZURÜCKKEHREN;GE;SP1
1000265959;;;"Wartungsabsperrung ""wir halten Ihre A..""";GE;SP1
1000265969;;;"Wartungsabsperrung ""Ihre Sicherheit ....""";GE;SP1
8000921036;99000011936;;Scheibenbremse TW45C RSZ125 2x50Nm o.HL;Z0;SP1
P1E Nummer [KEY];Material Status [OK];Disponent [OK];(Hinweis) Ohne Header liest der Button Spalte 5=Status und Spalte 6=Disponent (fehlend => ignoriert);;
1000229106;;;VERRIEGELUNGSROLLE FÜR TÜR LD10;Z0;SP1
1000261159;;;SPANNSEILE COMPACT 126;Z0;SP1
1000264336;;;NETZKABEL EIT-CB 2,5 Meter;Z0;SP1
1000266741;99500004405;;IC DIG SMD Controller ST10R167 PQFP144;;SP6
1000266742;0099889140;;IC DIG SMD Prozessor 80C592;;SP6
1000266743;0099883150;;IC DIG SMD Prozessor TMS 320F240 PQ;;SP6
1000266888;6251 000 0561;;Treibscheibe PMC125S0 Rohteil;Z0;SP1
1000266889;6251 000 0069;;Treibscheibe BG02C D240 Rohteil;Z0;SP1
1000266890;6145 000 9208;;Bremshebel DAB530 D65x27 Rohteil;Z0;SP1
1000266891;6254 000 0004;;Treibscheibe D320 PMC170 Rohteil;Z0;SP1
1000266892;4004246;;Treibscheibe D450x150;Z0;SP1
1000266893;6251 000 0002;;Treibscheibe wwMRL BG-01 Rohteil;Z0;SP1
1000266894;4006736;;Treibscheibe D590x150;Z0;SP1
1000266895;4006406;;Treibscheibe D640x150;Z0;SP1
1000266896;;;Treibscheibe PMC145 L D240 Rohteil;Z0;SP1
1910049026;;;SKATE R D11;Z0;SP1
1910067606;;;Rolle mit Gewindebolzen QKS 9;Z0;SP1
1910092456;;;MOTOR ENCODER KARTE CD10;Z0;SP1
1910092457;;;ZAHNRAD-MOTORANTRIEB VF7;Z0;SP1
1910092467;;;KABELKONJUGATIONSWALZE D47 CD10 / LD10;Z0;SP1
1910160609;;;"TASTER DB2 INOX „TÜREN SCHLIESSEN""";Z0;SP1
1910160617;;;"TASTER DB02 INOX STANDARD ""3""";Z0;SP1
1910160619;;;"TASTER DB02 INOX STANDARD ""5""";Z0;SP1
1910160621;;;"TASTER DB2 INOX ""7""";Z0;SP1
1910163625;;;LED-Feld-Baugruppe (450 x 450);Z0;SP1
1910163651;;;Sockelleistenklammern;Z0;SP1
1910165200;;;STEUERUNGS-BAUGRUPPE IM PFOSTEN;GE;SP4
1910305398;;;Türschloss HV 72 Tür rechts TSS72S;Z0;SP1
1910366487;0776000378;;Erdungsband 25qmm 150LG;Z0;SP1
1910496583;;;SCHILD „SMALE PIT“ – LIE DOWN TO PROTECT;Z0;SP1
1910496608;;;WARNSCHILD GEFAHR GEGENGEWICHT;Z0;SP1
1910496673;;;HINWEISSCHILD ÜBERKOPFVERGLASUNG BOHRUNG;Z0;SP1
1910496781;;;TÜR-SCHLIEßFEDER;Z0;SP1
1910497320;;;RAD-KONZENTRIERACHSE PRF-62 D48 MM;Z0;SP1
1910497935;;;PRÄSENZKONTAKT ASTRA CT‑2014;Z0;SP1
1910498550;;;SCHWIMMERSCHALTER CMC-4+ 81:20/50;Z0;SP1
1910499019;;;PRÜFHAKEN 2500 KG;Z0;SP1
1910499020;;;PRÜFHAKEN 3000 KG;Z0;SP1
1910499022;;;PRÜFHAKEN 5000 KG;Z0;SP1
1910564582;;;USV IDG1600 (1600VA) 20/50;Z0;SP1
1910564703;;;SCHLÜSSEL FÜR SCHRANK MRL CH-751;Z0;SP1
1910565848;;;DE-INTERLO. LINKE DREIECKSVERRIEGELUNG;Z0;SP1
1910565849;;;RECHTE ENTRIEGELUNG 20.30.03;Z0;SP1
1910567281;;;"TASTER DB2 ""B""";Z0;SP1
1910567285;;;TASTER DB2 LÜFTER;Z0;SP1
1910567344;;;TRÄGERPLATTE LEITERPLATTE UUCP UPEX;Z0;SP1
1910573122;65200000071;;ZB TSD56V-Box;GE;SP1
1910676956;;;TASTERANSCHLUSSKABEL IMC CMC‑4+ 500MM;Z0;SP1
8000865045;;;Ankerschild für Absturzsicherungssystem;Z0;SP1
8001248701;;;ZB Bremsleitung PMB220XL;GE;SP4
8001414684;4006526;;Seilrolle D360x129 Rohteil;;SP1
8001447092;;;Geschw .- begrenzer 2,5 m/s OL35M LH GEG;Z0;SP1
8001490038;62460001341;;Treibscheibe D440 SC300M Rohteil;Z0;SP1
8001542513;;;MF FV LSG06A Dry 2-3 m/s 3400-3600 KG;Z0;SP1
8001542514;;;MF FV LSG06A Dry 2-3 m/s 3600-3800 KG;Z0;SP1
8001542515;;;MF FV LSG06A Dry 2-3 m/s 3800-4000 KG;Z0;SP1
1000075922;unbekannt;;Sales Commission;Z0;
1000220641;unbekannt;;SWITCHING POWER SUPPLY NDR-480-24;EU;SP5
1000237043;unbekannt;;MODULE INVERTER FERMATOR VVVF7;Z0;SP1
1910054646;8850003412;;DOOR ROLLER QKS8 STRAIGH (CAR & LANDING;EU;SP5
1910054652;8850003400;;AXIS + SPACER FOR 3107060;EU;SP5
1910092462;unbekannt;;SABER DOOR CD10 L;Z0;SP1
1910160635;unbekannt;;"PUSH-BUTTON BST BAMSC037 ""6""";Z0;SP1
1910320847;unbekannt;;PRESENCE CONTACT;Z0;
1910356901;unbekannt;;FRAME KEYRING EUROKEY ANTIVADALIC;Z0;SP1
1910495759;unbekannt;;SLIDE SHOE MÓVIL ASYMMETRICAL ENCLAVLEFT;Z0;SP1
1910495760;unbekannt;;SLIDE SHOE MÓVIL ASYMMETRICAL ENCLAV RIG;Z0;SP1
1910495768;unbekannt;;SLIDE SHOE MÓVIL ASYMMETRICAL PREMIUM EN;Z0;SP1
1910495769;unbekannt;;SLIDE SHOE MÓVIL ASYMMETRICAL PREMIUM EN;Z0;SP1
1910495770;unbekannt;;ASYMMETRIC SHOE PREMIUM ENCLAV LH C4;Z0;SP1
1910495771;unbekannt;;SLIDE SHOE MÓVIL SYMMETRICAL PREMIUM ENC;Z0;SP1
1910495772;unbekannt;;SLIDE SHOE MÓVIL SYMMETRICAL PREMIUM ENC;Z0;SP1
1910495793;unbekannt;;RETRACTABLE WEDGE FERMATOR 40.10.00;Z0;SP1
1910495794;unbekannt;;RETIRING CAM FERMATOR VF;Z0;SP1
1910495819;unbekannt;;STANDARD CLUTCH ASSEMBLY 40/10 LH;Z0;SP1
1910495820;unbekannt;;STANDARD CLUTCH ASSEMBLY 40/10 RH;Z0;SP1
1910495821;unbekannt;;STANDARD CLUTCH ASSEMBLY FERMATOR LH;Z0;SP1
1910495822;unbekannt;;STANDARD CLUTCH ASSEMBLY FERMATOR RH;Z0;SP1
1910495825;unbekannt;;CLUTCH ASSEMBLY COMPACT R3 LEFT HAND;Z0;SP1
1910495826;unbekannt;;COMPACT CLUTCH ASSEMBLY R3 RIGHT;Z0;SP1
1910495827;unbekannt;;CAM ACTIVATION MICROSWITCH 10.40.10;Z0;SP1
1910495831;unbekannt;;INVERTED RETIRING CAM FOR SEMI-AUT. DOOR;Z0;SP1
1910495833;unbekannt;;RETRACTABLE CAM SIDE BUS;Z0;SP1
1910496776;unbekannt;;SAFETY SPRING SUPPORT;Z0;SP1
1910496806;unbekannt;;REOPENING SPRING 10.60.05;Z0;SP1
1910497266;unbekannt;;WHEEL CABLE FERMATOR 10.70.07 de 42 mm.;Z0;SP1
1910497267;unbekannt;;SYNCHRONIZATION CABLE WHEEL 47MM;Z0;SP1
1910497268;unbekannt;;SYNCHRONIZATION CABLE WHEEL 50MM;Z0;SP1
1910497269;unbekannt;;WHEEL CABLE FERMATOR 10.70.07 de 60 mm.;Z0;SP1
1910497278;unbekannt;;ECCENTRIC SHAFT WHEEL DIAM.48MM (H=28MM);Z0;SP1
1910497279;unbekannt;;ECCENTRIC SHAFT WHEEL DIAM 48MM (H=33MM);Z0;SP1
1910497310;unbekannt;;BUS OPERATOR ARM ASSEMBLY (PL:650 E:700);Z0;SP1
1910497313;unbekannt;;CARRIAGE WHEEL PREMIUM T2 66MM;Z0;SP1
1910497316;unbekannt;;CONCENTRIC SHAFT WHEEL DIAMETER 56MM;Z0;SP1
1910497317;unbekannt;;CARRIAGE WHEEL W/ECC AXLE 30MM 107023;Z0;SP1
1910497318;unbekannt;;CARRIAGE WHEEL COUNTER ROLLER PREMIUM;Z0;SP1
1910497319;unbekannt;;CONCENTRIC CARRIAGE WHEEL 57.4mm DIAM.;Z0;SP1
1910497327;unbekannt;;ECCENTRIC AXLE WHEEL DIAMETER 54MM;Z0;SP1
1910497328;unbekannt;;WHEEL PLATE SLIM 50/11;Z0;SP1
1910497332;unbekannt;;LOCK WHEEL WITH AXLE 20.10.03;Z0;SP1
1910497335;unbekannt;;INTERLOCKING LEVER WHEEL 31MM 20.80.03;Z0;SP1
1910497337;unbekannt;;MOTOR PULLEY DIAMETER 48MM 10.21.02;Z0;SP1
1910497338;unbekannt;;MOTOR WHEEL FERMATOR DIAMETER 58MM;Z0;SP1
1910497339;unbekannt;;MOTOR PULLEY DIAMETER 35MM;Z0;SP1
1910497340;unbekannt;;MOTOR PULLEY DIAMETER 43MM;EU;SP5
1910497341;unbekannt;;WHEEL MOTOR FERMATOR;Z0;SP1
1910497351;unbekannt;;SYNCHRONIZATION CABLE WHEEL 64MM;Z0;SP1
1910497361;unbekannt;;IDLER PULLEY COMPACT PM R3;Z0;SP1
1910497529;unbekannt;;PHOTOCELL FERMATOR VVVF CAR STANDARD;Z0;SP1
1910497833;unbekannt;;CAPACITOR TELESC. DOOR 7-8 MICROFARADS;Z0;SP1
1910497834;unbekannt;;CAPACITOR    6uF 450V;Z0;SP1
1910497880;unbekannt;;ELECTRICAL INTERLOCKING CONTACT 50MM;Z0;SP1
1910497902;unbekannt;;ELECT. INTERLOCK. CONT. 2010-05 FERMATOR;Z0;SP1
1910497903;unbekannt;;CONTACT FERMATOR TSD RH;Z0;SP1
1910498183;unbekannt;;MICRO REOPENING 1050-22 FERMATOR;Z0;SP1
1910498459;unbekannt;;REOPENING AND END STOP MICROSWITCH;Z0;SP1
1910498654;unbekannt;;CONTACT LOCK UNLOCKING T2 LEFT;Z0;SP1
1910498752;unbekannt;;SUPPORT-BUSHING GUIDE;Z0;SP1
1910499322;unbekannt;;LIGHT CURTAIN MEMCO PANA40 PLUS;Z0;
1910499323;unbekannt;;LIGHT CURTAIN MEMCO PANA40 PLUS 3D;Z0;
1910564508;unbekannt;;FERMATOR ELECTRICAL CONTACT;Z0;SP1
1910564509;unbekannt;;ELECTRICAL CONTACT HALL COMPACT;Z0;SP1
1910564589;unbekannt;;PANEL SYNCHRONIZATION CABLE L = 2580 MM;Z0;SP1
1910565210;unbekannt;;FREQ INVERTER MODULE FERMATOR DC+ CAN;Z0;SP1
1910565211;unbekannt;;FREQUENCY INVERTER MODULE VF5+ FERMATOR;Z0;SP1
1910565212;unbekannt;;FREQUENCY INVERTER MODULE VF7 CAN;Z0;SP1
1910565346;unbekannt;;MOTOR OPERATOR R3 HTD 5M;Z0;SP1
1910565349;unbekannt;;VVVF ENCODER CABLE;Z0;SP1
1910565350;unbekannt;;ENCODER MOTOR VVVF 90.11.06;Z0;SP1
1910565456;unbekannt;;LOCK EVOLUTION FRONT;Z0;SP1
1910565457;unbekannt;;LOCK EVOLUTION SIDE;Z0;SP1
1910565515;unbekannt;;FREQUENCY INVERTER MODULE 230V ECC;Z0;SP1
1910565516;unbekannt;;FREQ INV MODULE ECC+230V EN 81-20/50;Z0;SP1
1910565518;unbekannt;;MOTOR  90 D. 50.10.01 THREE PHASE FERMAT;Z0;SP1
1910565522;unbekannt;;MOTOR MODEL 125 (ANCHOR W/SILENBLOCK);Z0;SP1
1910565523;unbekannt;;380V AC 3-PHASE MOTOR 50Hz (240/415V);Z0;SP1
1910565524;unbekannt;;VVVF 125/40 220V 900rpm motor;Z0;SP1
1910565535;unbekannt;;SYNCHRONOUS MOTOR 106VAC PM;Z0;SP1
1910565536;unbekannt;;MOTOR ECC 24VDC WITH BRUSHES;Z0;SP1
1910565537;unbekannt;;MOTOR ECC+24VDC ASYNCHRONOUS W/O ENCODER;Z0;SP1
1910565591;unbekannt;;CONTACT LOCK UNLOCKING T2 RIGHT;Z0;SP1
1910565592;unbekannt;;MIRILLA FERMATOR;Z0;SP1
1910565593;unbekannt;;CENTRAL TELESC. OPER. ARM ASSY 4 PANELS;Z0;SP1
1910565597;unbekannt;;BUS OPERATOR ARM ASSY (PL:700 & E:750);Z0;SP1
1910565598;unbekannt;;BUS OPERATOR ARM ASSY (PL: 800 Y E: 850);Z0;SP1
1910565675;unbekannt;;ELECTRONIC MODULE C2T (FERMATOR);Z0;SP1
1910565687;unbekannt;;VVVF MOTOR SPROCKET;Z0;SP1
1910565691;unbekannt;;CENTRAL PULLEY CPO.40PCC0000;Z0;SP1
1910565695;unbekannt;;INTERMEDIATE PULLEY CPO.4MAAC0000;Z0;SP1
1910565700;unbekannt;;TOOTHED REDUCTION PULLEY W/KEY 50.20.05;Z0;SP1
1910565701;unbekannt;;CIRCULAR GROOVE REDUCTION PULLEY;Z0;SP1
1910565702;unbekannt;;TRAPEZ. GROOVE REDUCTION PULLEY 50.20.12;EU;SP5
1910565704;unbekannt;;TOOTHED REDUCTION PULLEY 50.20.04;EU;SP5
1910565712;unbekannt;;BALL FITTING FERMATOR;Z0;SP1
1910565718;unbekannt;;SET ARM  ACC. FERMATOR 301000;Z0;SP1
1910565722;unbekannt;;SHEET METAL PULL SHOE REF: 10.70.17;Z0;SP1
1910565780;unbekannt;;CABLE REOPENING MICROSWITCH BUS;Z0;SP1
1910565787;unbekannt;;PULL TRIGGER;Z0;SP1
1910565789;unbekannt;;FIXED CAM FOR SEMI-AUTOMATIC DOORS;Z0;SP1
1910565795;unbekannt;;NYLON HINGE PACK 4 PCS;Z0;SP1
1910565803;unbekannt;;PANEL GUIDE COMPACT/PREMIUM CAR;Z0;SP1
1910565804;unbekannt;;PANEL GUIDE FERMATOR 16MM RAIL;Z0;SP1
1910565805;unbekannt;;PANEL GUIDE FERMATOR RAIL 8MM T2H-C4H;Z0;SP1
1910565806;unbekannt;;PANEL GUIDE FERMATOR RAIL 16MM T3;Z0;SP1
1910565807;unbekannt;;PANEL GUIDE FERMATOR RAIL 16MM C4H;Z0;SP1
1910565808;unbekannt;;PANEL GUIDE HALL COMPACT;Z0;SP1
1910565839;unbekannt;;SEMI-AUTOMATIC DOOR HANDLE 300 x 75;Z0;SP1
1910565843;unbekannt;;RUBBER STOP M6 30MM;Z0;SP1
1910565844;unbekannt;;ADJUSTABLE RUBBER STOP M8 (10.50-12);Z0;SP1
1910565852;unbekannt;;CAR PANEL GUIDE COMPACT R3 (2 PCS);Z0;SP1
1910565889;unbekannt;;RUBBER END STOP CAR PANEL COMPACT R3;Z0;SP1
1910565890;unbekannt;;RUBBER STOP M6 25MM;Z0;SP1
1910565891;unbekannt;;RUBBER STOP M6 35MM;Z0;SP1
1910565894;unbekannt;;WHEEL PLATE LEFT;Z0;SP1
1910565895;unbekannt;;WHEEL PLATE PREMIUM LEFT;GE;SP1
1910565896;unbekannt;;WHEEL PLATE PREMIUM RIGHT;GE;SP1
1910565899;unbekannt;;WHEEL PLATE RIGHT 50/11;GE;SP1
1910565900;unbekannt;;WHEEL PLATE LEFT TECNOLAM;Z0;SP1
1910565901;unbekannt;;WHEEL PLATE RIGHT TECNOLAM;Z0;SP1
1910565903;unbekannt;;CABLE FERMATOR L= 710 MM,;Z0;SP1
1910565904;unbekannt;;CABLE FERMATOR L= 760 MM.;Z0;SP1
1910565905;unbekannt;;CABLE FERMATOR L= 810 MM.;Z0;SP1
1910565906;unbekannt;;CABLE FERMATOR L= 960 MM.;Z0;SP1
1910565907;unbekannt;;CABLE FERMATOR L=1010 MM.;Z0;SP1
1910565908;unbekannt;;CABLE FERMATOR L=1180 MM. 10.70.06;Z0;SP1
1910565909;unbekannt;;CABLE FERMATOR L=1280 MM.;Z0;SP1
1910565910;unbekannt;;CABLE FERMATOR L=1480 MM.;Z0;SP1
1910565911;unbekannt;;CABLE FERMATOR L=2180 MM.;Z0;SP1
1910565912;unbekannt;;CABLE FERMATOR L=2480 MM.;Z0;SP1
1910565913;unbekannt;;SPRING CABLE DOOR CLOSE 20.70.01;Z0;SP1
1910565931;unbekannt;;PULL TRIGGER 40/10 PM SLIM;Z0;SP1
1910565934;unbekannt;;CLUTCH ASSEMBLY WITHOUT AXLE ECC;Z0;SP1
1910565966;unbekannt;;WHEEL CONCENTRIC AXLE DIAMETER 56MM;Z0;SP1
1910565974;unbekannt;;WHEEL-HOLDER WHEEL PREMIUM;Z0;SP1
1910565978;unbekannt;;WHEEL PLATE COMPACT R3 LEFT;Z0;SP1
1910565979;unbekannt;;WHEEL PLATE COMPACT R3 RIGHT;Z0;SP1
1910565980;unbekannt;;D45 TIMING WHEEL ASSEMBLY (2 PC KIT);Z0;SP1
1910565991;unbekannt;;ALUMINUM ROPE SOCKET ASSEMBLY 90.18.00;Z0;SP1
1910566815;unbekannt;;POWER CABLE 1.5M EIT-CB;Z0;SP1
1910566816;unbekannt;;CONNECTOR CABLE VF5+ MOTOR;Z0;SP1
1910567601;unbekannt;;BELT  FERMATOR 6X735 REF. 502011;Z0;SP1
1910567602;unbekannt;;BELT  FERMATOR MONO.10.21.03 8X5X930;Z0;SP1
1910567625;unbekannt;;TOOTHED BELT HTD-5M PL800;Z0;SP1
1910567633;unbekannt;;ELASTIC BELT  L-650 5020-01 FERMATOR;Z0;SP1
1910567634;unbekannt;;ELASTIC BELT L-870 1020-03 FERMATOR;Z0;SP1
1910567637;unbekannt;;ROLL 10 M TOOTHED BELT HTD LL-5M HP 1;Z0;SP1
1910567644;unbekannt;;TOOTHED BELT 450 L050;Z0;SP1
1910567671;unbekannt;;BELT  Fermator 50,10,14 6x5x850;Z0;SP1
1910675644;unbekannt;;"DOT BUTTON STANDARD  ""OH"" DB2";Z0;SP1
1910675645;unbekannt;;"DOT BUTTON STANDARD ""OB"" DB2";Z0;SP1
1910675655;unbekannt;;FINE TIP PROBE EOX MULTIMETER;Z0;SP1
1910675689;unbekannt;;*EIT HARNESS FOR CPTB;Z0;SP1
1910675708;unbekannt;;EOX INPUT BOX;Z0;SP1
1910676102;unbekannt;;TELESCOPIC ROD EOX MOUNTING;Z0;SP1
1910676114;unbekannt;;ADDITIONAL TOOL EOX;Z0;SP1
1910676151;unbekannt;;AY MOUNT F/LOAD TEST STRESS HOOK 1500KG;EU;SP5
1910676159;unbekannt;;CAR DOOR LOCK LH KDL-60DMCI300;Z0;SP1
1910676160;unbekannt;;RENEW CAR SHOE 120X70X34;Z0;SP1
1910676161;unbekannt;;BUFFER 300400R4-D 80X80;Z0;SP1
1910676162;unbekannt;;EOX RENEW COUNTERWEIGHT SHOE ASSEMBLY;Z0;SP1
1910676163;unbekannt;;ROLLER 100X30 0KRE0100VE 2x.6004-2RS;Z0;SP1
1910676165;unbekannt;;CAMERA CAR EOX IMX291;Z0;SP1
1910676169;unbekannt;;POWER SUPPLY 48V 153W 3,2A EOX;Z0;SP1
1910676179;unbekannt;;MOUNTING BRACKET FOR BSO EOX;Z0;SP1
1910676180;unbekannt;;GUIDE RAIL JOINT GAUGE EOX;Z0;SP1
1910676181;unbekannt;;CAR EXTENSIBLE SUPPORT EOX 490-850;Z0;SP1
1910676182;unbekannt;;RAIL HOIST T89/TK5 EOX;Z0;SP1
1910676183;unbekannt;;EOX SAFETY STEP PLATE;Z0;SP1
1910676184;unbekannt;;CABLE GRIP FOR WIRE ROPES EOX;Z0;SP1
1910676185;unbekannt;;LASER-PLUMB TOOL WITH WALL CONNECTORS;Z0;SP1
1910676186;unbekannt;;EOX LARGE TARGET;Z0;SP1
1910676187;unbekannt;;EOX TARGET;Z0;SP1
1910676188;unbekannt;;EXTENSIBLE JACK EOX;Z0;SP1
1910676189;unbekannt;;GUIDE RAIL ALIGNER EOX;Z0;SP1
1910676190;unbekannt;;MOORING PLATE TIRAK EOX;Z0;SP1
1910676191;unbekannt;;SAFETY ROPE 8MM 3,5 METRES;Z0;SP1
1910676192;unbekannt;;LANDING DOOR TOOL EOX;Z0;SP1
1910676196;unbekannt;;ASSEMBLY SUPPORT LED EOX;Z0;SP1
1910676771;unbekannt;;START MODULE FOR FEMALE CONNECTOR XD01.F;Z0;SP1
1910676772;unbekannt;;CENTER MODULE F/ FEMALE CONNECTOR XD01.F;Z0;SP1
1910676773;unbekannt;;END MODULE FOR FEMALE CONNECTOR XD01.F;Z0;SP1
1910676775;unbekannt;;TRANSFORMER 220V/400V 10KVA EOX;Z0;SP1
1910676792;unbekannt;;EOX SWIVEL HOOK MOUNTING;Z0;SP1
1910676794;unbekannt;;SAFETY ROPE 8MM 2,5 METRES;Z0;SP1
1910676798;unbekannt;;DOT DB2 STANDARD ARROW BUTTON EOX;Z0;SP1
1910676827;unbekannt;;8000702208 HOISTED SIGN;Z0;SP1
1910676828;unbekannt;;8000702209 HOISTED SIGN UNIVERSAL FUSS;Z0;SP1
1910676891;unbekannt;;"BUTTON BAS 231 ""5"" VANDAL-RESISTANT";Z0;SP1
1910676893;unbekannt;;"BUTTON BAS 231 ""7"" VANDAL-RESISTANT";Z0;SP1
1910676894;unbekannt;;"BUTTON BAS 231 ""8"" VANDAL-RESISTANT";Z0;SP1
1910676895;unbekannt;;"BUTTON BAS 231 ""9"" VANDAL-RESISTANT";Z0;SP1
1910676896;unbekannt;;"BUTTON BAS 231 ""10"" VANDAL-RESISTANT";Z0;SP1
1910676902;unbekannt;;EXTERNAL 4G ANTENNA MAXI;Z0;SP1
1910676927;unbekannt;;CIRCUIT BREAKER NB1-4-16C;Z0;SP1
1910676928;unbekannt;;CIRCUIT BREAKER NB1-4-20C;Z0;SP1
1910676929;unbekannt;;CIRCUIT BREAKER NB1-4-25C;Z0;SP1
1910676930;unbekannt;;CIRCUIT BREAKER NB1-4-32C;Z0;SP1
1910676931;unbekannt;;CIRCUIT BREAKER NB1-4-40C;Z0;SP1
1910676979;unbekannt;;FERMATOR SUNS EDC-92L CONTACT;Z0;SP1
1910676989;unbekannt;;TOOL GUIDES T90/T82 EOX;Z0;SP1
1910676990;unbekannt;;HOISTING MOTOR BEDPLATE;Z0;SP1
1910676992;unbekannt;;BUTTON DOT DOUBLE ARROW DB2 MICROMATCH;Z0;SP1
8000866219;unbekannt;;AY GBTK 6024-260M;GE;SP2
8000866220;unbekannt;;AY GBTK 6024-300M;GE;SP2
